LOJA;ITEM ;Rede;STATUS 
10 - SUPERMERCADO BAHAMAS VICOSA.;BOBINA 20X30;BAHAMAS;ATIVO 
10 - SUPERMERCADO BAHAMAS VICOSA.;BOBINA 25X35;BAHAMAS;ATIVO 
10 - SUPERMERCADO BAHAMAS VICOSA.;BOBINA 30X40;BAHAMAS;ATIVO 
10 - SUPERMERCADO BAHAMAS VICOSA.;BRAMIL LIXO 100L;BAHAMAS;ATIVO 
10 - SUPERMERCADO BAHAMAS VICOSA.;BRAMIL LIXO 100L REF ;BAHAMAS;ATIVO 
10 - SUPERMERCADO BAHAMAS VICOSA.;BRAMIL LIXO 15L;BAHAMAS;ATIVO 
10 - SUPERMERCADO BAHAMAS VICOSA.;BRAMIL LIXO 200L REF ;BAHAMAS;ATIVO 
10 - SUPERMERCADO BAHAMAS VICOSA.;BRAMIL LIXO 30L;BAHAMAS;ATIVO 
10 - SUPERMERCADO BAHAMAS VICOSA.;BRAMIL LIXO 50L ;BAHAMAS;ATIVO 
10 - SUPERMERCADO BAHAMAS VICOSA.;ECONOMICO 100L;BAHAMAS;ATIVO 
10 - SUPERMERCADO BAHAMAS VICOSA.;ECONOMICO 100L ;BAHAMAS;ATIVO 
10 - SUPERMERCADO BAHAMAS VICOSA.;ECONOMICO 15L;BAHAMAS;ATIVO 
10 - SUPERMERCADO BAHAMAS VICOSA.;ECONOMICO 30L;BAHAMAS;ATIVO 
10 - SUPERMERCADO BAHAMAS VICOSA.;ECONOMICO 50L;BAHAMAS;ATIVO 
10 - SUPERMERCADO BAHAMAS VICOSA.;HIPERROLL 100L;BAHAMAS;ATIVO 
10 - SUPERMERCADO BAHAMAS VICOSA.;HIPERROLL 15L;BAHAMAS;ATIVO 
10 - SUPERMERCADO BAHAMAS VICOSA.;HIPERROLL 30L;BAHAMAS;ATIVO 
10 - SUPERMERCADO BAHAMAS VICOSA.;HIPERROLL 50L;BAHAMAS;ATIVO 
10 - SUPERMERCADO BAHAMAS VICOSA.;REFORCADO 100L;BAHAMAS;ATIVO 
10 - SUPERMERCADO BAHAMAS VICOSA.;REFORCADO 200L;BAHAMAS;ATIVO 
10 - SUPERMERCADO BAHAMAS VICOSA.;SACOLA 29X39;BAHAMAS;ATIVO 
10 - SUPERMERCADO BAHAMAS VICOSA.;SACOLA 29X39 ;BAHAMAS;ATIVO 
10 - SUPERMERCADO BAHAMAS VICOSA.;SACOLA 38X48;BAHAMAS;ATIVO 
10 - SUPERMERCADO BAHAMAS VICOSA.;SACOLA 38X48 ;BAHAMAS;ATIVO 
10 - SUPERMERCADO BAHAMAS VICOSA.;SACOLA VERDE 38X50;BAHAMAS;ATIVO 
10 - SUPERMERCADO BAHAMAS VICOSA.;SACOLA VERDE 40X50;BAHAMAS;ATIVO 
11 - SUPERMERCADO BAHAMAS PONTE NOVA.;BOBINA 20X30;BAHAMAS;ATIVO 
11 - SUPERMERCADO BAHAMAS PONTE NOVA.;BOBINA 25X35;BAHAMAS;ATIVO 
11 - SUPERMERCADO BAHAMAS PONTE NOVA.;BOBINA 30X40;BAHAMAS;ATIVO 
11 - SUPERMERCADO BAHAMAS PONTE NOVA.;BRAMIL LIXO 100L;BAHAMAS;ATIVO 
11 - SUPERMERCADO BAHAMAS PONTE NOVA.;BRAMIL LIXO 100L REF ;BAHAMAS;ATIVO 
11 - SUPERMERCADO BAHAMAS PONTE NOVA.;BRAMIL LIXO 15L;BAHAMAS;ATIVO 
11 - SUPERMERCADO BAHAMAS PONTE NOVA.;BRAMIL LIXO 200L REF ;BAHAMAS;ATIVO 
11 - SUPERMERCADO BAHAMAS PONTE NOVA.;BRAMIL LIXO 30L;BAHAMAS;ATIVO 
11 - SUPERMERCADO BAHAMAS PONTE NOVA.;BRAMIL LIXO 50L ;BAHAMAS;ATIVO 
11 - SUPERMERCADO BAHAMAS PONTE NOVA.;ECONOMICO 100L;BAHAMAS;ATIVO 
11 - SUPERMERCADO BAHAMAS PONTE NOVA.;ECONOMICO 100L ;BAHAMAS;ATIVO 
11 - SUPERMERCADO BAHAMAS PONTE NOVA.;ECONOMICO 15L;BAHAMAS;ATIVO 
11 - SUPERMERCADO BAHAMAS PONTE NOVA.;ECONOMICO 30L;BAHAMAS;ATIVO 
11 - SUPERMERCADO BAHAMAS PONTE NOVA.;ECONOMICO 50L;BAHAMAS;ATIVO 
11 - SUPERMERCADO BAHAMAS PONTE NOVA.;HIPERROLL 100L;BAHAMAS;ATIVO 
11 - SUPERMERCADO BAHAMAS PONTE NOVA.;HIPERROLL 15L;BAHAMAS;ATIVO 
11 - SUPERMERCADO BAHAMAS PONTE NOVA.;HIPERROLL 30L;BAHAMAS;ATIVO 
11 - SUPERMERCADO BAHAMAS PONTE NOVA.;HIPERROLL 50L;BAHAMAS;ATIVO 
11 - SUPERMERCADO BAHAMAS PONTE NOVA.;REFORCADO 100L;BAHAMAS;ATIVO 
11 - SUPERMERCADO BAHAMAS PONTE NOVA.;REFORCADO 200L;BAHAMAS;ATIVO 
11 - SUPERMERCADO BAHAMAS PONTE NOVA.;SACOLA 29X39;BAHAMAS;ATIVO 
11 - SUPERMERCADO BAHAMAS PONTE NOVA.;SACOLA 29X39 ;BAHAMAS;ATIVO 
11 - SUPERMERCADO BAHAMAS PONTE NOVA.;SACOLA 38X48;BAHAMAS;ATIVO 
11 - SUPERMERCADO BAHAMAS PONTE NOVA.;SACOLA 38X48 ;BAHAMAS;ATIVO 
11 - SUPERMERCADO BAHAMAS PONTE NOVA.;SACOLA VERDE 38X50;BAHAMAS;ATIVO 
11 - SUPERMERCADO BAHAMAS PONTE NOVA.;SACOLA VERDE 40X50;BAHAMAS;ATIVO 
12 - BAHAMAS MIX JF FABRICA.;BOBINA 20X30;BAHAMAS JF;ATIVO 
12 - BAHAMAS MIX JF FABRICA.;BOBINA 25X35;BAHAMAS JF;ATIVO 
12 - BAHAMAS MIX JF FABRICA.;BOBINA 30X40;BAHAMAS JF;ATIVO 
12 - BAHAMAS MIX JF FABRICA.;BRAMIL LIXO 100L;BAHAMAS JF;ATIVO 
12 - BAHAMAS MIX JF FABRICA.;BRAMIL LIXO 100L REF ;BAHAMAS JF;ATIVO 
12 - BAHAMAS MIX JF FABRICA.;BRAMIL LIXO 15L;BAHAMAS JF;ATIVO 
12 - BAHAMAS MIX JF FABRICA.;BRAMIL LIXO 200L REF ;BAHAMAS JF;ATIVO 
12 - BAHAMAS MIX JF FABRICA.;BRAMIL LIXO 30L;BAHAMAS JF;ATIVO 
12 - BAHAMAS MIX JF FABRICA.;BRAMIL LIXO 50L ;BAHAMAS JF;ATIVO 
12 - BAHAMAS MIX JF FABRICA.;ECONOMICO 100L;BAHAMAS JF;ATIVO 
12 - BAHAMAS MIX JF FABRICA.;ECONOMICO 100L ;BAHAMAS JF;ATIVO 
12 - BAHAMAS MIX JF FABRICA.;ECONOMICO 15L;BAHAMAS JF;ATIVO 
12 - BAHAMAS MIX JF FABRICA.;ECONOMICO 30L;BAHAMAS JF;ATIVO 
12 - BAHAMAS MIX JF FABRICA.;ECONOMICO 50L;BAHAMAS JF;ATIVO 
12 - BAHAMAS MIX JF FABRICA.;HIPERROLL 100L;BAHAMAS JF;ATIVO 
12 - BAHAMAS MIX JF FABRICA.;HIPERROLL 15L;BAHAMAS JF;ATIVO 
12 - BAHAMAS MIX JF FABRICA.;HIPERROLL 30L;BAHAMAS JF;ATIVO 
12 - BAHAMAS MIX JF FABRICA.;HIPERROLL 50L;BAHAMAS JF;ATIVO 
12 - BAHAMAS MIX JF FABRICA.;REFORCADO 100L;BAHAMAS JF;ATIVO 
12 - BAHAMAS MIX JF FABRICA.;REFORCADO 200L;BAHAMAS JF;ATIVO 
12 - BAHAMAS MIX JF FABRICA.;SACOLA 29X39;BAHAMAS JF;ATIVO 
12 - BAHAMAS MIX JF FABRICA.;SACOLA 29X39 ;BAHAMAS JF;ATIVO 
12 - BAHAMAS MIX JF FABRICA.;SACOLA 38X48;BAHAMAS JF;ATIVO 
12 - BAHAMAS MIX JF FABRICA.;SACOLA 38X48 ;BAHAMAS JF;ATIVO 
12 - BAHAMAS MIX JF FABRICA.;SACOLA VERDE 38X50;BAHAMAS JF;ATIVO 
12 - BAHAMAS MIX JF FABRICA.;SACOLA VERDE 40X50;BAHAMAS JF;ATIVO 
13 - MERCADO BAHAMAS JF POCO RICO.;BOBINA 20X30;BAHAMAS JF;ATIVO 
13 - MERCADO BAHAMAS JF POCO RICO.;BOBINA 25X35;BAHAMAS JF;ATIVO 
13 - MERCADO BAHAMAS JF POCO RICO.;BOBINA 30X40;BAHAMAS JF;ATIVO 
13 - MERCADO BAHAMAS JF POCO RICO.;BRAMIL LIXO 100L;BAHAMAS JF;ATIVO 
13 - MERCADO BAHAMAS JF POCO RICO.;BRAMIL LIXO 100L REF ;BAHAMAS JF;ATIVO 
13 - MERCADO BAHAMAS JF POCO RICO.;BRAMIL LIXO 15L;BAHAMAS JF;ATIVO 
13 - MERCADO BAHAMAS JF POCO RICO.;BRAMIL LIXO 200L REF ;BAHAMAS JF;ATIVO 
13 - MERCADO BAHAMAS JF POCO RICO.;BRAMIL LIXO 30L;BAHAMAS JF;ATIVO 
13 - MERCADO BAHAMAS JF POCO RICO.;BRAMIL LIXO 50L ;BAHAMAS JF;ATIVO 
13 - MERCADO BAHAMAS JF POCO RICO.;ECONOMICO 100L;BAHAMAS JF;ATIVO 
13 - MERCADO BAHAMAS JF POCO RICO.;ECONOMICO 100L ;BAHAMAS JF;ATIVO 
13 - MERCADO BAHAMAS JF POCO RICO.;ECONOMICO 15L;BAHAMAS JF;ATIVO 
13 - MERCADO BAHAMAS JF POCO RICO.;ECONOMICO 30L;BAHAMAS JF;ATIVO 
13 - MERCADO BAHAMAS JF POCO RICO.;ECONOMICO 50L;BAHAMAS JF;ATIVO 
13 - MERCADO BAHAMAS JF POCO RICO.;HIPERROLL 100L;BAHAMAS JF;ATIVO 
13 - MERCADO BAHAMAS JF POCO RICO.;HIPERROLL 15L;BAHAMAS JF;ATIVO 
13 - MERCADO BAHAMAS JF POCO RICO.;HIPERROLL 30L;BAHAMAS JF;ATIVO 
13 - MERCADO BAHAMAS JF POCO RICO.;HIPERROLL 50L;BAHAMAS JF;ATIVO 
13 - MERCADO BAHAMAS JF POCO RICO.;REFORCADO 100L;BAHAMAS JF;ATIVO 
13 - MERCADO BAHAMAS JF POCO RICO.;REFORCADO 200L;BAHAMAS JF;ATIVO 
13 - MERCADO BAHAMAS JF POCO RICO.;SACOLA 29X39;BAHAMAS JF;ATIVO 
13 - MERCADO BAHAMAS JF POCO RICO.;SACOLA 29X39 ;BAHAMAS JF;ATIVO 
13 - MERCADO BAHAMAS JF POCO RICO.;SACOLA 38X48;BAHAMAS JF;ATIVO 
13 - MERCADO BAHAMAS JF POCO RICO.;SACOLA 38X48 ;BAHAMAS JF;ATIVO 
13 - MERCADO BAHAMAS JF POCO RICO.;SACOLA VERDE 38X50;BAHAMAS JF;ATIVO 
13 - MERCADO BAHAMAS JF POCO RICO.;SACOLA VERDE 40X50;BAHAMAS JF;ATIVO 
14 - BAHAMAS MIX CATAGUASES.;BOBINA 20X30;BAHAMAS;ATIVO 
14 - BAHAMAS MIX CATAGUASES.;BOBINA 25X35;BAHAMAS;ATIVO 
14 - BAHAMAS MIX CATAGUASES.;BOBINA 30X40;BAHAMAS;ATIVO 
14 - BAHAMAS MIX CATAGUASES.;BRAMIL LIXO 100L;BAHAMAS;ATIVO 
14 - BAHAMAS MIX CATAGUASES.;BRAMIL LIXO 100L REF ;BAHAMAS;ATIVO 
14 - BAHAMAS MIX CATAGUASES.;BRAMIL LIXO 15L;BAHAMAS;ATIVO 
14 - BAHAMAS MIX CATAGUASES.;BRAMIL LIXO 200L REF ;BAHAMAS;ATIVO 
14 - BAHAMAS MIX CATAGUASES.;BRAMIL LIXO 30L;BAHAMAS;ATIVO 
14 - BAHAMAS MIX CATAGUASES.;BRAMIL LIXO 50L ;BAHAMAS;ATIVO 
14 - BAHAMAS MIX CATAGUASES.;ECONOMICO 100L;BAHAMAS;ATIVO 
14 - BAHAMAS MIX CATAGUASES.;ECONOMICO 100L ;BAHAMAS;ATIVO 
14 - BAHAMAS MIX CATAGUASES.;ECONOMICO 15L;BAHAMAS;ATIVO 
14 - BAHAMAS MIX CATAGUASES.;ECONOMICO 30L;BAHAMAS;ATIVO 
14 - BAHAMAS MIX CATAGUASES.;ECONOMICO 50L;BAHAMAS;ATIVO 
14 - BAHAMAS MIX CATAGUASES.;HIPERROLL 100L;BAHAMAS;ATIVO 
14 - BAHAMAS MIX CATAGUASES.;HIPERROLL 15L;BAHAMAS;ATIVO 
14 - BAHAMAS MIX CATAGUASES.;HIPERROLL 30L;BAHAMAS;ATIVO 
14 - BAHAMAS MIX CATAGUASES.;HIPERROLL 50L;BAHAMAS;ATIVO 
14 - BAHAMAS MIX CATAGUASES.;REFORCADO 100L;BAHAMAS;ATIVO 
14 - BAHAMAS MIX CATAGUASES.;REFORCADO 200L;BAHAMAS;ATIVO 
14 - BAHAMAS MIX CATAGUASES.;SACOLA 29X39;BAHAMAS;ATIVO 
14 - BAHAMAS MIX CATAGUASES.;SACOLA 29X39 ;BAHAMAS;ATIVO 
14 - BAHAMAS MIX CATAGUASES.;SACOLA 38X48;BAHAMAS;ATIVO 
14 - BAHAMAS MIX CATAGUASES.;SACOLA 38X48 ;BAHAMAS;ATIVO 
14 - BAHAMAS MIX CATAGUASES.;SACOLA VERDE 38X50;BAHAMAS;ATIVO 
14 - BAHAMAS MIX CATAGUASES.;SACOLA VERDE 40X50;BAHAMAS;ATIVO 
15 - SUPERMERCADO BAHAMAS JF INDEPENDENCIA.;BOBINA 20X30;BAHAMAS JF;ATIVO 
15 - SUPERMERCADO BAHAMAS JF INDEPENDENCIA.;BOBINA 25X35;BAHAMAS JF;ATIVO 
15 - SUPERMERCADO BAHAMAS JF INDEPENDENCIA.;BOBINA 30X40;BAHAMAS JF;ATIVO 
15 - SUPERMERCADO BAHAMAS JF INDEPENDENCIA.;BRAMIL LIXO 100L;BAHAMAS JF;ATIVO 
15 - SUPERMERCADO BAHAMAS JF INDEPENDENCIA.;BRAMIL LIXO 100L REF ;BAHAMAS JF;ATIVO 
15 - SUPERMERCADO BAHAMAS JF INDEPENDENCIA.;BRAMIL LIXO 15L;BAHAMAS JF;ATIVO 
15 - SUPERMERCADO BAHAMAS JF INDEPENDENCIA.;BRAMIL LIXO 200L REF ;BAHAMAS JF;ATIVO 
15 - SUPERMERCADO BAHAMAS JF INDEPENDENCIA.;BRAMIL LIXO 30L;BAHAMAS JF;ATIVO 
15 - SUPERMERCADO BAHAMAS JF INDEPENDENCIA.;BRAMIL LIXO 50L ;BAHAMAS JF;ATIVO 
15 - SUPERMERCADO BAHAMAS JF INDEPENDENCIA.;ECONOMICO 100L;BAHAMAS JF;ATIVO 
15 - SUPERMERCADO BAHAMAS JF INDEPENDENCIA.;ECONOMICO 100L ;BAHAMAS JF;ATIVO 
15 - SUPERMERCADO BAHAMAS JF INDEPENDENCIA.;ECONOMICO 15L;BAHAMAS JF;ATIVO 
15 - SUPERMERCADO BAHAMAS JF INDEPENDENCIA.;ECONOMICO 30L;BAHAMAS JF;ATIVO 
15 - SUPERMERCADO BAHAMAS JF INDEPENDENCIA.;ECONOMICO 50L;BAHAMAS JF;ATIVO 
15 - SUPERMERCADO BAHAMAS JF INDEPENDENCIA.;HIPERROLL 100L;BAHAMAS JF;ATIVO 
15 - SUPERMERCADO BAHAMAS JF INDEPENDENCIA.;HIPERROLL 15L;BAHAMAS JF;ATIVO 
15 - SUPERMERCADO BAHAMAS JF INDEPENDENCIA.;HIPERROLL 30L;BAHAMAS JF;ATIVO 
15 - SUPERMERCADO BAHAMAS JF INDEPENDENCIA.;HIPERROLL 50L;BAHAMAS JF;ATIVO 
15 - SUPERMERCADO BAHAMAS JF INDEPENDENCIA.;REFORCADO 100L;BAHAMAS JF;ATIVO 
15 - SUPERMERCADO BAHAMAS JF INDEPENDENCIA.;REFORCADO 200L;BAHAMAS JF;ATIVO 
15 - SUPERMERCADO BAHAMAS JF INDEPENDENCIA.;SACOLA 29X39;BAHAMAS JF;ATIVO 
15 - SUPERMERCADO BAHAMAS JF INDEPENDENCIA.;SACOLA 29X39 ;BAHAMAS JF;ATIVO 
15 - SUPERMERCADO BAHAMAS JF INDEPENDENCIA.;SACOLA 38X48;BAHAMAS JF;ATIVO 
15 - SUPERMERCADO BAHAMAS JF INDEPENDENCIA.;SACOLA 38X48 ;BAHAMAS JF;ATIVO 
15 - SUPERMERCADO BAHAMAS JF INDEPENDENCIA.;SACOLA VERDE 38X50;BAHAMAS JF;ATIVO 
15 - SUPERMERCADO BAHAMAS JF INDEPENDENCIA.;SACOLA VERDE 40X50;BAHAMAS JF;ATIVO 
17 - BAHAMAS MIX UBA AVENIDA;BOBINA 20X30;BAHAMAS;ATIVO 
17 - BAHAMAS MIX UBA AVENIDA;BOBINA 25X35;BAHAMAS;ATIVO 
17 - BAHAMAS MIX UBA AVENIDA;BOBINA 30X40;BAHAMAS;ATIVO 
17 - BAHAMAS MIX UBA AVENIDA;BRAMIL LIXO 100L;BAHAMAS;ATIVO 
17 - BAHAMAS MIX UBA AVENIDA;BRAMIL LIXO 100L REF ;BAHAMAS;ATIVO 
17 - BAHAMAS MIX UBA AVENIDA;BRAMIL LIXO 15L;BAHAMAS;ATIVO 
17 - BAHAMAS MIX UBA AVENIDA;BRAMIL LIXO 200L REF ;BAHAMAS;ATIVO 
17 - BAHAMAS MIX UBA AVENIDA;BRAMIL LIXO 30L;BAHAMAS;ATIVO 
17 - BAHAMAS MIX UBA AVENIDA;BRAMIL LIXO 50L ;BAHAMAS;ATIVO 
17 - BAHAMAS MIX UBA AVENIDA;ECONOMICO 100L;BAHAMAS;ATIVO 
17 - BAHAMAS MIX UBA AVENIDA;ECONOMICO 100L ;BAHAMAS;ATIVO 
17 - BAHAMAS MIX UBA AVENIDA;ECONOMICO 15L;BAHAMAS;ATIVO 
17 - BAHAMAS MIX UBA AVENIDA;ECONOMICO 30L;BAHAMAS;ATIVO 
17 - BAHAMAS MIX UBA AVENIDA;ECONOMICO 50L;BAHAMAS;ATIVO 
17 - BAHAMAS MIX UBA AVENIDA;HIPERROLL 100L;BAHAMAS;ATIVO 
17 - BAHAMAS MIX UBA AVENIDA;HIPERROLL 15L;BAHAMAS;ATIVO 
17 - BAHAMAS MIX UBA AVENIDA;HIPERROLL 30L;BAHAMAS;ATIVO 
17 - BAHAMAS MIX UBA AVENIDA;HIPERROLL 50L;BAHAMAS;ATIVO 
17 - BAHAMAS MIX UBA AVENIDA;REFORCADO 100L;BAHAMAS;ATIVO 
17 - BAHAMAS MIX UBA AVENIDA;REFORCADO 200L;BAHAMAS;ATIVO 
17 - BAHAMAS MIX UBA AVENIDA;SACOLA 29X39;BAHAMAS;ATIVO 
17 - BAHAMAS MIX UBA AVENIDA;SACOLA 29X39 ;BAHAMAS;ATIVO 
17 - BAHAMAS MIX UBA AVENIDA;SACOLA 38X48;BAHAMAS;ATIVO 
17 - BAHAMAS MIX UBA AVENIDA;SACOLA 38X48 ;BAHAMAS;ATIVO 
17 - BAHAMAS MIX UBA AVENIDA;SACOLA VERDE 38X50;BAHAMAS;ATIVO 
17 - BAHAMAS MIX UBA AVENIDA;SACOLA VERDE 40X50;BAHAMAS;ATIVO 
18 - MERCADO BAHAMAS JF GRAMA.;BOBINA 20X30;BAHAMAS JF;ATIVO 
18 - MERCADO BAHAMAS JF GRAMA.;BOBINA 25X35;BAHAMAS JF;ATIVO 
18 - MERCADO BAHAMAS JF GRAMA.;BOBINA 30X40;BAHAMAS JF;ATIVO 
18 - MERCADO BAHAMAS JF GRAMA.;BRAMIL LIXO 100L;BAHAMAS JF;ATIVO 
18 - MERCADO BAHAMAS JF GRAMA.;BRAMIL LIXO 100L REF ;BAHAMAS JF;ATIVO 
18 - MERCADO BAHAMAS JF GRAMA.;BRAMIL LIXO 15L;BAHAMAS JF;ATIVO 
18 - MERCADO BAHAMAS JF GRAMA.;BRAMIL LIXO 200L REF ;BAHAMAS JF;ATIVO 
18 - MERCADO BAHAMAS JF GRAMA.;BRAMIL LIXO 30L;BAHAMAS JF;ATIVO 
18 - MERCADO BAHAMAS JF GRAMA.;BRAMIL LIXO 50L ;BAHAMAS JF;ATIVO 
18 - MERCADO BAHAMAS JF GRAMA.;ECONOMICO 100L;BAHAMAS JF;ATIVO 
18 - MERCADO BAHAMAS JF GRAMA.;ECONOMICO 100L ;BAHAMAS JF;ATIVO 
18 - MERCADO BAHAMAS JF GRAMA.;ECONOMICO 15L;BAHAMAS JF;ATIVO 
18 - MERCADO BAHAMAS JF GRAMA.;ECONOMICO 30L;BAHAMAS JF;ATIVO 
18 - MERCADO BAHAMAS JF GRAMA.;ECONOMICO 50L;BAHAMAS JF;ATIVO 
18 - MERCADO BAHAMAS JF GRAMA.;HIPERROLL 100L;BAHAMAS JF;ATIVO 
18 - MERCADO BAHAMAS JF GRAMA.;HIPERROLL 15L;BAHAMAS JF;ATIVO 
18 - MERCADO BAHAMAS JF GRAMA.;HIPERROLL 30L;BAHAMAS JF;ATIVO 
18 - MERCADO BAHAMAS JF GRAMA.;HIPERROLL 50L;BAHAMAS JF;ATIVO 
18 - MERCADO BAHAMAS JF GRAMA.;REFORCADO 100L;BAHAMAS JF;ATIVO 
18 - MERCADO BAHAMAS JF GRAMA.;REFORCADO 200L;BAHAMAS JF;ATIVO 
18 - MERCADO BAHAMAS JF GRAMA.;SACOLA 29X39;BAHAMAS JF;ATIVO 
18 - MERCADO BAHAMAS JF GRAMA.;SACOLA 29X39 ;BAHAMAS JF;ATIVO 
18 - MERCADO BAHAMAS JF GRAMA.;SACOLA 38X48;BAHAMAS JF;ATIVO 
18 - MERCADO BAHAMAS JF GRAMA.;SACOLA 38X48 ;BAHAMAS JF;ATIVO 
18 - MERCADO BAHAMAS JF GRAMA.;SACOLA VERDE 38X50;BAHAMAS JF;ATIVO 
18 - MERCADO BAHAMAS JF GRAMA.;SACOLA VERDE 40X50;BAHAMAS JF;ATIVO 
19 - BAHAMAS MIX FERREIRA GUIMARAES;BOBINA 20X30;BAHAMAS JF;ATIVO 
19 - BAHAMAS MIX FERREIRA GUIMARAES;BOBINA 25X35;BAHAMAS JF;ATIVO 
19 - BAHAMAS MIX FERREIRA GUIMARAES;BOBINA 30X40;BAHAMAS JF;ATIVO 
19 - BAHAMAS MIX FERREIRA GUIMARAES;BRAMIL LIXO 100L;BAHAMAS JF;ATIVO 
19 - BAHAMAS MIX FERREIRA GUIMARAES;BRAMIL LIXO 100L REF ;BAHAMAS JF;ATIVO 
19 - BAHAMAS MIX FERREIRA GUIMARAES;BRAMIL LIXO 15L;BAHAMAS JF;ATIVO 
19 - BAHAMAS MIX FERREIRA GUIMARAES;BRAMIL LIXO 200L REF ;BAHAMAS JF;ATIVO 
19 - BAHAMAS MIX FERREIRA GUIMARAES;BRAMIL LIXO 30L;BAHAMAS JF;ATIVO 
19 - BAHAMAS MIX FERREIRA GUIMARAES;BRAMIL LIXO 50L ;BAHAMAS JF;ATIVO 
19 - BAHAMAS MIX FERREIRA GUIMARAES;ECONOMICO 100L;BAHAMAS JF;ATIVO 
19 - BAHAMAS MIX FERREIRA GUIMARAES;ECONOMICO 100L ;BAHAMAS JF;ATIVO 
19 - BAHAMAS MIX FERREIRA GUIMARAES;ECONOMICO 15L;BAHAMAS JF;ATIVO 
19 - BAHAMAS MIX FERREIRA GUIMARAES;ECONOMICO 30L;BAHAMAS JF;ATIVO 
19 - BAHAMAS MIX FERREIRA GUIMARAES;ECONOMICO 50L;BAHAMAS JF;ATIVO 
19 - BAHAMAS MIX FERREIRA GUIMARAES;HIPERROLL 100L;BAHAMAS JF;ATIVO 
19 - BAHAMAS MIX FERREIRA GUIMARAES;HIPERROLL 15L;BAHAMAS JF;ATIVO 
19 - BAHAMAS MIX FERREIRA GUIMARAES;HIPERROLL 30L;BAHAMAS JF;ATIVO 
19 - BAHAMAS MIX FERREIRA GUIMARAES;HIPERROLL 50L;BAHAMAS JF;ATIVO 
19 - BAHAMAS MIX FERREIRA GUIMARAES;REFORCADO 100L;BAHAMAS JF;ATIVO 
19 - BAHAMAS MIX FERREIRA GUIMARAES;REFORCADO 200L;BAHAMAS JF;ATIVO 
19 - BAHAMAS MIX FERREIRA GUIMARAES;SACOLA 29X39;BAHAMAS JF;ATIVO 
19 - BAHAMAS MIX FERREIRA GUIMARAES;SACOLA 29X39 ;BAHAMAS JF;ATIVO 
19 - BAHAMAS MIX FERREIRA GUIMARAES;SACOLA 38X48;BAHAMAS JF;ATIVO 
19 - BAHAMAS MIX FERREIRA GUIMARAES;SACOLA 38X48 ;BAHAMAS JF;ATIVO 
19 - BAHAMAS MIX FERREIRA GUIMARAES;SACOLA VERDE 38X50;BAHAMAS JF;ATIVO 
19 - BAHAMAS MIX FERREIRA GUIMARAES;SACOLA VERDE 40X50;BAHAMAS JF;ATIVO 
02 - HIPER BAHAMAS SAO PEDRO;BOBINA 20X30;BAHAMAS JF;ATIVO 
02 - HIPER BAHAMAS SAO PEDRO;BOBINA 25X35;BAHAMAS JF;ATIVO 
02 - HIPER BAHAMAS SAO PEDRO;BOBINA 30X40;BAHAMAS JF;ATIVO 
02 - HIPER BAHAMAS SAO PEDRO;BRAMIL LIXO 100L;BAHAMAS JF;ATIVO 
02 - HIPER BAHAMAS SAO PEDRO;BRAMIL LIXO 100L REF ;BAHAMAS JF;ATIVO 
02 - HIPER BAHAMAS SAO PEDRO;BRAMIL LIXO 15L;BAHAMAS JF;ATIVO 
02 - HIPER BAHAMAS SAO PEDRO;BRAMIL LIXO 200L REF ;BAHAMAS JF;ATIVO 
02 - HIPER BAHAMAS SAO PEDRO;BRAMIL LIXO 30L;BAHAMAS JF;ATIVO 
02 - HIPER BAHAMAS SAO PEDRO;BRAMIL LIXO 50L ;BAHAMAS JF;ATIVO 
02 - HIPER BAHAMAS SAO PEDRO;ECONOMICO 100L;BAHAMAS JF;ATIVO 
02 - HIPER BAHAMAS SAO PEDRO;ECONOMICO 100L ;BAHAMAS JF;ATIVO 
02 - HIPER BAHAMAS SAO PEDRO;ECONOMICO 15L;BAHAMAS JF;ATIVO 
02 - HIPER BAHAMAS SAO PEDRO;ECONOMICO 30L;BAHAMAS JF;ATIVO 
02 - HIPER BAHAMAS SAO PEDRO;ECONOMICO 50L;BAHAMAS JF;ATIVO 
02 - HIPER BAHAMAS SAO PEDRO;HIPERROLL 100L;BAHAMAS JF;ATIVO 
02 - HIPER BAHAMAS SAO PEDRO;HIPERROLL 15L;BAHAMAS JF;ATIVO 
02 - HIPER BAHAMAS SAO PEDRO;HIPERROLL 30L;BAHAMAS JF;ATIVO 
02 - HIPER BAHAMAS SAO PEDRO;HIPERROLL 50L;BAHAMAS JF;ATIVO 
02 - HIPER BAHAMAS SAO PEDRO;REFORCADO 100L;BAHAMAS JF;ATIVO 
02 - HIPER BAHAMAS SAO PEDRO;REFORCADO 200L;BAHAMAS JF;ATIVO 
02 - HIPER BAHAMAS SAO PEDRO;SACOLA 29X39;BAHAMAS JF;ATIVO 
02 - HIPER BAHAMAS SAO PEDRO;SACOLA 29X39 ;BAHAMAS JF;ATIVO 
02 - HIPER BAHAMAS SAO PEDRO;SACOLA 38X48;BAHAMAS JF;ATIVO 
02 - HIPER BAHAMAS SAO PEDRO;SACOLA 38X48 ;BAHAMAS JF;ATIVO 
02 - HIPER BAHAMAS SAO PEDRO;SACOLA VERDE 38X50;BAHAMAS JF;ATIVO 
02 - HIPER BAHAMAS SAO PEDRO;SACOLA VERDE 40X50;BAHAMAS JF;ATIVO 
20 - BAHAMAS MIX BENFICA.;BOBINA 20X30;BAHAMAS JF;ATIVO 
20 - BAHAMAS MIX BENFICA.;BOBINA 25X35;BAHAMAS JF;ATIVO 
20 - BAHAMAS MIX BENFICA.;BOBINA 30X40;BAHAMAS JF;ATIVO 
20 - BAHAMAS MIX BENFICA.;BRAMIL LIXO 100L;BAHAMAS JF;ATIVO 
20 - BAHAMAS MIX BENFICA.;BRAMIL LIXO 100L REF ;BAHAMAS JF;ATIVO 
20 - BAHAMAS MIX BENFICA.;BRAMIL LIXO 15L;BAHAMAS JF;ATIVO 
20 - BAHAMAS MIX BENFICA.;BRAMIL LIXO 200L REF ;BAHAMAS JF;ATIVO 
20 - BAHAMAS MIX BENFICA.;BRAMIL LIXO 30L;BAHAMAS JF;ATIVO 
20 - BAHAMAS MIX BENFICA.;BRAMIL LIXO 50L ;BAHAMAS JF;ATIVO 
20 - BAHAMAS MIX BENFICA.;ECONOMICO 100L;BAHAMAS JF;ATIVO 
20 - BAHAMAS MIX BENFICA.;ECONOMICO 100L ;BAHAMAS JF;ATIVO 
20 - BAHAMAS MIX BENFICA.;ECONOMICO 15L;BAHAMAS JF;ATIVO 
20 - BAHAMAS MIX BENFICA.;ECONOMICO 30L;BAHAMAS JF;ATIVO 
20 - BAHAMAS MIX BENFICA.;ECONOMICO 50L;BAHAMAS JF;ATIVO 
20 - BAHAMAS MIX BENFICA.;HIPERROLL 100L;BAHAMAS JF;ATIVO 
20 - BAHAMAS MIX BENFICA.;HIPERROLL 15L;BAHAMAS JF;ATIVO 
20 - BAHAMAS MIX BENFICA.;HIPERROLL 30L;BAHAMAS JF;ATIVO 
20 - BAHAMAS MIX BENFICA.;HIPERROLL 50L;BAHAMAS JF;ATIVO 
20 - BAHAMAS MIX BENFICA.;REFORCADO 100L;BAHAMAS JF;ATIVO 
20 - BAHAMAS MIX BENFICA.;REFORCADO 200L;BAHAMAS JF;ATIVO 
20 - BAHAMAS MIX BENFICA.;SACOLA 29X39;BAHAMAS JF;ATIVO 
20 - BAHAMAS MIX BENFICA.;SACOLA 29X39 ;BAHAMAS JF;ATIVO 
20 - BAHAMAS MIX BENFICA.;SACOLA 38X48;BAHAMAS JF;ATIVO 
20 - BAHAMAS MIX BENFICA.;SACOLA 38X48 ;BAHAMAS JF;ATIVO 
20 - BAHAMAS MIX BENFICA.;SACOLA VERDE 38X50;BAHAMAS JF;ATIVO 
20 - BAHAMAS MIX BENFICA.;SACOLA VERDE 40X50;BAHAMAS JF;ATIVO 
21 - HIPER BAHAMAS GETULIO VARGAS;BOBINA 20X30;BAHAMAS JF;ATIVO 
21 - HIPER BAHAMAS GETULIO VARGAS;BOBINA 25X35;BAHAMAS JF;ATIVO 
21 - HIPER BAHAMAS GETULIO VARGAS;BOBINA 30X40;BAHAMAS JF;ATIVO 
21 - HIPER BAHAMAS GETULIO VARGAS;BRAMIL LIXO 100L;BAHAMAS JF;ATIVO 
21 - HIPER BAHAMAS GETULIO VARGAS;BRAMIL LIXO 100L REF ;BAHAMAS JF;ATIVO 
21 - HIPER BAHAMAS GETULIO VARGAS;BRAMIL LIXO 15L;BAHAMAS JF;ATIVO 
21 - HIPER BAHAMAS GETULIO VARGAS;BRAMIL LIXO 200L REF ;BAHAMAS JF;ATIVO 
21 - HIPER BAHAMAS GETULIO VARGAS;BRAMIL LIXO 30L;BAHAMAS JF;ATIVO 
21 - HIPER BAHAMAS GETULIO VARGAS;BRAMIL LIXO 50L ;BAHAMAS JF;ATIVO 
21 - HIPER BAHAMAS GETULIO VARGAS;ECONOMICO 100L;BAHAMAS JF;ATIVO 
21 - HIPER BAHAMAS GETULIO VARGAS;ECONOMICO 100L ;BAHAMAS JF;ATIVO 
21 - HIPER BAHAMAS GETULIO VARGAS;ECONOMICO 15L;BAHAMAS JF;ATIVO 
21 - HIPER BAHAMAS GETULIO VARGAS;ECONOMICO 30L;BAHAMAS JF;ATIVO 
21 - HIPER BAHAMAS GETULIO VARGAS;ECONOMICO 50L;BAHAMAS JF;ATIVO 
21 - HIPER BAHAMAS GETULIO VARGAS;HIPERROLL 100L;BAHAMAS JF;ATIVO 
21 - HIPER BAHAMAS GETULIO VARGAS;HIPERROLL 15L;BAHAMAS JF;ATIVO 
21 - HIPER BAHAMAS GETULIO VARGAS;HIPERROLL 30L;BAHAMAS JF;ATIVO 
21 - HIPER BAHAMAS GETULIO VARGAS;HIPERROLL 50L;BAHAMAS JF;ATIVO 
21 - HIPER BAHAMAS GETULIO VARGAS;REFORCADO 100L;BAHAMAS JF;ATIVO 
21 - HIPER BAHAMAS GETULIO VARGAS;REFORCADO 200L;BAHAMAS JF;ATIVO 
21 - HIPER BAHAMAS GETULIO VARGAS;SACOLA 29X39;BAHAMAS JF;ATIVO 
21 - HIPER BAHAMAS GETULIO VARGAS;SACOLA 29X39 ;BAHAMAS JF;ATIVO 
21 - HIPER BAHAMAS GETULIO VARGAS;SACOLA 38X48;BAHAMAS JF;ATIVO 
21 - HIPER BAHAMAS GETULIO VARGAS;SACOLA 38X48 ;BAHAMAS JF;ATIVO 
21 - HIPER BAHAMAS GETULIO VARGAS;SACOLA VERDE 38X50;BAHAMAS JF;ATIVO 
21 - HIPER BAHAMAS GETULIO VARGAS;SACOLA VERDE 40X50;BAHAMAS JF;ATIVO 
23 - SUPERMERCADO BAHAMAS ALEM PARAIBA.;BOBINA 20X30;BAHAMAS;ATIVO 
23 - SUPERMERCADO BAHAMAS ALEM PARAIBA.;BOBINA 25X35;BAHAMAS;ATIVO 
23 - SUPERMERCADO BAHAMAS ALEM PARAIBA.;BOBINA 30X40;BAHAMAS;ATIVO 
23 - SUPERMERCADO BAHAMAS ALEM PARAIBA.;BRAMIL LIXO 100L;BAHAMAS;ATIVO 
23 - SUPERMERCADO BAHAMAS ALEM PARAIBA.;BRAMIL LIXO 100L REF ;BAHAMAS;ATIVO 
23 - SUPERMERCADO BAHAMAS ALEM PARAIBA.;BRAMIL LIXO 15L;BAHAMAS;ATIVO 
23 - SUPERMERCADO BAHAMAS ALEM PARAIBA.;BRAMIL LIXO 200L REF ;BAHAMAS;ATIVO 
23 - SUPERMERCADO BAHAMAS ALEM PARAIBA.;BRAMIL LIXO 30L;BAHAMAS;ATIVO 
23 - SUPERMERCADO BAHAMAS ALEM PARAIBA.;BRAMIL LIXO 50L ;BAHAMAS;ATIVO 
23 - SUPERMERCADO BAHAMAS ALEM PARAIBA.;ECONOMICO 100L;BAHAMAS;ATIVO 
23 - SUPERMERCADO BAHAMAS ALEM PARAIBA.;ECONOMICO 100L ;BAHAMAS;ATIVO 
23 - SUPERMERCADO BAHAMAS ALEM PARAIBA.;ECONOMICO 15L;BAHAMAS;ATIVO 
23 - SUPERMERCADO BAHAMAS ALEM PARAIBA.;ECONOMICO 30L;BAHAMAS;ATIVO 
23 - SUPERMERCADO BAHAMAS ALEM PARAIBA.;ECONOMICO 50L;BAHAMAS;ATIVO 
23 - SUPERMERCADO BAHAMAS ALEM PARAIBA.;HIPERROLL 100L;BAHAMAS;ATIVO 
23 - SUPERMERCADO BAHAMAS ALEM PARAIBA.;HIPERROLL 15L;BAHAMAS;ATIVO 
23 - SUPERMERCADO BAHAMAS ALEM PARAIBA.;HIPERROLL 30L;BAHAMAS;ATIVO 
23 - SUPERMERCADO BAHAMAS ALEM PARAIBA.;HIPERROLL 50L;BAHAMAS;ATIVO 
23 - SUPERMERCADO BAHAMAS ALEM PARAIBA.;REFORCADO 100L;BAHAMAS;ATIVO 
23 - SUPERMERCADO BAHAMAS ALEM PARAIBA.;REFORCADO 200L;BAHAMAS;ATIVO 
23 - SUPERMERCADO BAHAMAS ALEM PARAIBA.;SACOLA 29X39;BAHAMAS;ATIVO 
23 - SUPERMERCADO BAHAMAS ALEM PARAIBA.;SACOLA 29X39 ;BAHAMAS;ATIVO 
23 - SUPERMERCADO BAHAMAS ALEM PARAIBA.;SACOLA 38X48;BAHAMAS;ATIVO 
23 - SUPERMERCADO BAHAMAS ALEM PARAIBA.;SACOLA 38X48 ;BAHAMAS;ATIVO 
23 - SUPERMERCADO BAHAMAS ALEM PARAIBA.;SACOLA VERDE 38X50;BAHAMAS;ATIVO 
23 - SUPERMERCADO BAHAMAS ALEM PARAIBA.;SACOLA VERDE 40X50;BAHAMAS;ATIVO 
25 - SUPERMERCADO BAHAMAS JF TEIXEIRAS.;BOBINA 20X30;BAHAMAS JF;ATIVO 
25 - SUPERMERCADO BAHAMAS JF TEIXEIRAS.;BOBINA 25X35;BAHAMAS JF;ATIVO 
25 - SUPERMERCADO BAHAMAS JF TEIXEIRAS.;BOBINA 30X40;BAHAMAS JF;ATIVO 
25 - SUPERMERCADO BAHAMAS JF TEIXEIRAS.;BRAMIL LIXO 100L;BAHAMAS JF;ATIVO 
25 - SUPERMERCADO BAHAMAS JF TEIXEIRAS.;BRAMIL LIXO 100L REF ;BAHAMAS JF;ATIVO 
25 - SUPERMERCADO BAHAMAS JF TEIXEIRAS.;BRAMIL LIXO 15L;BAHAMAS JF;ATIVO 
25 - SUPERMERCADO BAHAMAS JF TEIXEIRAS.;BRAMIL LIXO 200L REF ;BAHAMAS JF;ATIVO 
25 - SUPERMERCADO BAHAMAS JF TEIXEIRAS.;BRAMIL LIXO 30L;BAHAMAS JF;ATIVO 
25 - SUPERMERCADO BAHAMAS JF TEIXEIRAS.;BRAMIL LIXO 50L ;BAHAMAS JF;ATIVO 
25 - SUPERMERCADO BAHAMAS JF TEIXEIRAS.;ECONOMICO 100L;BAHAMAS JF;ATIVO 
25 - SUPERMERCADO BAHAMAS JF TEIXEIRAS.;ECONOMICO 100L ;BAHAMAS JF;ATIVO 
25 - SUPERMERCADO BAHAMAS JF TEIXEIRAS.;ECONOMICO 15L;BAHAMAS JF;ATIVO 
25 - SUPERMERCADO BAHAMAS JF TEIXEIRAS.;ECONOMICO 30L;BAHAMAS JF;ATIVO 
25 - SUPERMERCADO BAHAMAS JF TEIXEIRAS.;ECONOMICO 50L;BAHAMAS JF;ATIVO 
25 - SUPERMERCADO BAHAMAS JF TEIXEIRAS.;HIPERROLL 100L;BAHAMAS JF;ATIVO 
25 - SUPERMERCADO BAHAMAS JF TEIXEIRAS.;HIPERROLL 15L;BAHAMAS JF;ATIVO 
25 - SUPERMERCADO BAHAMAS JF TEIXEIRAS.;HIPERROLL 30L;BAHAMAS JF;ATIVO 
25 - SUPERMERCADO BAHAMAS JF TEIXEIRAS.;HIPERROLL 50L;BAHAMAS JF;ATIVO 
25 - SUPERMERCADO BAHAMAS JF TEIXEIRAS.;REFORCADO 100L;BAHAMAS JF;ATIVO 
25 - SUPERMERCADO BAHAMAS JF TEIXEIRAS.;REFORCADO 200L;BAHAMAS JF;ATIVO 
25 - SUPERMERCADO BAHAMAS JF TEIXEIRAS.;SACOLA 29X39;BAHAMAS JF;ATIVO 
25 - SUPERMERCADO BAHAMAS JF TEIXEIRAS.;SACOLA 29X39 ;BAHAMAS JF;ATIVO 
25 - SUPERMERCADO BAHAMAS JF TEIXEIRAS.;SACOLA 38X48;BAHAMAS JF;ATIVO 
25 - SUPERMERCADO BAHAMAS JF TEIXEIRAS.;SACOLA 38X48 ;BAHAMAS JF;ATIVO 
25 - SUPERMERCADO BAHAMAS JF TEIXEIRAS.;SACOLA VERDE 38X50;BAHAMAS JF;ATIVO 
25 - SUPERMERCADO BAHAMAS JF TEIXEIRAS.;SACOLA VERDE 40X50;BAHAMAS JF;ATIVO 
26 - BAHAMAS MIX JF SALVATERRA;BOBINA 20X30;BAHAMAS JF;ATIVO 
26 - BAHAMAS MIX JF SALVATERRA;BOBINA 25X35;BAHAMAS JF;ATIVO 
26 - BAHAMAS MIX JF SALVATERRA;BOBINA 30X40;BAHAMAS JF;ATIVO 
26 - BAHAMAS MIX JF SALVATERRA;BRAMIL LIXO 100L;BAHAMAS JF;ATIVO 
26 - BAHAMAS MIX JF SALVATERRA;BRAMIL LIXO 100L REF ;BAHAMAS JF;ATIVO 
26 - BAHAMAS MIX JF SALVATERRA;BRAMIL LIXO 15L;BAHAMAS JF;ATIVO 
26 - BAHAMAS MIX JF SALVATERRA;BRAMIL LIXO 200L REF ;BAHAMAS JF;ATIVO 
26 - BAHAMAS MIX JF SALVATERRA;BRAMIL LIXO 30L;BAHAMAS JF;ATIVO 
26 - BAHAMAS MIX JF SALVATERRA;BRAMIL LIXO 50L ;BAHAMAS JF;ATIVO 
26 - BAHAMAS MIX JF SALVATERRA;ECONOMICO 100L;BAHAMAS JF;ATIVO 
26 - BAHAMAS MIX JF SALVATERRA;ECONOMICO 100L ;BAHAMAS JF;ATIVO 
26 - BAHAMAS MIX JF SALVATERRA;ECONOMICO 15L;BAHAMAS JF;ATIVO 
26 - BAHAMAS MIX JF SALVATERRA;ECONOMICO 30L;BAHAMAS JF;ATIVO 
26 - BAHAMAS MIX JF SALVATERRA;ECONOMICO 50L;BAHAMAS JF;ATIVO 
26 - BAHAMAS MIX JF SALVATERRA;HIPERROLL 100L;BAHAMAS JF;ATIVO 
26 - BAHAMAS MIX JF SALVATERRA;HIPERROLL 15L;BAHAMAS JF;ATIVO 
26 - BAHAMAS MIX JF SALVATERRA;HIPERROLL 30L;BAHAMAS JF;ATIVO 
26 - BAHAMAS MIX JF SALVATERRA;HIPERROLL 50L;BAHAMAS JF;ATIVO 
26 - BAHAMAS MIX JF SALVATERRA;REFORCADO 100L;BAHAMAS JF;ATIVO 
26 - BAHAMAS MIX JF SALVATERRA;REFORCADO 200L;BAHAMAS JF;ATIVO 
26 - BAHAMAS MIX JF SALVATERRA;SACOLA 29X39;BAHAMAS JF;ATIVO 
26 - BAHAMAS MIX JF SALVATERRA;SACOLA 29X39 ;BAHAMAS JF;ATIVO 
26 - BAHAMAS MIX JF SALVATERRA;SACOLA 38X48;BAHAMAS JF;ATIVO 
26 - BAHAMAS MIX JF SALVATERRA;SACOLA 38X48 ;BAHAMAS JF;ATIVO 
26 - BAHAMAS MIX JF SALVATERRA;SACOLA VERDE 38X50;BAHAMAS JF;ATIVO 
26 - BAHAMAS MIX JF SALVATERRA;SACOLA VERDE 40X50;BAHAMAS JF;ATIVO 
27 - SUPERMERCADO BAHAMAS SAO JOAO DEL REI.;BOBINA 20X30;BAHAMAS;ATIVO 
27 - SUPERMERCADO BAHAMAS SAO JOAO DEL REI.;BOBINA 25X35;BAHAMAS;ATIVO 
27 - SUPERMERCADO BAHAMAS SAO JOAO DEL REI.;BOBINA 30X40;BAHAMAS;ATIVO 
27 - SUPERMERCADO BAHAMAS SAO JOAO DEL REI.;BRAMIL LIXO 100L;BAHAMAS;ATIVO 
27 - SUPERMERCADO BAHAMAS SAO JOAO DEL REI.;BRAMIL LIXO 100L REF ;BAHAMAS;ATIVO 
27 - SUPERMERCADO BAHAMAS SAO JOAO DEL REI.;BRAMIL LIXO 15L;BAHAMAS;ATIVO 
27 - SUPERMERCADO BAHAMAS SAO JOAO DEL REI.;BRAMIL LIXO 200L REF ;BAHAMAS;ATIVO 
27 - SUPERMERCADO BAHAMAS SAO JOAO DEL REI.;BRAMIL LIXO 30L;BAHAMAS;ATIVO 
27 - SUPERMERCADO BAHAMAS SAO JOAO DEL REI.;BRAMIL LIXO 50L ;BAHAMAS;ATIVO 
27 - SUPERMERCADO BAHAMAS SAO JOAO DEL REI.;ECONOMICO 100L;BAHAMAS;ATIVO 
27 - SUPERMERCADO BAHAMAS SAO JOAO DEL REI.;ECONOMICO 100L ;BAHAMAS;ATIVO 
27 - SUPERMERCADO BAHAMAS SAO JOAO DEL REI.;ECONOMICO 15L;BAHAMAS;ATIVO 
27 - SUPERMERCADO BAHAMAS SAO JOAO DEL REI.;ECONOMICO 30L;BAHAMAS;ATIVO 
27 - SUPERMERCADO BAHAMAS SAO JOAO DEL REI.;ECONOMICO 50L;BAHAMAS;ATIVO 
27 - SUPERMERCADO BAHAMAS SAO JOAO DEL REI.;HIPERROLL 100L;BAHAMAS;ATIVO 
27 - SUPERMERCADO BAHAMAS SAO JOAO DEL REI.;HIPERROLL 15L;BAHAMAS;ATIVO 
27 - SUPERMERCADO BAHAMAS SAO JOAO DEL REI.;HIPERROLL 30L;BAHAMAS;ATIVO 
27 - SUPERMERCADO BAHAMAS SAO JOAO DEL REI.;HIPERROLL 50L;BAHAMAS;ATIVO 
27 - SUPERMERCADO BAHAMAS SAO JOAO DEL REI.;REFORCADO 100L;BAHAMAS;ATIVO 
27 - SUPERMERCADO BAHAMAS SAO JOAO DEL REI.;REFORCADO 200L;BAHAMAS;ATIVO 
27 - SUPERMERCADO BAHAMAS SAO JOAO DEL REI.;SACOLA 29X39;BAHAMAS;ATIVO 
27 - SUPERMERCADO BAHAMAS SAO JOAO DEL REI.;SACOLA 29X39 ;BAHAMAS;ATIVO 
27 - SUPERMERCADO BAHAMAS SAO JOAO DEL REI.;SACOLA 38X48;BAHAMAS;ATIVO 
27 - SUPERMERCADO BAHAMAS SAO JOAO DEL REI.;SACOLA 38X48 ;BAHAMAS;ATIVO 
27 - SUPERMERCADO BAHAMAS SAO JOAO DEL REI.;SACOLA VERDE 38X50;BAHAMAS;ATIVO 
27 - SUPERMERCADO BAHAMAS SAO JOAO DEL REI.;SACOLA VERDE 40X50;BAHAMAS;ATIVO 
28 - BAHAMAS MIX BARB.;BOBINA 20X30;BAHAMAS;ATIVO 
28 - BAHAMAS MIX BARB.;BOBINA 25X35;BAHAMAS;ATIVO 
28 - BAHAMAS MIX BARB.;BOBINA 30X40;BAHAMAS;ATIVO 
28 - BAHAMAS MIX BARB.;BRAMIL LIXO 100L;BAHAMAS;ATIVO 
28 - BAHAMAS MIX BARB.;BRAMIL LIXO 100L REF ;BAHAMAS;ATIVO 
28 - BAHAMAS MIX BARB.;BRAMIL LIXO 15L;BAHAMAS;ATIVO 
28 - BAHAMAS MIX BARB.;BRAMIL LIXO 200L REF ;BAHAMAS;ATIVO 
28 - BAHAMAS MIX BARB.;BRAMIL LIXO 30L;BAHAMAS;ATIVO 
28 - BAHAMAS MIX BARB.;BRAMIL LIXO 50L ;BAHAMAS;ATIVO 
28 - BAHAMAS MIX BARB.;ECONOMICO 100L;BAHAMAS;ATIVO 
28 - BAHAMAS MIX BARB.;ECONOMICO 100L ;BAHAMAS;ATIVO 
28 - BAHAMAS MIX BARB.;ECONOMICO 15L;BAHAMAS;ATIVO 
28 - BAHAMAS MIX BARB.;ECONOMICO 30L;BAHAMAS;ATIVO 
28 - BAHAMAS MIX BARB.;ECONOMICO 50L;BAHAMAS;ATIVO 
28 - BAHAMAS MIX BARB.;HIPERROLL 100L;BAHAMAS;ATIVO 
28 - BAHAMAS MIX BARB.;HIPERROLL 15L;BAHAMAS;ATIVO 
28 - BAHAMAS MIX BARB.;HIPERROLL 30L;BAHAMAS;ATIVO 
28 - BAHAMAS MIX BARB.;HIPERROLL 50L;BAHAMAS;ATIVO 
28 - BAHAMAS MIX BARB.;REFORCADO 100L;BAHAMAS;ATIVO 
28 - BAHAMAS MIX BARB.;REFORCADO 200L;BAHAMAS;ATIVO 
28 - BAHAMAS MIX BARB.;SACOLA 29X39;BAHAMAS;ATIVO 
28 - BAHAMAS MIX BARB.;SACOLA 29X39 ;BAHAMAS;ATIVO 
28 - BAHAMAS MIX BARB.;SACOLA 38X48;BAHAMAS;ATIVO 
28 - BAHAMAS MIX BARB.;SACOLA 38X48 ;BAHAMAS;ATIVO 
28 - BAHAMAS MIX BARB.;SACOLA VERDE 38X50;BAHAMAS;ATIVO 
28 - BAHAMAS MIX BARB.;SACOLA VERDE 40X50;BAHAMAS;ATIVO 
3 - SUPERMERCADO BAHAMAS BARBACENA.;BOBINA 20X30;BAHAMAS;ATIVO 
3 - SUPERMERCADO BAHAMAS BARBACENA.;BOBINA 25X35;BAHAMAS;ATIVO 
3 - SUPERMERCADO BAHAMAS BARBACENA.;BOBINA 30X40;BAHAMAS;ATIVO 
3 - SUPERMERCADO BAHAMAS BARBACENA.;BRAMIL LIXO 100L;BAHAMAS;ATIVO 
3 - SUPERMERCADO BAHAMAS BARBACENA.;BRAMIL LIXO 100L REF ;BAHAMAS;ATIVO 
3 - SUPERMERCADO BAHAMAS BARBACENA.;BRAMIL LIXO 15L;BAHAMAS;ATIVO 
3 - SUPERMERCADO BAHAMAS BARBACENA.;BRAMIL LIXO 200L REF ;BAHAMAS;ATIVO 
3 - SUPERMERCADO BAHAMAS BARBACENA.;BRAMIL LIXO 30L;BAHAMAS;ATIVO 
3 - SUPERMERCADO BAHAMAS BARBACENA.;BRAMIL LIXO 50L ;BAHAMAS;ATIVO 
3 - SUPERMERCADO BAHAMAS BARBACENA.;ECONOMICO 100L;BAHAMAS;ATIVO 
3 - SUPERMERCADO BAHAMAS BARBACENA.;ECONOMICO 100L ;BAHAMAS;ATIVO 
3 - SUPERMERCADO BAHAMAS BARBACENA.;ECONOMICO 15L;BAHAMAS;ATIVO 
3 - SUPERMERCADO BAHAMAS BARBACENA.;ECONOMICO 30L;BAHAMAS;ATIVO 
3 - SUPERMERCADO BAHAMAS BARBACENA.;ECONOMICO 50L;BAHAMAS;ATIVO 
3 - SUPERMERCADO BAHAMAS BARBACENA.;HIPERROLL 100L;BAHAMAS;ATIVO 
3 - SUPERMERCADO BAHAMAS BARBACENA.;HIPERROLL 15L;BAHAMAS;ATIVO 
3 - SUPERMERCADO BAHAMAS BARBACENA.;HIPERROLL 30L;BAHAMAS;ATIVO 
3 - SUPERMERCADO BAHAMAS BARBACENA.;HIPERROLL 50L;BAHAMAS;ATIVO 
3 - SUPERMERCADO BAHAMAS BARBACENA.;REFORCADO 100L;BAHAMAS;ATIVO 
3 - SUPERMERCADO BAHAMAS BARBACENA.;REFORCADO 200L;BAHAMAS;ATIVO 
3 - SUPERMERCADO BAHAMAS BARBACENA.;SACOLA 29X39;BAHAMAS;ATIVO 
3 - SUPERMERCADO BAHAMAS BARBACENA.;SACOLA 29X39 ;BAHAMAS;ATIVO 
3 - SUPERMERCADO BAHAMAS BARBACENA.;SACOLA 38X48;BAHAMAS;ATIVO 
3 - SUPERMERCADO BAHAMAS BARBACENA.;SACOLA 38X48 ;BAHAMAS;ATIVO 
3 - SUPERMERCADO BAHAMAS BARBACENA.;SACOLA VERDE 38X50;BAHAMAS;ATIVO 
3 - SUPERMERCADO BAHAMAS BARBACENA.;SACOLA VERDE 40X50;BAHAMAS;ATIVO 
30 - SUPERMERCADO BAHAMAS CATAGUASES 2.;BOBINA 20X30;BAHAMAS;ATIVO 
30 - SUPERMERCADO BAHAMAS CATAGUASES 2.;BOBINA 25X35;BAHAMAS;ATIVO 
30 - SUPERMERCADO BAHAMAS CATAGUASES 2.;BOBINA 30X40;BAHAMAS;ATIVO 
30 - SUPERMERCADO BAHAMAS CATAGUASES 2.;BRAMIL LIXO 100L;BAHAMAS;ATIVO 
30 - SUPERMERCADO BAHAMAS CATAGUASES 2.;BRAMIL LIXO 100L REF ;BAHAMAS;ATIVO 
30 - SUPERMERCADO BAHAMAS CATAGUASES 2.;BRAMIL LIXO 15L;BAHAMAS;ATIVO 
30 - SUPERMERCADO BAHAMAS CATAGUASES 2.;BRAMIL LIXO 200L REF ;BAHAMAS;ATIVO 
30 - SUPERMERCADO BAHAMAS CATAGUASES 2.;BRAMIL LIXO 30L;BAHAMAS;ATIVO 
30 - SUPERMERCADO BAHAMAS CATAGUASES 2.;BRAMIL LIXO 50L ;BAHAMAS;ATIVO 
30 - SUPERMERCADO BAHAMAS CATAGUASES 2.;ECONOMICO 100L;BAHAMAS;ATIVO 
30 - SUPERMERCADO BAHAMAS CATAGUASES 2.;ECONOMICO 100L ;BAHAMAS;ATIVO 
30 - SUPERMERCADO BAHAMAS CATAGUASES 2.;ECONOMICO 15L;BAHAMAS;ATIVO 
30 - SUPERMERCADO BAHAMAS CATAGUASES 2.;ECONOMICO 30L;BAHAMAS;ATIVO 
30 - SUPERMERCADO BAHAMAS CATAGUASES 2.;ECONOMICO 50L;BAHAMAS;ATIVO 
30 - SUPERMERCADO BAHAMAS CATAGUASES 2.;HIPERROLL 100L;BAHAMAS;ATIVO 
30 - SUPERMERCADO BAHAMAS CATAGUASES 2.;HIPERROLL 15L;BAHAMAS;ATIVO 
30 - SUPERMERCADO BAHAMAS CATAGUASES 2.;HIPERROLL 30L;BAHAMAS;ATIVO 
30 - SUPERMERCADO BAHAMAS CATAGUASES 2.;HIPERROLL 50L;BAHAMAS;ATIVO 
30 - SUPERMERCADO BAHAMAS CATAGUASES 2.;REFORCADO 100L;BAHAMAS;ATIVO 
30 - SUPERMERCADO BAHAMAS CATAGUASES 2.;REFORCADO 200L;BAHAMAS;ATIVO 
30 - SUPERMERCADO BAHAMAS CATAGUASES 2.;SACOLA 29X39;BAHAMAS;ATIVO 
30 - SUPERMERCADO BAHAMAS CATAGUASES 2.;SACOLA 29X39 ;BAHAMAS;ATIVO 
30 - SUPERMERCADO BAHAMAS CATAGUASES 2.;SACOLA 38X48;BAHAMAS;ATIVO 
30 - SUPERMERCADO BAHAMAS CATAGUASES 2.;SACOLA 38X48 ;BAHAMAS;ATIVO 
30 - SUPERMERCADO BAHAMAS CATAGUASES 2.;SACOLA VERDE 38X50;BAHAMAS;ATIVO 
30 - SUPERMERCADO BAHAMAS CATAGUASES 2.;SACOLA VERDE 40X50;BAHAMAS;ATIVO 
32 - BAHAMAS MIX UBERLANDIA J. PINHEIRO;BOBINA 20X30;BAHAMAS;ATIVO 
32 - BAHAMAS MIX UBERLANDIA J. PINHEIRO;BOBINA 25X35;BAHAMAS;ATIVO 
32 - BAHAMAS MIX UBERLANDIA J. PINHEIRO;BOBINA 30X40;BAHAMAS;ATIVO 
32 - BAHAMAS MIX UBERLANDIA J. PINHEIRO;BRAMIL LIXO 100L;BAHAMAS;ATIVO 
32 - BAHAMAS MIX UBERLANDIA J. PINHEIRO;BRAMIL LIXO 100L REF ;BAHAMAS;ATIVO 
32 - BAHAMAS MIX UBERLANDIA J. PINHEIRO;BRAMIL LIXO 15L;BAHAMAS;ATIVO 
32 - BAHAMAS MIX UBERLANDIA J. PINHEIRO;BRAMIL LIXO 200L REF ;BAHAMAS;ATIVO 
32 - BAHAMAS MIX UBERLANDIA J. PINHEIRO;BRAMIL LIXO 30L;BAHAMAS;ATIVO 
32 - BAHAMAS MIX UBERLANDIA J. PINHEIRO;BRAMIL LIXO 50L ;BAHAMAS;ATIVO 
32 - BAHAMAS MIX UBERLANDIA J. PINHEIRO;ECONOMICO 100L;BAHAMAS;ATIVO 
32 - BAHAMAS MIX UBERLANDIA J. PINHEIRO;ECONOMICO 100L ;BAHAMAS;ATIVO 
32 - BAHAMAS MIX UBERLANDIA J. PINHEIRO;ECONOMICO 15L;BAHAMAS;ATIVO 
32 - BAHAMAS MIX UBERLANDIA J. PINHEIRO;ECONOMICO 30L;BAHAMAS;ATIVO 
32 - BAHAMAS MIX UBERLANDIA J. PINHEIRO;ECONOMICO 50L;BAHAMAS;ATIVO 
32 - BAHAMAS MIX UBERLANDIA J. PINHEIRO;HIPERROLL 100L;BAHAMAS;ATIVO 
32 - BAHAMAS MIX UBERLANDIA J. PINHEIRO;HIPERROLL 15L;BAHAMAS;ATIVO 
32 - BAHAMAS MIX UBERLANDIA J. PINHEIRO;HIPERROLL 30L;BAHAMAS;ATIVO 
32 - BAHAMAS MIX UBERLANDIA J. PINHEIRO;HIPERROLL 50L;BAHAMAS;ATIVO 
32 - BAHAMAS MIX UBERLANDIA J. PINHEIRO;REFORCADO 100L;BAHAMAS;ATIVO 
32 - BAHAMAS MIX UBERLANDIA J. PINHEIRO;REFORCADO 200L;BAHAMAS;ATIVO 
32 - BAHAMAS MIX UBERLANDIA J. PINHEIRO;SACOLA 29X39;BAHAMAS;ATIVO 
32 - BAHAMAS MIX UBERLANDIA J. PINHEIRO;SACOLA 29X39 ;BAHAMAS;ATIVO 
32 - BAHAMAS MIX UBERLANDIA J. PINHEIRO;SACOLA 38X48;BAHAMAS;ATIVO 
32 - BAHAMAS MIX UBERLANDIA J. PINHEIRO;SACOLA 38X48 ;BAHAMAS;ATIVO 
32 - BAHAMAS MIX UBERLANDIA J. PINHEIRO;SACOLA VERDE 38X50;BAHAMAS;ATIVO 
32 - BAHAMAS MIX UBERLANDIA J. PINHEIRO;SACOLA VERDE 40X50;BAHAMAS;ATIVO 
33 - SUPERMERCADO BAHAMAS UBERLANDIA STA ROSA.;BOBINA 20X30;BAHAMAS;ATIVO 
33 - SUPERMERCADO BAHAMAS UBERLANDIA STA ROSA.;BOBINA 25X35;BAHAMAS;ATIVO 
33 - SUPERMERCADO BAHAMAS UBERLANDIA STA ROSA.;BOBINA 30X40;BAHAMAS;ATIVO 
33 - SUPERMERCADO BAHAMAS UBERLANDIA STA ROSA.;BRAMIL LIXO 100L;BAHAMAS;ATIVO 
33 - SUPERMERCADO BAHAMAS UBERLANDIA STA ROSA.;BRAMIL LIXO 100L REF ;BAHAMAS;ATIVO 
33 - SUPERMERCADO BAHAMAS UBERLANDIA STA ROSA.;BRAMIL LIXO 15L;BAHAMAS;ATIVO 
33 - SUPERMERCADO BAHAMAS UBERLANDIA STA ROSA.;BRAMIL LIXO 200L REF ;BAHAMAS;ATIVO 
33 - SUPERMERCADO BAHAMAS UBERLANDIA STA ROSA.;BRAMIL LIXO 30L;BAHAMAS;ATIVO 
33 - SUPERMERCADO BAHAMAS UBERLANDIA STA ROSA.;BRAMIL LIXO 50L ;BAHAMAS;ATIVO 
33 - SUPERMERCADO BAHAMAS UBERLANDIA STA ROSA.;ECONOMICO 100L;BAHAMAS;ATIVO 
33 - SUPERMERCADO BAHAMAS UBERLANDIA STA ROSA.;ECONOMICO 100L ;BAHAMAS;ATIVO 
33 - SUPERMERCADO BAHAMAS UBERLANDIA STA ROSA.;ECONOMICO 15L;BAHAMAS;ATIVO 
33 - SUPERMERCADO BAHAMAS UBERLANDIA STA ROSA.;ECONOMICO 30L;BAHAMAS;ATIVO 
33 - SUPERMERCADO BAHAMAS UBERLANDIA STA ROSA.;ECONOMICO 50L;BAHAMAS;ATIVO 
33 - SUPERMERCADO BAHAMAS UBERLANDIA STA ROSA.;HIPERROLL 100L;BAHAMAS;ATIVO 
33 - SUPERMERCADO BAHAMAS UBERLANDIA STA ROSA.;HIPERROLL 15L;BAHAMAS;ATIVO 
33 - SUPERMERCADO BAHAMAS UBERLANDIA STA ROSA.;HIPERROLL 30L;BAHAMAS;ATIVO 
33 - SUPERMERCADO BAHAMAS UBERLANDIA STA ROSA.;HIPERROLL 50L;BAHAMAS;ATIVO 
33 - SUPERMERCADO BAHAMAS UBERLANDIA STA ROSA.;REFORCADO 100L;BAHAMAS;ATIVO 
33 - SUPERMERCADO BAHAMAS UBERLANDIA STA ROSA.;REFORCADO 200L;BAHAMAS;ATIVO 
33 - SUPERMERCADO BAHAMAS UBERLANDIA STA ROSA.;SACOLA 29X39;BAHAMAS;ATIVO 
33 - SUPERMERCADO BAHAMAS UBERLANDIA STA ROSA.;SACOLA 29X39 ;BAHAMAS;ATIVO 
33 - SUPERMERCADO BAHAMAS UBERLANDIA STA ROSA.;SACOLA 38X48;BAHAMAS;ATIVO 
33 - SUPERMERCADO BAHAMAS UBERLANDIA STA ROSA.;SACOLA 38X48 ;BAHAMAS;ATIVO 
33 - SUPERMERCADO BAHAMAS UBERLANDIA STA ROSA.;SACOLA VERDE 38X50;BAHAMAS;ATIVO 
33 - SUPERMERCADO BAHAMAS UBERLANDIA STA ROSA.;SACOLA VERDE 40X50;BAHAMAS;ATIVO 
34 - BAHAMAS MIX MURIAE.;BOBINA 20X30;BAHAMAS;ATIVO 
34 - BAHAMAS MIX MURIAE.;BOBINA 25X35;BAHAMAS;ATIVO 
34 - BAHAMAS MIX MURIAE.;BOBINA 30X40;BAHAMAS;ATIVO 
34 - BAHAMAS MIX MURIAE.;BRAMIL LIXO 100L;BAHAMAS;ATIVO 
34 - BAHAMAS MIX MURIAE.;BRAMIL LIXO 100L REF ;BAHAMAS;ATIVO 
34 - BAHAMAS MIX MURIAE.;BRAMIL LIXO 15L;BAHAMAS;ATIVO 
34 - BAHAMAS MIX MURIAE.;BRAMIL LIXO 200L REF ;BAHAMAS;ATIVO 
34 - BAHAMAS MIX MURIAE.;BRAMIL LIXO 30L;BAHAMAS;ATIVO 
34 - BAHAMAS MIX MURIAE.;BRAMIL LIXO 50L ;BAHAMAS;ATIVO 
34 - BAHAMAS MIX MURIAE.;ECONOMICO 100L;BAHAMAS;ATIVO 
34 - BAHAMAS MIX MURIAE.;ECONOMICO 100L ;BAHAMAS;ATIVO 
34 - BAHAMAS MIX MURIAE.;ECONOMICO 15L;BAHAMAS;ATIVO 
34 - BAHAMAS MIX MURIAE.;ECONOMICO 30L;BAHAMAS;ATIVO 
34 - BAHAMAS MIX MURIAE.;ECONOMICO 50L;BAHAMAS;ATIVO 
34 - BAHAMAS MIX MURIAE.;HIPERROLL 100L;BAHAMAS;ATIVO 
34 - BAHAMAS MIX MURIAE.;HIPERROLL 15L;BAHAMAS;ATIVO 
34 - BAHAMAS MIX MURIAE.;HIPERROLL 30L;BAHAMAS;ATIVO 
34 - BAHAMAS MIX MURIAE.;HIPERROLL 50L;BAHAMAS;ATIVO 
34 - BAHAMAS MIX MURIAE.;REFORCADO 100L;BAHAMAS;ATIVO 
34 - BAHAMAS MIX MURIAE.;REFORCADO 200L;BAHAMAS;ATIVO 
34 - BAHAMAS MIX MURIAE.;SACOLA 29X39;BAHAMAS;ATIVO 
34 - BAHAMAS MIX MURIAE.;SACOLA 29X39 ;BAHAMAS;ATIVO 
34 - BAHAMAS MIX MURIAE.;SACOLA 38X48;BAHAMAS;ATIVO 
34 - BAHAMAS MIX MURIAE.;SACOLA 38X48 ;BAHAMAS;ATIVO 
34 - BAHAMAS MIX MURIAE.;SACOLA VERDE 38X50;BAHAMAS;ATIVO 
34 - BAHAMAS MIX MURIAE.;SACOLA VERDE 40X50;BAHAMAS;ATIVO 
35 - BAHAMAS MIX LEOPOLDINA.;BOBINA 20X30;BAHAMAS;ATIVO 
35 - BAHAMAS MIX LEOPOLDINA.;BOBINA 25X35;BAHAMAS;ATIVO 
35 - BAHAMAS MIX LEOPOLDINA.;BOBINA 30X40;BAHAMAS;ATIVO 
35 - BAHAMAS MIX LEOPOLDINA.;BRAMIL LIXO 100L;BAHAMAS;ATIVO 
35 - BAHAMAS MIX LEOPOLDINA.;BRAMIL LIXO 100L REF ;BAHAMAS;ATIVO 
35 - BAHAMAS MIX LEOPOLDINA.;BRAMIL LIXO 15L;BAHAMAS;ATIVO 
35 - BAHAMAS MIX LEOPOLDINA.;BRAMIL LIXO 200L REF ;BAHAMAS;ATIVO 
35 - BAHAMAS MIX LEOPOLDINA.;BRAMIL LIXO 30L;BAHAMAS;ATIVO 
35 - BAHAMAS MIX LEOPOLDINA.;BRAMIL LIXO 50L ;BAHAMAS;ATIVO 
35 - BAHAMAS MIX LEOPOLDINA.;ECONOMICO 100L;BAHAMAS;ATIVO 
35 - BAHAMAS MIX LEOPOLDINA.;ECONOMICO 100L ;BAHAMAS;ATIVO 
35 - BAHAMAS MIX LEOPOLDINA.;ECONOMICO 15L;BAHAMAS;ATIVO 
35 - BAHAMAS MIX LEOPOLDINA.;ECONOMICO 30L;BAHAMAS;ATIVO 
35 - BAHAMAS MIX LEOPOLDINA.;ECONOMICO 50L;BAHAMAS;ATIVO 
35 - BAHAMAS MIX LEOPOLDINA.;HIPERROLL 100L;BAHAMAS;ATIVO 
35 - BAHAMAS MIX LEOPOLDINA.;HIPERROLL 15L;BAHAMAS;ATIVO 
35 - BAHAMAS MIX LEOPOLDINA.;HIPERROLL 30L;BAHAMAS;ATIVO 
35 - BAHAMAS MIX LEOPOLDINA.;HIPERROLL 50L;BAHAMAS;ATIVO 
35 - BAHAMAS MIX LEOPOLDINA.;REFORCADO 100L;BAHAMAS;ATIVO 
35 - BAHAMAS MIX LEOPOLDINA.;REFORCADO 200L;BAHAMAS;ATIVO 
35 - BAHAMAS MIX LEOPOLDINA.;SACOLA 29X39;BAHAMAS;ATIVO 
35 - BAHAMAS MIX LEOPOLDINA.;SACOLA 29X39 ;BAHAMAS;ATIVO 
35 - BAHAMAS MIX LEOPOLDINA.;SACOLA 38X48;BAHAMAS;ATIVO 
35 - BAHAMAS MIX LEOPOLDINA.;SACOLA 38X48 ;BAHAMAS;ATIVO 
35 - BAHAMAS MIX LEOPOLDINA.;SACOLA VERDE 38X50;BAHAMAS;ATIVO 
35 - BAHAMAS MIX LEOPOLDINA.;SACOLA VERDE 40X50;BAHAMAS;ATIVO 
38 - SUPERMERCADO BAHAMAS UBERLANDIA GRANADA;BOBINA 20X30;BAHAMAS;ATIVO 
38 - SUPERMERCADO BAHAMAS UBERLANDIA GRANADA;BOBINA 25X35;BAHAMAS;ATIVO 
38 - SUPERMERCADO BAHAMAS UBERLANDIA GRANADA;BOBINA 30X40;BAHAMAS;ATIVO 
38 - SUPERMERCADO BAHAMAS UBERLANDIA GRANADA;BRAMIL LIXO 100L;BAHAMAS;ATIVO 
38 - SUPERMERCADO BAHAMAS UBERLANDIA GRANADA;BRAMIL LIXO 100L REF ;BAHAMAS;ATIVO 
38 - SUPERMERCADO BAHAMAS UBERLANDIA GRANADA;BRAMIL LIXO 15L;BAHAMAS;ATIVO 
38 - SUPERMERCADO BAHAMAS UBERLANDIA GRANADA;BRAMIL LIXO 200L REF ;BAHAMAS;ATIVO 
38 - SUPERMERCADO BAHAMAS UBERLANDIA GRANADA;BRAMIL LIXO 30L;BAHAMAS;ATIVO 
38 - SUPERMERCADO BAHAMAS UBERLANDIA GRANADA;BRAMIL LIXO 50L ;BAHAMAS;ATIVO 
38 - SUPERMERCADO BAHAMAS UBERLANDIA GRANADA;ECONOMICO 100L;BAHAMAS;ATIVO 
38 - SUPERMERCADO BAHAMAS UBERLANDIA GRANADA;ECONOMICO 100L ;BAHAMAS;ATIVO 
38 - SUPERMERCADO BAHAMAS UBERLANDIA GRANADA;ECONOMICO 15L;BAHAMAS;ATIVO 
38 - SUPERMERCADO BAHAMAS UBERLANDIA GRANADA;ECONOMICO 30L;BAHAMAS;ATIVO 
38 - SUPERMERCADO BAHAMAS UBERLANDIA GRANADA;ECONOMICO 50L;BAHAMAS;ATIVO 
38 - SUPERMERCADO BAHAMAS UBERLANDIA GRANADA;HIPERROLL 100L;BAHAMAS;ATIVO 
38 - SUPERMERCADO BAHAMAS UBERLANDIA GRANADA;HIPERROLL 15L;BAHAMAS;ATIVO 
38 - SUPERMERCADO BAHAMAS UBERLANDIA GRANADA;HIPERROLL 30L;BAHAMAS;ATIVO 
38 - SUPERMERCADO BAHAMAS UBERLANDIA GRANADA;HIPERROLL 50L;BAHAMAS;ATIVO 
38 - SUPERMERCADO BAHAMAS UBERLANDIA GRANADA;REFORCADO 100L;BAHAMAS;ATIVO 
38 - SUPERMERCADO BAHAMAS UBERLANDIA GRANADA;REFORCADO 200L;BAHAMAS;ATIVO 
38 - SUPERMERCADO BAHAMAS UBERLANDIA GRANADA;SACOLA 29X39;BAHAMAS;ATIVO 
38 - SUPERMERCADO BAHAMAS UBERLANDIA GRANADA;SACOLA 29X39 ;BAHAMAS;ATIVO 
38 - SUPERMERCADO BAHAMAS UBERLANDIA GRANADA;SACOLA 38X48;BAHAMAS;ATIVO 
38 - SUPERMERCADO BAHAMAS UBERLANDIA GRANADA;SACOLA 38X48 ;BAHAMAS;ATIVO 
38 - SUPERMERCADO BAHAMAS UBERLANDIA GRANADA;SACOLA VERDE 38X50;BAHAMAS;ATIVO 
38 - SUPERMERCADO BAHAMAS UBERLANDIA GRANADA;SACOLA VERDE 40X50;BAHAMAS;ATIVO 
39 - BAHAMAS MIX UBERLANDIA AEROPORTO;BOBINA 20X30;BAHAMAS;ATIVO 
39 - BAHAMAS MIX UBERLANDIA AEROPORTO;BOBINA 25X35;BAHAMAS;ATIVO 
39 - BAHAMAS MIX UBERLANDIA AEROPORTO;BOBINA 30X40;BAHAMAS;ATIVO 
39 - BAHAMAS MIX UBERLANDIA AEROPORTO;BRAMIL LIXO 100L;BAHAMAS;ATIVO 
39 - BAHAMAS MIX UBERLANDIA AEROPORTO;BRAMIL LIXO 100L REF ;BAHAMAS;ATIVO 
39 - BAHAMAS MIX UBERLANDIA AEROPORTO;BRAMIL LIXO 15L;BAHAMAS;ATIVO 
39 - BAHAMAS MIX UBERLANDIA AEROPORTO;BRAMIL LIXO 200L REF ;BAHAMAS;ATIVO 
39 - BAHAMAS MIX UBERLANDIA AEROPORTO;BRAMIL LIXO 30L;BAHAMAS;ATIVO 
39 - BAHAMAS MIX UBERLANDIA AEROPORTO;BRAMIL LIXO 50L ;BAHAMAS;ATIVO 
39 - BAHAMAS MIX UBERLANDIA AEROPORTO;ECONOMICO 100L;BAHAMAS;ATIVO 
39 - BAHAMAS MIX UBERLANDIA AEROPORTO;ECONOMICO 100L ;BAHAMAS;ATIVO 
39 - BAHAMAS MIX UBERLANDIA AEROPORTO;ECONOMICO 15L;BAHAMAS;ATIVO 
39 - BAHAMAS MIX UBERLANDIA AEROPORTO;ECONOMICO 30L;BAHAMAS;ATIVO 
39 - BAHAMAS MIX UBERLANDIA AEROPORTO;ECONOMICO 50L;BAHAMAS;ATIVO 
39 - BAHAMAS MIX UBERLANDIA AEROPORTO;HIPERROLL 100L;BAHAMAS;ATIVO 
39 - BAHAMAS MIX UBERLANDIA AEROPORTO;HIPERROLL 15L;BAHAMAS;ATIVO 
39 - BAHAMAS MIX UBERLANDIA AEROPORTO;HIPERROLL 30L;BAHAMAS;ATIVO 
39 - BAHAMAS MIX UBERLANDIA AEROPORTO;HIPERROLL 50L;BAHAMAS;ATIVO 
39 - BAHAMAS MIX UBERLANDIA AEROPORTO;REFORCADO 100L;BAHAMAS;ATIVO 
39 - BAHAMAS MIX UBERLANDIA AEROPORTO;REFORCADO 200L;BAHAMAS;ATIVO 
39 - BAHAMAS MIX UBERLANDIA AEROPORTO;SACOLA 29X39;BAHAMAS;ATIVO 
39 - BAHAMAS MIX UBERLANDIA AEROPORTO;SACOLA 29X39 ;BAHAMAS;ATIVO 
39 - BAHAMAS MIX UBERLANDIA AEROPORTO;SACOLA 38X48;BAHAMAS;ATIVO 
39 - BAHAMAS MIX UBERLANDIA AEROPORTO;SACOLA 38X48 ;BAHAMAS;ATIVO 
39 - BAHAMAS MIX UBERLANDIA AEROPORTO;SACOLA VERDE 38X50;BAHAMAS;ATIVO 
39 - BAHAMAS MIX UBERLANDIA AEROPORTO;SACOLA VERDE 40X50;BAHAMAS;ATIVO 
4 - MERCADO BAHAMAS JF STA LUZIA.;BOBINA 20X30;BAHAMAS JF;ATIVO 
4 - MERCADO BAHAMAS JF STA LUZIA.;BOBINA 25X35;BAHAMAS JF;ATIVO 
4 - MERCADO BAHAMAS JF STA LUZIA.;BOBINA 30X40;BAHAMAS JF;ATIVO 
4 - MERCADO BAHAMAS JF STA LUZIA.;BRAMIL LIXO 100L;BAHAMAS JF;ATIVO 
4 - MERCADO BAHAMAS JF STA LUZIA.;BRAMIL LIXO 100L REF ;BAHAMAS JF;ATIVO 
4 - MERCADO BAHAMAS JF STA LUZIA.;BRAMIL LIXO 15L;BAHAMAS JF;ATIVO 
4 - MERCADO BAHAMAS JF STA LUZIA.;BRAMIL LIXO 200L REF ;BAHAMAS JF;ATIVO 
4 - MERCADO BAHAMAS JF STA LUZIA.;BRAMIL LIXO 30L;BAHAMAS JF;ATIVO 
4 - MERCADO BAHAMAS JF STA LUZIA.;BRAMIL LIXO 50L ;BAHAMAS JF;ATIVO 
4 - MERCADO BAHAMAS JF STA LUZIA.;ECONOMICO 100L;BAHAMAS JF;ATIVO 
4 - MERCADO BAHAMAS JF STA LUZIA.;ECONOMICO 100L ;BAHAMAS JF;ATIVO 
4 - MERCADO BAHAMAS JF STA LUZIA.;ECONOMICO 15L;BAHAMAS JF;ATIVO 
4 - MERCADO BAHAMAS JF STA LUZIA.;ECONOMICO 30L;BAHAMAS JF;ATIVO 
4 - MERCADO BAHAMAS JF STA LUZIA.;ECONOMICO 50L;BAHAMAS JF;ATIVO 
4 - MERCADO BAHAMAS JF STA LUZIA.;HIPERROLL 100L;BAHAMAS JF;ATIVO 
4 - MERCADO BAHAMAS JF STA LUZIA.;HIPERROLL 15L;BAHAMAS JF;ATIVO 
4 - MERCADO BAHAMAS JF STA LUZIA.;HIPERROLL 30L;BAHAMAS JF;ATIVO 
4 - MERCADO BAHAMAS JF STA LUZIA.;HIPERROLL 50L;BAHAMAS JF;ATIVO 
4 - MERCADO BAHAMAS JF STA LUZIA.;REFORCADO 100L;BAHAMAS JF;ATIVO 
4 - MERCADO BAHAMAS JF STA LUZIA.;REFORCADO 200L;BAHAMAS JF;ATIVO 
4 - MERCADO BAHAMAS JF STA LUZIA.;SACOLA 29X39;BAHAMAS JF;ATIVO 
4 - MERCADO BAHAMAS JF STA LUZIA.;SACOLA 29X39 ;BAHAMAS JF;ATIVO 
4 - MERCADO BAHAMAS JF STA LUZIA.;SACOLA 38X48;BAHAMAS JF;ATIVO 
4 - MERCADO BAHAMAS JF STA LUZIA.;SACOLA 38X48 ;BAHAMAS JF;ATIVO 
4 - MERCADO BAHAMAS JF STA LUZIA.;SACOLA VERDE 38X50;BAHAMAS JF;ATIVO 
4 - MERCADO BAHAMAS JF STA LUZIA.;SACOLA VERDE 40X50;BAHAMAS JF;ATIVO 
40 - BAHAMAS MIX UBA;BOBINA 20X30;BAHAMAS;ATIVO 
40 - BAHAMAS MIX UBA;BOBINA 25X35;BAHAMAS;ATIVO 
40 - BAHAMAS MIX UBA;BOBINA 30X40;BAHAMAS;ATIVO 
40 - BAHAMAS MIX UBA;BRAMIL LIXO 100L;BAHAMAS;ATIVO 
40 - BAHAMAS MIX UBA;BRAMIL LIXO 100L REF ;BAHAMAS;ATIVO 
40 - BAHAMAS MIX UBA;BRAMIL LIXO 15L;BAHAMAS;ATIVO 
40 - BAHAMAS MIX UBA;BRAMIL LIXO 200L REF ;BAHAMAS;ATIVO 
40 - BAHAMAS MIX UBA;BRAMIL LIXO 30L;BAHAMAS;ATIVO 
40 - BAHAMAS MIX UBA;BRAMIL LIXO 50L ;BAHAMAS;ATIVO 
40 - BAHAMAS MIX UBA;ECONOMICO 100L;BAHAMAS;ATIVO 
40 - BAHAMAS MIX UBA;ECONOMICO 100L ;BAHAMAS;ATIVO 
40 - BAHAMAS MIX UBA;ECONOMICO 15L;BAHAMAS;ATIVO 
40 - BAHAMAS MIX UBA;ECONOMICO 30L;BAHAMAS;ATIVO 
40 - BAHAMAS MIX UBA;ECONOMICO 50L;BAHAMAS;ATIVO 
40 - BAHAMAS MIX UBA;HIPERROLL 100L;BAHAMAS;ATIVO 
40 - BAHAMAS MIX UBA;HIPERROLL 15L;BAHAMAS;ATIVO 
40 - BAHAMAS MIX UBA;HIPERROLL 30L;BAHAMAS;ATIVO 
40 - BAHAMAS MIX UBA;HIPERROLL 50L;BAHAMAS;ATIVO 
40 - BAHAMAS MIX UBA;REFORCADO 100L;BAHAMAS;ATIVO 
40 - BAHAMAS MIX UBA;REFORCADO 200L;BAHAMAS;ATIVO 
40 - BAHAMAS MIX UBA;SACOLA 29X39;BAHAMAS;ATIVO 
40 - BAHAMAS MIX UBA;SACOLA 29X39 ;BAHAMAS;ATIVO 
40 - BAHAMAS MIX UBA;SACOLA 38X48;BAHAMAS;ATIVO 
40 - BAHAMAS MIX UBA;SACOLA 38X48 ;BAHAMAS;ATIVO 
40 - BAHAMAS MIX UBA;SACOLA VERDE 38X50;BAHAMAS;ATIVO 
40 - BAHAMAS MIX UBA;SACOLA VERDE 40X50;BAHAMAS;ATIVO 
42 - BAHAMAS MIX ALEM PARAIBA;BOBINA 20X30;BAHAMAS;ATIVO 
42 - BAHAMAS MIX ALEM PARAIBA;BOBINA 25X35;BAHAMAS;ATIVO 
42 - BAHAMAS MIX ALEM PARAIBA;BOBINA 30X40;BAHAMAS;ATIVO 
42 - BAHAMAS MIX ALEM PARAIBA;BRAMIL LIXO 100L;BAHAMAS;ATIVO 
42 - BAHAMAS MIX ALEM PARAIBA;BRAMIL LIXO 100L REF ;BAHAMAS;ATIVO 
42 - BAHAMAS MIX ALEM PARAIBA;BRAMIL LIXO 15L;BAHAMAS;ATIVO 
42 - BAHAMAS MIX ALEM PARAIBA;BRAMIL LIXO 200L REF ;BAHAMAS;ATIVO 
42 - BAHAMAS MIX ALEM PARAIBA;BRAMIL LIXO 30L;BAHAMAS;ATIVO 
42 - BAHAMAS MIX ALEM PARAIBA;BRAMIL LIXO 50L ;BAHAMAS;ATIVO 
42 - BAHAMAS MIX ALEM PARAIBA;ECONOMICO 100L;BAHAMAS;ATIVO 
42 - BAHAMAS MIX ALEM PARAIBA;ECONOMICO 100L ;BAHAMAS;ATIVO 
42 - BAHAMAS MIX ALEM PARAIBA;ECONOMICO 15L;BAHAMAS;ATIVO 
42 - BAHAMAS MIX ALEM PARAIBA;ECONOMICO 30L;BAHAMAS;ATIVO 
42 - BAHAMAS MIX ALEM PARAIBA;ECONOMICO 50L;BAHAMAS;ATIVO 
42 - BAHAMAS MIX ALEM PARAIBA;HIPERROLL 100L;BAHAMAS;ATIVO 
42 - BAHAMAS MIX ALEM PARAIBA;HIPERROLL 15L;BAHAMAS;ATIVO 
42 - BAHAMAS MIX ALEM PARAIBA;HIPERROLL 30L;BAHAMAS;ATIVO 
42 - BAHAMAS MIX ALEM PARAIBA;HIPERROLL 50L;BAHAMAS;ATIVO 
42 - BAHAMAS MIX ALEM PARAIBA;REFORCADO 100L;BAHAMAS;ATIVO 
42 - BAHAMAS MIX ALEM PARAIBA;REFORCADO 200L;BAHAMAS;ATIVO 
42 - BAHAMAS MIX ALEM PARAIBA;SACOLA 29X39;BAHAMAS;ATIVO 
42 - BAHAMAS MIX ALEM PARAIBA;SACOLA 29X39 ;BAHAMAS;ATIVO 
42 - BAHAMAS MIX ALEM PARAIBA;SACOLA 38X48;BAHAMAS;ATIVO 
42 - BAHAMAS MIX ALEM PARAIBA;SACOLA 38X48 ;BAHAMAS;ATIVO 
42 - BAHAMAS MIX ALEM PARAIBA;SACOLA VERDE 38X50;BAHAMAS;ATIVO 
42 - BAHAMAS MIX ALEM PARAIBA;SACOLA VERDE 40X50;BAHAMAS;ATIVO 
43 - BAHAMAS MIX SAO JOAO DEL REI;BOBINA 20X30;BAHAMAS;ATIVO 
43 - BAHAMAS MIX SAO JOAO DEL REI;BOBINA 25X35;BAHAMAS;ATIVO 
43 - BAHAMAS MIX SAO JOAO DEL REI;BOBINA 30X40;BAHAMAS;ATIVO 
43 - BAHAMAS MIX SAO JOAO DEL REI;BRAMIL LIXO 100L;BAHAMAS;ATIVO 
43 - BAHAMAS MIX SAO JOAO DEL REI;BRAMIL LIXO 100L REF ;BAHAMAS;ATIVO 
43 - BAHAMAS MIX SAO JOAO DEL REI;BRAMIL LIXO 15L;BAHAMAS;ATIVO 
43 - BAHAMAS MIX SAO JOAO DEL REI;BRAMIL LIXO 200L REF ;BAHAMAS;ATIVO 
43 - BAHAMAS MIX SAO JOAO DEL REI;BRAMIL LIXO 30L;BAHAMAS;ATIVO 
43 - BAHAMAS MIX SAO JOAO DEL REI;BRAMIL LIXO 50L ;BAHAMAS;ATIVO 
43 - BAHAMAS MIX SAO JOAO DEL REI;ECONOMICO 100L;BAHAMAS;ATIVO 
43 - BAHAMAS MIX SAO JOAO DEL REI;ECONOMICO 100L ;BAHAMAS;ATIVO 
43 - BAHAMAS MIX SAO JOAO DEL REI;ECONOMICO 15L;BAHAMAS;ATIVO 
43 - BAHAMAS MIX SAO JOAO DEL REI;ECONOMICO 30L;BAHAMAS;ATIVO 
43 - BAHAMAS MIX SAO JOAO DEL REI;ECONOMICO 50L;BAHAMAS;ATIVO 
43 - BAHAMAS MIX SAO JOAO DEL REI;HIPERROLL 100L;BAHAMAS;ATIVO 
43 - BAHAMAS MIX SAO JOAO DEL REI;HIPERROLL 15L;BAHAMAS;ATIVO 
43 - BAHAMAS MIX SAO JOAO DEL REI;HIPERROLL 30L;BAHAMAS;ATIVO 
43 - BAHAMAS MIX SAO JOAO DEL REI;HIPERROLL 50L;BAHAMAS;ATIVO 
43 - BAHAMAS MIX SAO JOAO DEL REI;REFORCADO 100L;BAHAMAS;ATIVO 
43 - BAHAMAS MIX SAO JOAO DEL REI;REFORCADO 200L;BAHAMAS;ATIVO 
43 - BAHAMAS MIX SAO JOAO DEL REI;SACOLA 29X39;BAHAMAS;ATIVO 
43 - BAHAMAS MIX SAO JOAO DEL REI;SACOLA 29X39 ;BAHAMAS;ATIVO 
43 - BAHAMAS MIX SAO JOAO DEL REI;SACOLA 38X48;BAHAMAS;ATIVO 
43 - BAHAMAS MIX SAO JOAO DEL REI;SACOLA 38X48 ;BAHAMAS;ATIVO 
43 - BAHAMAS MIX SAO JOAO DEL REI;SACOLA VERDE 38X50;BAHAMAS;ATIVO 
43 - BAHAMAS MIX SAO JOAO DEL REI;SACOLA VERDE 40X50;BAHAMAS;ATIVO 
44 - BAHAMAS MIX UBERABA NSRA DO DESTERRO;BOBINA 20X30;BAHAMAS;ATIVO 
44 - BAHAMAS MIX UBERABA NSRA DO DESTERRO;BOBINA 25X35;BAHAMAS;ATIVO 
44 - BAHAMAS MIX UBERABA NSRA DO DESTERRO;BOBINA 30X40;BAHAMAS;ATIVO 
44 - BAHAMAS MIX UBERABA NSRA DO DESTERRO;BRAMIL LIXO 100L;BAHAMAS;ATIVO 
44 - BAHAMAS MIX UBERABA NSRA DO DESTERRO;BRAMIL LIXO 100L REF ;BAHAMAS;ATIVO 
44 - BAHAMAS MIX UBERABA NSRA DO DESTERRO;BRAMIL LIXO 15L;BAHAMAS;ATIVO 
44 - BAHAMAS MIX UBERABA NSRA DO DESTERRO;BRAMIL LIXO 200L REF ;BAHAMAS;ATIVO 
44 - BAHAMAS MIX UBERABA NSRA DO DESTERRO;BRAMIL LIXO 30L;BAHAMAS;ATIVO 
44 - BAHAMAS MIX UBERABA NSRA DO DESTERRO;BRAMIL LIXO 50L ;BAHAMAS;ATIVO 
44 - BAHAMAS MIX UBERABA NSRA DO DESTERRO;ECONOMICO 100L;BAHAMAS;ATIVO 
44 - BAHAMAS MIX UBERABA NSRA DO DESTERRO;ECONOMICO 100L ;BAHAMAS;ATIVO 
44 - BAHAMAS MIX UBERABA NSRA DO DESTERRO;ECONOMICO 15L;BAHAMAS;ATIVO 
44 - BAHAMAS MIX UBERABA NSRA DO DESTERRO;ECONOMICO 30L;BAHAMAS;ATIVO 
44 - BAHAMAS MIX UBERABA NSRA DO DESTERRO;ECONOMICO 50L;BAHAMAS;ATIVO 
44 - BAHAMAS MIX UBERABA NSRA DO DESTERRO;HIPERROLL 100L;BAHAMAS;ATIVO 
44 - BAHAMAS MIX UBERABA NSRA DO DESTERRO;HIPERROLL 15L;BAHAMAS;ATIVO 
44 - BAHAMAS MIX UBERABA NSRA DO DESTERRO;HIPERROLL 30L;BAHAMAS;ATIVO 
44 - BAHAMAS MIX UBERABA NSRA DO DESTERRO;HIPERROLL 50L;BAHAMAS;ATIVO 
44 - BAHAMAS MIX UBERABA NSRA DO DESTERRO;REFORCADO 100L;BAHAMAS;ATIVO 
44 - BAHAMAS MIX UBERABA NSRA DO DESTERRO;REFORCADO 200L;BAHAMAS;ATIVO 
44 - BAHAMAS MIX UBERABA NSRA DO DESTERRO;SACOLA 29X39;BAHAMAS;ATIVO 
44 - BAHAMAS MIX UBERABA NSRA DO DESTERRO;SACOLA 29X39 ;BAHAMAS;ATIVO 
44 - BAHAMAS MIX UBERABA NSRA DO DESTERRO;SACOLA 38X48;BAHAMAS;ATIVO 
44 - BAHAMAS MIX UBERABA NSRA DO DESTERRO;SACOLA 38X48 ;BAHAMAS;ATIVO 
44 - BAHAMAS MIX UBERABA NSRA DO DESTERRO;SACOLA VERDE 38X50;BAHAMAS;ATIVO 
44 - BAHAMAS MIX UBERABA NSRA DO DESTERRO;SACOLA VERDE 40X50;BAHAMAS;ATIVO 
45 - BAHAMAS MIX JF GRAMA;BOBINA 20X30;BAHAMAS JF;ATIVO 
45 - BAHAMAS MIX JF GRAMA;BOBINA 25X35;BAHAMAS JF;ATIVO 
45 - BAHAMAS MIX JF GRAMA;BOBINA 30X40;BAHAMAS JF;ATIVO 
45 - BAHAMAS MIX JF GRAMA;BRAMIL LIXO 100L;BAHAMAS JF;ATIVO 
45 - BAHAMAS MIX JF GRAMA;BRAMIL LIXO 100L REF ;BAHAMAS JF;ATIVO 
45 - BAHAMAS MIX JF GRAMA;BRAMIL LIXO 15L;BAHAMAS JF;ATIVO 
45 - BAHAMAS MIX JF GRAMA;BRAMIL LIXO 200L REF ;BAHAMAS JF;ATIVO 
45 - BAHAMAS MIX JF GRAMA;BRAMIL LIXO 30L;BAHAMAS JF;ATIVO 
45 - BAHAMAS MIX JF GRAMA;BRAMIL LIXO 50L ;BAHAMAS JF;ATIVO 
45 - BAHAMAS MIX JF GRAMA;ECONOMICO 100L;BAHAMAS JF;ATIVO 
45 - BAHAMAS MIX JF GRAMA;ECONOMICO 100L ;BAHAMAS JF;ATIVO 
45 - BAHAMAS MIX JF GRAMA;ECONOMICO 15L;BAHAMAS JF;ATIVO 
45 - BAHAMAS MIX JF GRAMA;ECONOMICO 30L;BAHAMAS JF;ATIVO 
45 - BAHAMAS MIX JF GRAMA;ECONOMICO 50L;BAHAMAS JF;ATIVO 
45 - BAHAMAS MIX JF GRAMA;HIPERROLL 100L;BAHAMAS JF;ATIVO 
45 - BAHAMAS MIX JF GRAMA;HIPERROLL 15L;BAHAMAS JF;ATIVO 
45 - BAHAMAS MIX JF GRAMA;HIPERROLL 30L;BAHAMAS JF;ATIVO 
45 - BAHAMAS MIX JF GRAMA;HIPERROLL 50L;BAHAMAS JF;ATIVO 
45 - BAHAMAS MIX JF GRAMA;REFORCADO 100L;BAHAMAS JF;ATIVO 
45 - BAHAMAS MIX JF GRAMA;REFORCADO 200L;BAHAMAS JF;ATIVO 
45 - BAHAMAS MIX JF GRAMA;SACOLA 29X39;BAHAMAS JF;ATIVO 
45 - BAHAMAS MIX JF GRAMA;SACOLA 29X39 ;BAHAMAS JF;ATIVO 
45 - BAHAMAS MIX JF GRAMA;SACOLA 38X48;BAHAMAS JF;ATIVO 
45 - BAHAMAS MIX JF GRAMA;SACOLA 38X48 ;BAHAMAS JF;ATIVO 
45 - BAHAMAS MIX JF GRAMA;SACOLA VERDE 38X50;BAHAMAS JF;ATIVO 
45 - BAHAMAS MIX JF GRAMA;SACOLA VERDE 40X50;BAHAMAS JF;ATIVO 
46 - BAHAMAS MIX VICOSA;BOBINA 20X30;BAHAMAS;ATIVO 
46 - BAHAMAS MIX VICOSA;BOBINA 25X35;BAHAMAS;ATIVO 
46 - BAHAMAS MIX VICOSA;BOBINA 30X40;BAHAMAS;ATIVO 
46 - BAHAMAS MIX VICOSA;BRAMIL LIXO 100L;BAHAMAS;ATIVO 
46 - BAHAMAS MIX VICOSA;BRAMIL LIXO 100L REF ;BAHAMAS;ATIVO 
46 - BAHAMAS MIX VICOSA;BRAMIL LIXO 15L;BAHAMAS;ATIVO 
46 - BAHAMAS MIX VICOSA;BRAMIL LIXO 200L REF ;BAHAMAS;ATIVO 
46 - BAHAMAS MIX VICOSA;BRAMIL LIXO 30L;BAHAMAS;ATIVO 
46 - BAHAMAS MIX VICOSA;BRAMIL LIXO 50L ;BAHAMAS;ATIVO 
46 - BAHAMAS MIX VICOSA;ECONOMICO 100L;BAHAMAS;ATIVO 
46 - BAHAMAS MIX VICOSA;ECONOMICO 100L ;BAHAMAS;ATIVO 
46 - BAHAMAS MIX VICOSA;ECONOMICO 15L;BAHAMAS;ATIVO 
46 - BAHAMAS MIX VICOSA;ECONOMICO 30L;BAHAMAS;ATIVO 
46 - BAHAMAS MIX VICOSA;ECONOMICO 50L;BAHAMAS;ATIVO 
46 - BAHAMAS MIX VICOSA;HIPERROLL 100L;BAHAMAS;ATIVO 
46 - BAHAMAS MIX VICOSA;HIPERROLL 15L;BAHAMAS;ATIVO 
46 - BAHAMAS MIX VICOSA;HIPERROLL 30L;BAHAMAS;ATIVO 
46 - BAHAMAS MIX VICOSA;HIPERROLL 50L;BAHAMAS;ATIVO 
46 - BAHAMAS MIX VICOSA;REFORCADO 100L;BAHAMAS;ATIVO 
46 - BAHAMAS MIX VICOSA;REFORCADO 200L;BAHAMAS;ATIVO 
46 - BAHAMAS MIX VICOSA;SACOLA 29X39;BAHAMAS;ATIVO 
46 - BAHAMAS MIX VICOSA;SACOLA 29X39 ;BAHAMAS;ATIVO 
46 - BAHAMAS MIX VICOSA;SACOLA 38X48;BAHAMAS;ATIVO 
46 - BAHAMAS MIX VICOSA;SACOLA 38X48 ;BAHAMAS;ATIVO 
46 - BAHAMAS MIX VICOSA;SACOLA VERDE 38X50;BAHAMAS;ATIVO 
46 - BAHAMAS MIX VICOSA;SACOLA VERDE 40X50;BAHAMAS;ATIVO 
47 - BAHAMAS MIX UBERLANDIA PLANALTO;BOBINA 20X30;BAHAMAS;ATIVO 
47 - BAHAMAS MIX UBERLANDIA PLANALTO;BOBINA 25X35;BAHAMAS;ATIVO 
47 - BAHAMAS MIX UBERLANDIA PLANALTO;BOBINA 30X40;BAHAMAS;ATIVO 
47 - BAHAMAS MIX UBERLANDIA PLANALTO;BRAMIL LIXO 100L;BAHAMAS;ATIVO 
47 - BAHAMAS MIX UBERLANDIA PLANALTO;BRAMIL LIXO 100L REF ;BAHAMAS;ATIVO 
47 - BAHAMAS MIX UBERLANDIA PLANALTO;BRAMIL LIXO 15L;BAHAMAS;ATIVO 
47 - BAHAMAS MIX UBERLANDIA PLANALTO;BRAMIL LIXO 200L REF ;BAHAMAS;ATIVO 
47 - BAHAMAS MIX UBERLANDIA PLANALTO;BRAMIL LIXO 30L;BAHAMAS;ATIVO 
47 - BAHAMAS MIX UBERLANDIA PLANALTO;BRAMIL LIXO 50L ;BAHAMAS;ATIVO 
47 - BAHAMAS MIX UBERLANDIA PLANALTO;ECONOMICO 100L;BAHAMAS;ATIVO 
47 - BAHAMAS MIX UBERLANDIA PLANALTO;ECONOMICO 100L ;BAHAMAS;ATIVO 
47 - BAHAMAS MIX UBERLANDIA PLANALTO;ECONOMICO 15L;BAHAMAS;ATIVO 
47 - BAHAMAS MIX UBERLANDIA PLANALTO;ECONOMICO 30L;BAHAMAS;ATIVO 
47 - BAHAMAS MIX UBERLANDIA PLANALTO;ECONOMICO 50L;BAHAMAS;ATIVO 
47 - BAHAMAS MIX UBERLANDIA PLANALTO;HIPERROLL 100L;BAHAMAS;ATIVO 
47 - BAHAMAS MIX UBERLANDIA PLANALTO;HIPERROLL 15L;BAHAMAS;ATIVO 
47 - BAHAMAS MIX UBERLANDIA PLANALTO;HIPERROLL 30L;BAHAMAS;ATIVO 
47 - BAHAMAS MIX UBERLANDIA PLANALTO;HIPERROLL 50L;BAHAMAS;ATIVO 
47 - BAHAMAS MIX UBERLANDIA PLANALTO;REFORCADO 100L;BAHAMAS;ATIVO 
47 - BAHAMAS MIX UBERLANDIA PLANALTO;REFORCADO 200L;BAHAMAS;ATIVO 
47 - BAHAMAS MIX UBERLANDIA PLANALTO;SACOLA 29X39;BAHAMAS;ATIVO 
47 - BAHAMAS MIX UBERLANDIA PLANALTO;SACOLA 29X39 ;BAHAMAS;ATIVO 
47 - BAHAMAS MIX UBERLANDIA PLANALTO;SACOLA 38X48;BAHAMAS;ATIVO 
47 - BAHAMAS MIX UBERLANDIA PLANALTO;SACOLA 38X48 ;BAHAMAS;ATIVO 
47 - BAHAMAS MIX UBERLANDIA PLANALTO;SACOLA VERDE 38X50;BAHAMAS;ATIVO 
47 - BAHAMAS MIX UBERLANDIA PLANALTO;SACOLA VERDE 40X50;BAHAMAS;ATIVO 
48 - BAHAMAS MIX JF SAO PEDRO;BOBINA 20X30;BAHAMAS JF;ATIVO 
48 - BAHAMAS MIX JF SAO PEDRO;BOBINA 25X35;BAHAMAS JF;ATIVO 
48 - BAHAMAS MIX JF SAO PEDRO;BOBINA 30X40;BAHAMAS JF;ATIVO 
48 - BAHAMAS MIX JF SAO PEDRO;BRAMIL LIXO 100L;BAHAMAS JF;ATIVO 
48 - BAHAMAS MIX JF SAO PEDRO;BRAMIL LIXO 100L REF ;BAHAMAS JF;ATIVO 
48 - BAHAMAS MIX JF SAO PEDRO;BRAMIL LIXO 15L;BAHAMAS JF;ATIVO 
48 - BAHAMAS MIX JF SAO PEDRO;BRAMIL LIXO 200L REF ;BAHAMAS JF;ATIVO 
48 - BAHAMAS MIX JF SAO PEDRO;BRAMIL LIXO 30L;BAHAMAS JF;ATIVO 
48 - BAHAMAS MIX JF SAO PEDRO;BRAMIL LIXO 50L ;BAHAMAS JF;ATIVO 
48 - BAHAMAS MIX JF SAO PEDRO;ECONOMICO 100L;BAHAMAS JF;ATIVO 
48 - BAHAMAS MIX JF SAO PEDRO;ECONOMICO 100L ;BAHAMAS JF;ATIVO 
48 - BAHAMAS MIX JF SAO PEDRO;ECONOMICO 15L;BAHAMAS JF;ATIVO 
48 - BAHAMAS MIX JF SAO PEDRO;ECONOMICO 30L;BAHAMAS JF;ATIVO 
48 - BAHAMAS MIX JF SAO PEDRO;ECONOMICO 50L;BAHAMAS JF;ATIVO 
48 - BAHAMAS MIX JF SAO PEDRO;HIPERROLL 100L;BAHAMAS JF;ATIVO 
48 - BAHAMAS MIX JF SAO PEDRO;HIPERROLL 15L;BAHAMAS JF;ATIVO 
48 - BAHAMAS MIX JF SAO PEDRO;HIPERROLL 30L;BAHAMAS JF;ATIVO 
48 - BAHAMAS MIX JF SAO PEDRO;HIPERROLL 50L;BAHAMAS JF;ATIVO 
48 - BAHAMAS MIX JF SAO PEDRO;REFORCADO 100L;BAHAMAS JF;ATIVO 
48 - BAHAMAS MIX JF SAO PEDRO;REFORCADO 200L;BAHAMAS JF;ATIVO 
48 - BAHAMAS MIX JF SAO PEDRO;SACOLA 29X39;BAHAMAS JF;ATIVO 
48 - BAHAMAS MIX JF SAO PEDRO;SACOLA 29X39 ;BAHAMAS JF;ATIVO 
48 - BAHAMAS MIX JF SAO PEDRO;SACOLA 38X48;BAHAMAS JF;ATIVO 
48 - BAHAMAS MIX JF SAO PEDRO;SACOLA 38X48 ;BAHAMAS JF;ATIVO 
48 - BAHAMAS MIX JF SAO PEDRO;SACOLA VERDE 38X50;BAHAMAS JF;ATIVO 
48 - BAHAMAS MIX JF SAO PEDRO;SACOLA VERDE 40X50;BAHAMAS JF;ATIVO 
49 - BAHAMAS MIX UBERABA CHEREN;BOBINA 20X30;BAHAMAS;ATIVO 
49 - BAHAMAS MIX UBERABA CHEREN;BOBINA 25X35;BAHAMAS;ATIVO 
49 - BAHAMAS MIX UBERABA CHEREN;BOBINA 30X40;BAHAMAS;ATIVO 
49 - BAHAMAS MIX UBERABA CHEREN;BRAMIL LIXO 100L;BAHAMAS;ATIVO 
49 - BAHAMAS MIX UBERABA CHEREN;BRAMIL LIXO 100L REF ;BAHAMAS;ATIVO 
49 - BAHAMAS MIX UBERABA CHEREN;BRAMIL LIXO 15L;BAHAMAS;ATIVO 
49 - BAHAMAS MIX UBERABA CHEREN;BRAMIL LIXO 200L REF ;BAHAMAS;ATIVO 
49 - BAHAMAS MIX UBERABA CHEREN;BRAMIL LIXO 30L;BAHAMAS;ATIVO 
49 - BAHAMAS MIX UBERABA CHEREN;BRAMIL LIXO 50L ;BAHAMAS;ATIVO 
49 - BAHAMAS MIX UBERABA CHEREN;ECONOMICO 100L;BAHAMAS;ATIVO 
49 - BAHAMAS MIX UBERABA CHEREN;ECONOMICO 100L ;BAHAMAS;ATIVO 
49 - BAHAMAS MIX UBERABA CHEREN;ECONOMICO 15L;BAHAMAS;ATIVO 
49 - BAHAMAS MIX UBERABA CHEREN;ECONOMICO 30L;BAHAMAS;ATIVO 
49 - BAHAMAS MIX UBERABA CHEREN;ECONOMICO 50L;BAHAMAS;ATIVO 
49 - BAHAMAS MIX UBERABA CHEREN;HIPERROLL 100L;BAHAMAS;ATIVO 
49 - BAHAMAS MIX UBERABA CHEREN;HIPERROLL 15L;BAHAMAS;ATIVO 
49 - BAHAMAS MIX UBERABA CHEREN;HIPERROLL 30L;BAHAMAS;ATIVO 
49 - BAHAMAS MIX UBERABA CHEREN;HIPERROLL 50L;BAHAMAS;ATIVO 
49 - BAHAMAS MIX UBERABA CHEREN;REFORCADO 100L;BAHAMAS;ATIVO 
49 - BAHAMAS MIX UBERABA CHEREN;REFORCADO 200L;BAHAMAS;ATIVO 
49 - BAHAMAS MIX UBERABA CHEREN;SACOLA 29X39;BAHAMAS;ATIVO 
49 - BAHAMAS MIX UBERABA CHEREN;SACOLA 29X39 ;BAHAMAS;ATIVO 
49 - BAHAMAS MIX UBERABA CHEREN;SACOLA 38X48;BAHAMAS;ATIVO 
49 - BAHAMAS MIX UBERABA CHEREN;SACOLA 38X48 ;BAHAMAS;ATIVO 
49 - BAHAMAS MIX UBERABA CHEREN;SACOLA VERDE 38X50;BAHAMAS;ATIVO 
49 - BAHAMAS MIX UBERABA CHEREN;SACOLA VERDE 40X50;BAHAMAS;ATIVO 
5 - SUPERMERCADO BAHAMAS JF AV.BRASIL.;BOBINA 20X30;BAHAMAS JF;ATIVO 
5 - SUPERMERCADO BAHAMAS JF AV.BRASIL.;BOBINA 25X35;BAHAMAS JF;ATIVO 
5 - SUPERMERCADO BAHAMAS JF AV.BRASIL.;BOBINA 30X40;BAHAMAS JF;ATIVO 
5 - SUPERMERCADO BAHAMAS JF AV.BRASIL.;BRAMIL LIXO 100L;BAHAMAS JF;ATIVO 
5 - SUPERMERCADO BAHAMAS JF AV.BRASIL.;BRAMIL LIXO 100L REF ;BAHAMAS JF;ATIVO 
5 - SUPERMERCADO BAHAMAS JF AV.BRASIL.;BRAMIL LIXO 15L;BAHAMAS JF;ATIVO 
5 - SUPERMERCADO BAHAMAS JF AV.BRASIL.;BRAMIL LIXO 200L REF ;BAHAMAS JF;ATIVO 
5 - SUPERMERCADO BAHAMAS JF AV.BRASIL.;BRAMIL LIXO 30L;BAHAMAS JF;ATIVO 
5 - SUPERMERCADO BAHAMAS JF AV.BRASIL.;BRAMIL LIXO 50L ;BAHAMAS JF;ATIVO 
5 - SUPERMERCADO BAHAMAS JF AV.BRASIL.;ECONOMICO 100L;BAHAMAS JF;ATIVO 
5 - SUPERMERCADO BAHAMAS JF AV.BRASIL.;ECONOMICO 100L ;BAHAMAS JF;ATIVO 
5 - SUPERMERCADO BAHAMAS JF AV.BRASIL.;ECONOMICO 15L;BAHAMAS JF;ATIVO 
5 - SUPERMERCADO BAHAMAS JF AV.BRASIL.;ECONOMICO 30L;BAHAMAS JF;ATIVO 
5 - SUPERMERCADO BAHAMAS JF AV.BRASIL.;ECONOMICO 50L;BAHAMAS JF;ATIVO 
5 - SUPERMERCADO BAHAMAS JF AV.BRASIL.;HIPERROLL 100L;BAHAMAS JF;ATIVO 
5 - SUPERMERCADO BAHAMAS JF AV.BRASIL.;HIPERROLL 15L;BAHAMAS JF;ATIVO 
5 - SUPERMERCADO BAHAMAS JF AV.BRASIL.;HIPERROLL 30L;BAHAMAS JF;ATIVO 
5 - SUPERMERCADO BAHAMAS JF AV.BRASIL.;HIPERROLL 50L;BAHAMAS JF;ATIVO 
5 - SUPERMERCADO BAHAMAS JF AV.BRASIL.;REFORCADO 100L;BAHAMAS JF;ATIVO 
5 - SUPERMERCADO BAHAMAS JF AV.BRASIL.;REFORCADO 200L;BAHAMAS JF;ATIVO 
5 - SUPERMERCADO BAHAMAS JF AV.BRASIL.;SACOLA 29X39;BAHAMAS JF;ATIVO 
5 - SUPERMERCADO BAHAMAS JF AV.BRASIL.;SACOLA 29X39 ;BAHAMAS JF;ATIVO 
5 - SUPERMERCADO BAHAMAS JF AV.BRASIL.;SACOLA 38X48;BAHAMAS JF;ATIVO 
5 - SUPERMERCADO BAHAMAS JF AV.BRASIL.;SACOLA 38X48 ;BAHAMAS JF;ATIVO 
5 - SUPERMERCADO BAHAMAS JF AV.BRASIL.;SACOLA VERDE 38X50;BAHAMAS JF;ATIVO 
5 - SUPERMERCADO BAHAMAS JF AV.BRASIL.;SACOLA VERDE 40X50;BAHAMAS JF;ATIVO 
50 - BAHAMAS MIX PATROCINIO;BOBINA 20X30;BAHAMAS;ATIVO 
50 - BAHAMAS MIX PATROCINIO;BOBINA 25X35;BAHAMAS;ATIVO 
50 - BAHAMAS MIX PATROCINIO;BOBINA 30X40;BAHAMAS;ATIVO 
50 - BAHAMAS MIX PATROCINIO;BRAMIL LIXO 100L;BAHAMAS;ATIVO 
50 - BAHAMAS MIX PATROCINIO;BRAMIL LIXO 100L REF ;BAHAMAS;ATIVO 
50 - BAHAMAS MIX PATROCINIO;BRAMIL LIXO 15L;BAHAMAS;ATIVO 
50 - BAHAMAS MIX PATROCINIO;BRAMIL LIXO 200L REF ;BAHAMAS;ATIVO 
50 - BAHAMAS MIX PATROCINIO;BRAMIL LIXO 30L;BAHAMAS;ATIVO 
50 - BAHAMAS MIX PATROCINIO;BRAMIL LIXO 50L ;BAHAMAS;ATIVO 
50 - BAHAMAS MIX PATROCINIO;ECONOMICO 100L;BAHAMAS;ATIVO 
50 - BAHAMAS MIX PATROCINIO;ECONOMICO 100L ;BAHAMAS;ATIVO 
50 - BAHAMAS MIX PATROCINIO;ECONOMICO 15L;BAHAMAS;ATIVO 
50 - BAHAMAS MIX PATROCINIO;ECONOMICO 30L;BAHAMAS;ATIVO 
50 - BAHAMAS MIX PATROCINIO;ECONOMICO 50L;BAHAMAS;ATIVO 
50 - BAHAMAS MIX PATROCINIO;HIPERROLL 100L;BAHAMAS;ATIVO 
50 - BAHAMAS MIX PATROCINIO;HIPERROLL 15L;BAHAMAS;ATIVO 
50 - BAHAMAS MIX PATROCINIO;HIPERROLL 30L;BAHAMAS;ATIVO 
50 - BAHAMAS MIX PATROCINIO;HIPERROLL 50L;BAHAMAS;ATIVO 
50 - BAHAMAS MIX PATROCINIO;REFORCADO 100L;BAHAMAS;ATIVO 
50 - BAHAMAS MIX PATROCINIO;REFORCADO 200L;BAHAMAS;ATIVO 
50 - BAHAMAS MIX PATROCINIO;SACOLA 29X39;BAHAMAS;ATIVO 
50 - BAHAMAS MIX PATROCINIO;SACOLA 29X39 ;BAHAMAS;ATIVO 
50 - BAHAMAS MIX PATROCINIO;SACOLA 38X48;BAHAMAS;ATIVO 
50 - BAHAMAS MIX PATROCINIO;SACOLA 38X48 ;BAHAMAS;ATIVO 
50 - BAHAMAS MIX PATROCINIO;SACOLA VERDE 38X50;BAHAMAS;ATIVO 
50 - BAHAMAS MIX PATROCINIO;SACOLA VERDE 40X50;BAHAMAS;ATIVO 
52 - BAHAMAS MIX ARAGUARI;BOBINA 20X30;BAHAMAS;ATIVO 
52 - BAHAMAS MIX ARAGUARI;BOBINA 25X35;BAHAMAS;ATIVO 
52 - BAHAMAS MIX ARAGUARI;BOBINA 30X40;BAHAMAS;ATIVO 
52 - BAHAMAS MIX ARAGUARI;BRAMIL LIXO 100L;BAHAMAS;ATIVO 
52 - BAHAMAS MIX ARAGUARI;BRAMIL LIXO 100L REF ;BAHAMAS;ATIVO 
52 - BAHAMAS MIX ARAGUARI;BRAMIL LIXO 15L;BAHAMAS;ATIVO 
52 - BAHAMAS MIX ARAGUARI;BRAMIL LIXO 200L REF ;BAHAMAS;ATIVO 
52 - BAHAMAS MIX ARAGUARI;BRAMIL LIXO 30L;BAHAMAS;ATIVO 
52 - BAHAMAS MIX ARAGUARI;BRAMIL LIXO 50L ;BAHAMAS;ATIVO 
52 - BAHAMAS MIX ARAGUARI;ECONOMICO 100L;BAHAMAS;ATIVO 
52 - BAHAMAS MIX ARAGUARI;ECONOMICO 100L ;BAHAMAS;ATIVO 
52 - BAHAMAS MIX ARAGUARI;ECONOMICO 15L;BAHAMAS;ATIVO 
52 - BAHAMAS MIX ARAGUARI;ECONOMICO 30L;BAHAMAS;ATIVO 
52 - BAHAMAS MIX ARAGUARI;ECONOMICO 50L;BAHAMAS;ATIVO 
52 - BAHAMAS MIX ARAGUARI;HIPERROLL 100L;BAHAMAS;ATIVO 
52 - BAHAMAS MIX ARAGUARI;HIPERROLL 15L;BAHAMAS;ATIVO 
52 - BAHAMAS MIX ARAGUARI;HIPERROLL 30L;BAHAMAS;ATIVO 
52 - BAHAMAS MIX ARAGUARI;HIPERROLL 50L;BAHAMAS;ATIVO 
52 - BAHAMAS MIX ARAGUARI;REFORCADO 100L;BAHAMAS;ATIVO 
52 - BAHAMAS MIX ARAGUARI;REFORCADO 200L;BAHAMAS;ATIVO 
52 - BAHAMAS MIX ARAGUARI;SACOLA 29X39;BAHAMAS;ATIVO 
52 - BAHAMAS MIX ARAGUARI;SACOLA 29X39 ;BAHAMAS;ATIVO 
52 - BAHAMAS MIX ARAGUARI;SACOLA 38X48;BAHAMAS;ATIVO 
52 - BAHAMAS MIX ARAGUARI;SACOLA 38X48 ;BAHAMAS;ATIVO 
52 - BAHAMAS MIX ARAGUARI;SACOLA VERDE 38X50;BAHAMAS;ATIVO 
52 - BAHAMAS MIX ARAGUARI;SACOLA VERDE 40X50;BAHAMAS;ATIVO 
53 - BAHAMAS MIX UBERABA SANTANA BORGES;BOBINA 20X30;BAHAMAS;ATIVO 
53 - BAHAMAS MIX UBERABA SANTANA BORGES;BOBINA 25X35;BAHAMAS;ATIVO 
53 - BAHAMAS MIX UBERABA SANTANA BORGES;BOBINA 30X40;BAHAMAS;ATIVO 
53 - BAHAMAS MIX UBERABA SANTANA BORGES;BRAMIL LIXO 100L;BAHAMAS;ATIVO 
53 - BAHAMAS MIX UBERABA SANTANA BORGES;BRAMIL LIXO 100L REF ;BAHAMAS;ATIVO 
53 - BAHAMAS MIX UBERABA SANTANA BORGES;BRAMIL LIXO 15L;BAHAMAS;ATIVO 
53 - BAHAMAS MIX UBERABA SANTANA BORGES;BRAMIL LIXO 200L REF ;BAHAMAS;ATIVO 
53 - BAHAMAS MIX UBERABA SANTANA BORGES;BRAMIL LIXO 30L;BAHAMAS;ATIVO 
53 - BAHAMAS MIX UBERABA SANTANA BORGES;BRAMIL LIXO 50L ;BAHAMAS;ATIVO 
53 - BAHAMAS MIX UBERABA SANTANA BORGES;ECONOMICO 100L;BAHAMAS;ATIVO 
53 - BAHAMAS MIX UBERABA SANTANA BORGES;ECONOMICO 100L ;BAHAMAS;ATIVO 
53 - BAHAMAS MIX UBERABA SANTANA BORGES;ECONOMICO 15L;BAHAMAS;ATIVO 
53 - BAHAMAS MIX UBERABA SANTANA BORGES;ECONOMICO 30L;BAHAMAS;ATIVO 
53 - BAHAMAS MIX UBERABA SANTANA BORGES;ECONOMICO 50L;BAHAMAS;ATIVO 
53 - BAHAMAS MIX UBERABA SANTANA BORGES;HIPERROLL 100L;BAHAMAS;ATIVO 
53 - BAHAMAS MIX UBERABA SANTANA BORGES;HIPERROLL 15L;BAHAMAS;ATIVO 
53 - BAHAMAS MIX UBERABA SANTANA BORGES;HIPERROLL 30L;BAHAMAS;ATIVO 
53 - BAHAMAS MIX UBERABA SANTANA BORGES;HIPERROLL 50L;BAHAMAS;ATIVO 
53 - BAHAMAS MIX UBERABA SANTANA BORGES;REFORCADO 100L;BAHAMAS;ATIVO 
53 - BAHAMAS MIX UBERABA SANTANA BORGES;REFORCADO 200L;BAHAMAS;ATIVO 
53 - BAHAMAS MIX UBERABA SANTANA BORGES;SACOLA 29X39;BAHAMAS;ATIVO 
53 - BAHAMAS MIX UBERABA SANTANA BORGES;SACOLA 29X39 ;BAHAMAS;ATIVO 
53 - BAHAMAS MIX UBERABA SANTANA BORGES;SACOLA 38X48;BAHAMAS;ATIVO 
53 - BAHAMAS MIX UBERABA SANTANA BORGES;SACOLA 38X48 ;BAHAMAS;ATIVO 
53 - BAHAMAS MIX UBERABA SANTANA BORGES;SACOLA VERDE 38X50;BAHAMAS;ATIVO 
53 - BAHAMAS MIX UBERABA SANTANA BORGES;SACOLA VERDE 40X50;BAHAMAS;ATIVO 
55 - BAHAMAS MIX ITUIUTABA;BOBINA 20X30;BAHAMAS;ATIVO 
55 - BAHAMAS MIX ITUIUTABA;BOBINA 25X35;BAHAMAS;ATIVO 
55 - BAHAMAS MIX ITUIUTABA;BOBINA 30X40;BAHAMAS;ATIVO 
55 - BAHAMAS MIX ITUIUTABA;BRAMIL LIXO 100L;BAHAMAS;ATIVO 
55 - BAHAMAS MIX ITUIUTABA;BRAMIL LIXO 100L REF ;BAHAMAS;ATIVO 
55 - BAHAMAS MIX ITUIUTABA;BRAMIL LIXO 15L;BAHAMAS;ATIVO 
55 - BAHAMAS MIX ITUIUTABA;BRAMIL LIXO 200L REF ;BAHAMAS;ATIVO 
55 - BAHAMAS MIX ITUIUTABA;BRAMIL LIXO 30L;BAHAMAS;ATIVO 
55 - BAHAMAS MIX ITUIUTABA;BRAMIL LIXO 50L ;BAHAMAS;ATIVO 
55 - BAHAMAS MIX ITUIUTABA;ECONOMICO 100L;BAHAMAS;ATIVO 
55 - BAHAMAS MIX ITUIUTABA;ECONOMICO 100L ;BAHAMAS;ATIVO 
55 - BAHAMAS MIX ITUIUTABA;ECONOMICO 15L;BAHAMAS;ATIVO 
55 - BAHAMAS MIX ITUIUTABA;ECONOMICO 30L;BAHAMAS;ATIVO 
55 - BAHAMAS MIX ITUIUTABA;ECONOMICO 50L;BAHAMAS;ATIVO 
55 - BAHAMAS MIX ITUIUTABA;HIPERROLL 100L;BAHAMAS;ATIVO 
55 - BAHAMAS MIX ITUIUTABA;HIPERROLL 15L;BAHAMAS;ATIVO 
55 - BAHAMAS MIX ITUIUTABA;HIPERROLL 30L;BAHAMAS;ATIVO 
55 - BAHAMAS MIX ITUIUTABA;HIPERROLL 50L;BAHAMAS;ATIVO 
55 - BAHAMAS MIX ITUIUTABA;REFORCADO 100L;BAHAMAS;ATIVO 
55 - BAHAMAS MIX ITUIUTABA;REFORCADO 200L;BAHAMAS;ATIVO 
55 - BAHAMAS MIX ITUIUTABA;SACOLA 29X39;BAHAMAS;ATIVO 
55 - BAHAMAS MIX ITUIUTABA;SACOLA 29X39 ;BAHAMAS;ATIVO 
55 - BAHAMAS MIX ITUIUTABA;SACOLA 38X48;BAHAMAS;ATIVO 
55 - BAHAMAS MIX ITUIUTABA;SACOLA 38X48 ;BAHAMAS;ATIVO 
55 - BAHAMAS MIX ITUIUTABA;SACOLA VERDE 38X50;BAHAMAS;ATIVO 
55 - BAHAMAS MIX ITUIUTABA;SACOLA VERDE 40X50;BAHAMAS;ATIVO 
58 - BAHAMAS MIX MONTE CARMELO;BOBINA 20X30;BAHAMAS;ATIVO 
58 - BAHAMAS MIX MONTE CARMELO;BOBINA 25X35;BAHAMAS;ATIVO 
58 - BAHAMAS MIX MONTE CARMELO;BOBINA 30X40;BAHAMAS;ATIVO 
58 - BAHAMAS MIX MONTE CARMELO;BRAMIL LIXO 100L;BAHAMAS;ATIVO 
58 - BAHAMAS MIX MONTE CARMELO;BRAMIL LIXO 100L REF ;BAHAMAS;ATIVO 
58 - BAHAMAS MIX MONTE CARMELO;BRAMIL LIXO 15L;BAHAMAS;ATIVO 
58 - BAHAMAS MIX MONTE CARMELO;BRAMIL LIXO 200L REF ;BAHAMAS;ATIVO 
58 - BAHAMAS MIX MONTE CARMELO;BRAMIL LIXO 30L;BAHAMAS;ATIVO 
58 - BAHAMAS MIX MONTE CARMELO;BRAMIL LIXO 50L ;BAHAMAS;ATIVO 
58 - BAHAMAS MIX MONTE CARMELO;ECONOMICO 100L;BAHAMAS;ATIVO 
58 - BAHAMAS MIX MONTE CARMELO;ECONOMICO 100L ;BAHAMAS;ATIVO 
58 - BAHAMAS MIX MONTE CARMELO;ECONOMICO 15L;BAHAMAS;ATIVO 
58 - BAHAMAS MIX MONTE CARMELO;ECONOMICO 30L;BAHAMAS;ATIVO 
58 - BAHAMAS MIX MONTE CARMELO;ECONOMICO 50L;BAHAMAS;ATIVO 
58 - BAHAMAS MIX MONTE CARMELO;HIPERROLL 100L;BAHAMAS;ATIVO 
58 - BAHAMAS MIX MONTE CARMELO;HIPERROLL 15L;BAHAMAS;ATIVO 
58 - BAHAMAS MIX MONTE CARMELO;HIPERROLL 30L;BAHAMAS;ATIVO 
58 - BAHAMAS MIX MONTE CARMELO;HIPERROLL 50L;BAHAMAS;ATIVO 
58 - BAHAMAS MIX MONTE CARMELO;REFORCADO 100L;BAHAMAS;ATIVO 
58 - BAHAMAS MIX MONTE CARMELO;REFORCADO 200L;BAHAMAS;ATIVO 
58 - BAHAMAS MIX MONTE CARMELO;SACOLA 29X39;BAHAMAS;ATIVO 
58 - BAHAMAS MIX MONTE CARMELO;SACOLA 29X39 ;BAHAMAS;ATIVO 
58 - BAHAMAS MIX MONTE CARMELO;SACOLA 38X48;BAHAMAS;ATIVO 
58 - BAHAMAS MIX MONTE CARMELO;SACOLA 38X48 ;BAHAMAS;ATIVO 
58 - BAHAMAS MIX MONTE CARMELO;SACOLA VERDE 38X50;BAHAMAS;ATIVO 
58 - BAHAMAS MIX MONTE CARMELO;SACOLA VERDE 40X50;BAHAMAS;ATIVO 
59 - SUPERMERCADO BAHAMAS JF STA TEREZINHA;BOBINA 20X30;BAHAMAS JF;ATIVO 
59 - SUPERMERCADO BAHAMAS JF STA TEREZINHA;BOBINA 25X35;BAHAMAS JF;ATIVO 
59 - SUPERMERCADO BAHAMAS JF STA TEREZINHA;BOBINA 30X40;BAHAMAS JF;ATIVO 
59 - SUPERMERCADO BAHAMAS JF STA TEREZINHA;BRAMIL LIXO 100L;BAHAMAS JF;ATIVO 
59 - SUPERMERCADO BAHAMAS JF STA TEREZINHA;BRAMIL LIXO 100L REF ;BAHAMAS JF;ATIVO 
59 - SUPERMERCADO BAHAMAS JF STA TEREZINHA;BRAMIL LIXO 15L;BAHAMAS JF;ATIVO 
59 - SUPERMERCADO BAHAMAS JF STA TEREZINHA;BRAMIL LIXO 200L REF ;BAHAMAS JF;ATIVO 
59 - SUPERMERCADO BAHAMAS JF STA TEREZINHA;BRAMIL LIXO 30L;BAHAMAS JF;ATIVO 
59 - SUPERMERCADO BAHAMAS JF STA TEREZINHA;BRAMIL LIXO 50L ;BAHAMAS JF;ATIVO 
59 - SUPERMERCADO BAHAMAS JF STA TEREZINHA;ECONOMICO 100L;BAHAMAS JF;ATIVO 
59 - SUPERMERCADO BAHAMAS JF STA TEREZINHA;ECONOMICO 100L ;BAHAMAS JF;ATIVO 
59 - SUPERMERCADO BAHAMAS JF STA TEREZINHA;ECONOMICO 15L;BAHAMAS JF;ATIVO 
59 - SUPERMERCADO BAHAMAS JF STA TEREZINHA;ECONOMICO 30L;BAHAMAS JF;ATIVO 
59 - SUPERMERCADO BAHAMAS JF STA TEREZINHA;ECONOMICO 50L;BAHAMAS JF;ATIVO 
59 - SUPERMERCADO BAHAMAS JF STA TEREZINHA;HIPERROLL 100L;BAHAMAS JF;ATIVO 
59 - SUPERMERCADO BAHAMAS JF STA TEREZINHA;HIPERROLL 15L;BAHAMAS JF;ATIVO 
59 - SUPERMERCADO BAHAMAS JF STA TEREZINHA;HIPERROLL 30L;BAHAMAS JF;ATIVO 
59 - SUPERMERCADO BAHAMAS JF STA TEREZINHA;HIPERROLL 50L;BAHAMAS JF;ATIVO 
59 - SUPERMERCADO BAHAMAS JF STA TEREZINHA;REFORCADO 100L;BAHAMAS JF;ATIVO 
59 - SUPERMERCADO BAHAMAS JF STA TEREZINHA;REFORCADO 200L;BAHAMAS JF;ATIVO 
59 - SUPERMERCADO BAHAMAS JF STA TEREZINHA;SACOLA 29X39;BAHAMAS JF;ATIVO 
59 - SUPERMERCADO BAHAMAS JF STA TEREZINHA;SACOLA 29X39 ;BAHAMAS JF;ATIVO 
59 - SUPERMERCADO BAHAMAS JF STA TEREZINHA;SACOLA 38X48;BAHAMAS JF;ATIVO 
59 - SUPERMERCADO BAHAMAS JF STA TEREZINHA;SACOLA 38X48 ;BAHAMAS JF;ATIVO 
59 - SUPERMERCADO BAHAMAS JF STA TEREZINHA;SACOLA VERDE 38X50;BAHAMAS JF;ATIVO 
59 - SUPERMERCADO BAHAMAS JF STA TEREZINHA;SACOLA VERDE 40X50;BAHAMAS JF;ATIVO 
61 - BAHAMAS MIX JF JK;BOBINA 20X30;BAHAMAS JF;ATIVO 
61 - BAHAMAS MIX JF JK;BOBINA 25X35;BAHAMAS JF;ATIVO 
61 - BAHAMAS MIX JF JK;BOBINA 30X40;BAHAMAS JF;ATIVO 
61 - BAHAMAS MIX JF JK;BRAMIL LIXO 100L;BAHAMAS JF;ATIVO 
61 - BAHAMAS MIX JF JK;BRAMIL LIXO 100L REF ;BAHAMAS JF;ATIVO 
61 - BAHAMAS MIX JF JK;BRAMIL LIXO 15L;BAHAMAS JF;ATIVO 
61 - BAHAMAS MIX JF JK;BRAMIL LIXO 200L REF ;BAHAMAS JF;ATIVO 
61 - BAHAMAS MIX JF JK;BRAMIL LIXO 30L;BAHAMAS JF;ATIVO 
61 - BAHAMAS MIX JF JK;BRAMIL LIXO 50L ;BAHAMAS JF;ATIVO 
61 - BAHAMAS MIX JF JK;ECONOMICO 100L;BAHAMAS JF;ATIVO 
61 - BAHAMAS MIX JF JK;ECONOMICO 100L ;BAHAMAS JF;ATIVO 
61 - BAHAMAS MIX JF JK;ECONOMICO 15L;BAHAMAS JF;ATIVO 
61 - BAHAMAS MIX JF JK;ECONOMICO 30L;BAHAMAS JF;ATIVO 
61 - BAHAMAS MIX JF JK;ECONOMICO 50L;BAHAMAS JF;ATIVO 
61 - BAHAMAS MIX JF JK;HIPERROLL 100L;BAHAMAS JF;ATIVO 
61 - BAHAMAS MIX JF JK;HIPERROLL 15L;BAHAMAS JF;ATIVO 
61 - BAHAMAS MIX JF JK;HIPERROLL 30L;BAHAMAS JF;ATIVO 
61 - BAHAMAS MIX JF JK;HIPERROLL 50L;BAHAMAS JF;ATIVO 
61 - BAHAMAS MIX JF JK;REFORCADO 100L;BAHAMAS JF;ATIVO 
61 - BAHAMAS MIX JF JK;REFORCADO 200L;BAHAMAS JF;ATIVO 
61 - BAHAMAS MIX JF JK;SACOLA 29X39;BAHAMAS JF;ATIVO 
61 - BAHAMAS MIX JF JK;SACOLA 29X39 ;BAHAMAS JF;ATIVO 
61 - BAHAMAS MIX JF JK;SACOLA 38X48;BAHAMAS JF;ATIVO 
61 - BAHAMAS MIX JF JK;SACOLA 38X48 ;BAHAMAS JF;ATIVO 
61 - BAHAMAS MIX JF JK;SACOLA VERDE 38X50;BAHAMAS JF;ATIVO 
61 - BAHAMAS MIX JF JK;SACOLA VERDE 40X50;BAHAMAS JF;ATIVO 
62 - SUPERMERCADO BAHAMAS UBERLANDIA MARTINS;BOBINA 20X30;BAHAMAS;ATIVO 
62 - SUPERMERCADO BAHAMAS UBERLANDIA MARTINS;BOBINA 25X35;BAHAMAS;ATIVO 
62 - SUPERMERCADO BAHAMAS UBERLANDIA MARTINS;BOBINA 30X40;BAHAMAS;ATIVO 
62 - SUPERMERCADO BAHAMAS UBERLANDIA MARTINS;BRAMIL LIXO 100L;BAHAMAS;ATIVO 
62 - SUPERMERCADO BAHAMAS UBERLANDIA MARTINS;BRAMIL LIXO 100L REF ;BAHAMAS;ATIVO 
62 - SUPERMERCADO BAHAMAS UBERLANDIA MARTINS;BRAMIL LIXO 15L;BAHAMAS;ATIVO 
62 - SUPERMERCADO BAHAMAS UBERLANDIA MARTINS;BRAMIL LIXO 200L REF ;BAHAMAS;ATIVO 
62 - SUPERMERCADO BAHAMAS UBERLANDIA MARTINS;BRAMIL LIXO 30L;BAHAMAS;ATIVO 
62 - SUPERMERCADO BAHAMAS UBERLANDIA MARTINS;BRAMIL LIXO 50L ;BAHAMAS;ATIVO 
62 - SUPERMERCADO BAHAMAS UBERLANDIA MARTINS;ECONOMICO 100L;BAHAMAS;ATIVO 
62 - SUPERMERCADO BAHAMAS UBERLANDIA MARTINS;ECONOMICO 100L ;BAHAMAS;ATIVO 
62 - SUPERMERCADO BAHAMAS UBERLANDIA MARTINS;ECONOMICO 15L;BAHAMAS;ATIVO 
62 - SUPERMERCADO BAHAMAS UBERLANDIA MARTINS;ECONOMICO 30L;BAHAMAS;ATIVO 
62 - SUPERMERCADO BAHAMAS UBERLANDIA MARTINS;ECONOMICO 50L;BAHAMAS;ATIVO 
62 - SUPERMERCADO BAHAMAS UBERLANDIA MARTINS;HIPERROLL 100L;BAHAMAS;ATIVO 
62 - SUPERMERCADO BAHAMAS UBERLANDIA MARTINS;HIPERROLL 15L;BAHAMAS;ATIVO 
62 - SUPERMERCADO BAHAMAS UBERLANDIA MARTINS;HIPERROLL 30L;BAHAMAS;ATIVO 
62 - SUPERMERCADO BAHAMAS UBERLANDIA MARTINS;HIPERROLL 50L;BAHAMAS;ATIVO 
62 - SUPERMERCADO BAHAMAS UBERLANDIA MARTINS;REFORCADO 100L;BAHAMAS;ATIVO 
62 - SUPERMERCADO BAHAMAS UBERLANDIA MARTINS;REFORCADO 200L;BAHAMAS;ATIVO 
62 - SUPERMERCADO BAHAMAS UBERLANDIA MARTINS;SACOLA 29X39;BAHAMAS;ATIVO 
62 - SUPERMERCADO BAHAMAS UBERLANDIA MARTINS;SACOLA 29X39 ;BAHAMAS;ATIVO 
62 - SUPERMERCADO BAHAMAS UBERLANDIA MARTINS;SACOLA 38X48;BAHAMAS;ATIVO 
62 - SUPERMERCADO BAHAMAS UBERLANDIA MARTINS;SACOLA 38X48 ;BAHAMAS;ATIVO 
62 - SUPERMERCADO BAHAMAS UBERLANDIA MARTINS;SACOLA VERDE 38X50;BAHAMAS;ATIVO 
62 - SUPERMERCADO BAHAMAS UBERLANDIA MARTINS;SACOLA VERDE 40X50;BAHAMAS;ATIVO 
64 - BAHAMAS MIX UBERLANDIA JOAO NAVES;BOBINA 20X30;BAHAMAS;ATIVO 
64 - BAHAMAS MIX UBERLANDIA JOAO NAVES;BOBINA 25X35;BAHAMAS;ATIVO 
64 - BAHAMAS MIX UBERLANDIA JOAO NAVES;BOBINA 30X40;BAHAMAS;ATIVO 
64 - BAHAMAS MIX UBERLANDIA JOAO NAVES;BRAMIL LIXO 100L;BAHAMAS;ATIVO 
64 - BAHAMAS MIX UBERLANDIA JOAO NAVES;BRAMIL LIXO 100L REF ;BAHAMAS;ATIVO 
64 - BAHAMAS MIX UBERLANDIA JOAO NAVES;BRAMIL LIXO 15L;BAHAMAS;ATIVO 
64 - BAHAMAS MIX UBERLANDIA JOAO NAVES;BRAMIL LIXO 200L REF ;BAHAMAS;ATIVO 
64 - BAHAMAS MIX UBERLANDIA JOAO NAVES;BRAMIL LIXO 30L;BAHAMAS;ATIVO 
64 - BAHAMAS MIX UBERLANDIA JOAO NAVES;BRAMIL LIXO 50L ;BAHAMAS;ATIVO 
64 - BAHAMAS MIX UBERLANDIA JOAO NAVES;ECONOMICO 100L;BAHAMAS;ATIVO 
64 - BAHAMAS MIX UBERLANDIA JOAO NAVES;ECONOMICO 100L ;BAHAMAS;ATIVO 
64 - BAHAMAS MIX UBERLANDIA JOAO NAVES;ECONOMICO 15L;BAHAMAS;ATIVO 
64 - BAHAMAS MIX UBERLANDIA JOAO NAVES;ECONOMICO 30L;BAHAMAS;ATIVO 
64 - BAHAMAS MIX UBERLANDIA JOAO NAVES;ECONOMICO 50L;BAHAMAS;ATIVO 
64 - BAHAMAS MIX UBERLANDIA JOAO NAVES;HIPERROLL 100L;BAHAMAS;ATIVO 
64 - BAHAMAS MIX UBERLANDIA JOAO NAVES;HIPERROLL 15L;BAHAMAS;ATIVO 
64 - BAHAMAS MIX UBERLANDIA JOAO NAVES;HIPERROLL 30L;BAHAMAS;ATIVO 
64 - BAHAMAS MIX UBERLANDIA JOAO NAVES;HIPERROLL 50L;BAHAMAS;ATIVO 
64 - BAHAMAS MIX UBERLANDIA JOAO NAVES;REFORCADO 100L;BAHAMAS;ATIVO 
64 - BAHAMAS MIX UBERLANDIA JOAO NAVES;REFORCADO 200L;BAHAMAS;ATIVO 
64 - BAHAMAS MIX UBERLANDIA JOAO NAVES;SACOLA 29X39;BAHAMAS;ATIVO 
64 - BAHAMAS MIX UBERLANDIA JOAO NAVES;SACOLA 29X39 ;BAHAMAS;ATIVO 
64 - BAHAMAS MIX UBERLANDIA JOAO NAVES;SACOLA 38X48;BAHAMAS;ATIVO 
64 - BAHAMAS MIX UBERLANDIA JOAO NAVES;SACOLA 38X48 ;BAHAMAS;ATIVO 
64 - BAHAMAS MIX UBERLANDIA JOAO NAVES;SACOLA VERDE 38X50;BAHAMAS;ATIVO 
64 - BAHAMAS MIX UBERLANDIA JOAO NAVES;SACOLA VERDE 40X50;BAHAMAS;ATIVO 
65 - BAHAMAS MIX ARAXA;BOBINA 20X30;BAHAMAS;ATIVO 
65 - BAHAMAS MIX ARAXA;BOBINA 25X35;BAHAMAS;ATIVO 
65 - BAHAMAS MIX ARAXA;BOBINA 30X40;BAHAMAS;ATIVO 
65 - BAHAMAS MIX ARAXA;BRAMIL LIXO 100L;BAHAMAS;ATIVO 
65 - BAHAMAS MIX ARAXA;BRAMIL LIXO 100L REF ;BAHAMAS;ATIVO 
65 - BAHAMAS MIX ARAXA;BRAMIL LIXO 15L;BAHAMAS;ATIVO 
65 - BAHAMAS MIX ARAXA;BRAMIL LIXO 200L REF ;BAHAMAS;ATIVO 
65 - BAHAMAS MIX ARAXA;BRAMIL LIXO 30L;BAHAMAS;ATIVO 
65 - BAHAMAS MIX ARAXA;BRAMIL LIXO 50L ;BAHAMAS;ATIVO 
65 - BAHAMAS MIX ARAXA;ECONOMICO 100L;BAHAMAS;ATIVO 
65 - BAHAMAS MIX ARAXA;ECONOMICO 100L ;BAHAMAS;ATIVO 
65 - BAHAMAS MIX ARAXA;ECONOMICO 15L;BAHAMAS;ATIVO 
65 - BAHAMAS MIX ARAXA;ECONOMICO 30L;BAHAMAS;ATIVO 
65 - BAHAMAS MIX ARAXA;ECONOMICO 50L;BAHAMAS;ATIVO 
65 - BAHAMAS MIX ARAXA;HIPERROLL 100L;BAHAMAS;ATIVO 
65 - BAHAMAS MIX ARAXA;HIPERROLL 15L;BAHAMAS;ATIVO 
65 - BAHAMAS MIX ARAXA;HIPERROLL 30L;BAHAMAS;ATIVO 
65 - BAHAMAS MIX ARAXA;HIPERROLL 50L;BAHAMAS;ATIVO 
65 - BAHAMAS MIX ARAXA;REFORCADO 100L;BAHAMAS;ATIVO 
65 - BAHAMAS MIX ARAXA;REFORCADO 200L;BAHAMAS;ATIVO 
65 - BAHAMAS MIX ARAXA;SACOLA 29X39;BAHAMAS;ATIVO 
65 - BAHAMAS MIX ARAXA;SACOLA 29X39 ;BAHAMAS;ATIVO 
65 - BAHAMAS MIX ARAXA;SACOLA 38X48;BAHAMAS;ATIVO 
65 - BAHAMAS MIX ARAXA;SACOLA 38X48 ;BAHAMAS;ATIVO 
65 - BAHAMAS MIX ARAXA;SACOLA VERDE 38X50;BAHAMAS;ATIVO 
65 - BAHAMAS MIX ARAXA;SACOLA VERDE 40X50;BAHAMAS;ATIVO 
66 - BAHAMAS MIX PATOS DE MINAS;BOBINA 20X30;BAHAMAS;ATIVO 
66 - BAHAMAS MIX PATOS DE MINAS;BOBINA 25X35;BAHAMAS;ATIVO 
66 - BAHAMAS MIX PATOS DE MINAS;BOBINA 30X40;BAHAMAS;ATIVO 
66 - BAHAMAS MIX PATOS DE MINAS;BRAMIL LIXO 100L;BAHAMAS;ATIVO 
66 - BAHAMAS MIX PATOS DE MINAS;BRAMIL LIXO 100L REF ;BAHAMAS;ATIVO 
66 - BAHAMAS MIX PATOS DE MINAS;BRAMIL LIXO 15L;BAHAMAS;ATIVO 
66 - BAHAMAS MIX PATOS DE MINAS;BRAMIL LIXO 200L REF ;BAHAMAS;ATIVO 
66 - BAHAMAS MIX PATOS DE MINAS;BRAMIL LIXO 30L;BAHAMAS;ATIVO 
66 - BAHAMAS MIX PATOS DE MINAS;BRAMIL LIXO 50L ;BAHAMAS;ATIVO 
66 - BAHAMAS MIX PATOS DE MINAS;ECONOMICO 100L;BAHAMAS;ATIVO 
66 - BAHAMAS MIX PATOS DE MINAS;ECONOMICO 100L ;BAHAMAS;ATIVO 
66 - BAHAMAS MIX PATOS DE MINAS;ECONOMICO 15L;BAHAMAS;ATIVO 
66 - BAHAMAS MIX PATOS DE MINAS;ECONOMICO 30L;BAHAMAS;ATIVO 
66 - BAHAMAS MIX PATOS DE MINAS;ECONOMICO 50L;BAHAMAS;ATIVO 
66 - BAHAMAS MIX PATOS DE MINAS;HIPERROLL 100L;BAHAMAS;ATIVO 
66 - BAHAMAS MIX PATOS DE MINAS;HIPERROLL 15L;BAHAMAS;ATIVO 
66 - BAHAMAS MIX PATOS DE MINAS;HIPERROLL 30L;BAHAMAS;ATIVO 
66 - BAHAMAS MIX PATOS DE MINAS;HIPERROLL 50L;BAHAMAS;ATIVO 
66 - BAHAMAS MIX PATOS DE MINAS;REFORCADO 100L;BAHAMAS;ATIVO 
66 - BAHAMAS MIX PATOS DE MINAS;REFORCADO 200L;BAHAMAS;ATIVO 
66 - BAHAMAS MIX PATOS DE MINAS;SACOLA 29X39;BAHAMAS;ATIVO 
66 - BAHAMAS MIX PATOS DE MINAS;SACOLA 29X39 ;BAHAMAS;ATIVO 
66 - BAHAMAS MIX PATOS DE MINAS;SACOLA 38X48;BAHAMAS;ATIVO 
66 - BAHAMAS MIX PATOS DE MINAS;SACOLA 38X48 ;BAHAMAS;ATIVO 
66 - BAHAMAS MIX PATOS DE MINAS;SACOLA VERDE 38X50;BAHAMAS;ATIVO 
66 - BAHAMAS MIX PATOS DE MINAS;SACOLA VERDE 40X50;BAHAMAS;ATIVO 
68 - SUPERMERCADO BAHAMAS MURIAE;BOBINA 20X30;BAHAMAS;ATIVO 
68 - SUPERMERCADO BAHAMAS MURIAE;BOBINA 25X35;BAHAMAS;ATIVO 
68 - SUPERMERCADO BAHAMAS MURIAE;BOBINA 30X40;BAHAMAS;ATIVO 
68 - SUPERMERCADO BAHAMAS MURIAE;BRAMIL LIXO 100L;BAHAMAS;ATIVO 
68 - SUPERMERCADO BAHAMAS MURIAE;BRAMIL LIXO 100L REF ;BAHAMAS;ATIVO 
68 - SUPERMERCADO BAHAMAS MURIAE;BRAMIL LIXO 15L;BAHAMAS;ATIVO 
68 - SUPERMERCADO BAHAMAS MURIAE;BRAMIL LIXO 200L REF ;BAHAMAS;ATIVO 
68 - SUPERMERCADO BAHAMAS MURIAE;BRAMIL LIXO 30L;BAHAMAS;ATIVO 
68 - SUPERMERCADO BAHAMAS MURIAE;BRAMIL LIXO 50L ;BAHAMAS;ATIVO 
68 - SUPERMERCADO BAHAMAS MURIAE;ECONOMICO 100L;BAHAMAS;ATIVO 
68 - SUPERMERCADO BAHAMAS MURIAE;ECONOMICO 100L ;BAHAMAS;ATIVO 
68 - SUPERMERCADO BAHAMAS MURIAE;ECONOMICO 15L;BAHAMAS;ATIVO 
68 - SUPERMERCADO BAHAMAS MURIAE;ECONOMICO 30L;BAHAMAS;ATIVO 
68 - SUPERMERCADO BAHAMAS MURIAE;ECONOMICO 50L;BAHAMAS;ATIVO 
68 - SUPERMERCADO BAHAMAS MURIAE;HIPERROLL 100L;BAHAMAS;ATIVO 
68 - SUPERMERCADO BAHAMAS MURIAE;HIPERROLL 15L;BAHAMAS;ATIVO 
68 - SUPERMERCADO BAHAMAS MURIAE;HIPERROLL 30L;BAHAMAS;ATIVO 
68 - SUPERMERCADO BAHAMAS MURIAE;HIPERROLL 50L;BAHAMAS;ATIVO 
68 - SUPERMERCADO BAHAMAS MURIAE;REFORCADO 100L;BAHAMAS;ATIVO 
68 - SUPERMERCADO BAHAMAS MURIAE;REFORCADO 200L;BAHAMAS;ATIVO 
68 - SUPERMERCADO BAHAMAS MURIAE;SACOLA 29X39;BAHAMAS;ATIVO 
68 - SUPERMERCADO BAHAMAS MURIAE;SACOLA 29X39 ;BAHAMAS;ATIVO 
68 - SUPERMERCADO BAHAMAS MURIAE;SACOLA 38X48;BAHAMAS;ATIVO 
68 - SUPERMERCADO BAHAMAS MURIAE;SACOLA 38X48 ;BAHAMAS;ATIVO 
68 - SUPERMERCADO BAHAMAS MURIAE;SACOLA VERDE 38X50;BAHAMAS;ATIVO 
68 - SUPERMERCADO BAHAMAS MURIAE;SACOLA VERDE 40X50;BAHAMAS;ATIVO 
7 - BAHAMAS MIX J.CLUBE.;BOBINA 20X30;BAHAMAS JF;ATIVO 
7 - BAHAMAS MIX J.CLUBE.;BOBINA 25X35;BAHAMAS JF;ATIVO 
7 - BAHAMAS MIX J.CLUBE.;BOBINA 30X40;BAHAMAS JF;ATIVO 
7 - BAHAMAS MIX J.CLUBE.;BRAMIL LIXO 100L;BAHAMAS JF;ATIVO 
7 - BAHAMAS MIX J.CLUBE.;BRAMIL LIXO 100L REF ;BAHAMAS JF;ATIVO 
7 - BAHAMAS MIX J.CLUBE.;BRAMIL LIXO 15L;BAHAMAS JF;ATIVO 
7 - BAHAMAS MIX J.CLUBE.;BRAMIL LIXO 200L REF ;BAHAMAS JF;ATIVO 
7 - BAHAMAS MIX J.CLUBE.;BRAMIL LIXO 30L;BAHAMAS JF;ATIVO 
7 - BAHAMAS MIX J.CLUBE.;BRAMIL LIXO 50L ;BAHAMAS JF;ATIVO 
7 - BAHAMAS MIX J.CLUBE.;ECONOMICO 100L;BAHAMAS JF;ATIVO 
7 - BAHAMAS MIX J.CLUBE.;ECONOMICO 100L ;BAHAMAS JF;ATIVO 
7 - BAHAMAS MIX J.CLUBE.;ECONOMICO 15L;BAHAMAS JF;ATIVO 
7 - BAHAMAS MIX J.CLUBE.;ECONOMICO 30L;BAHAMAS JF;ATIVO 
7 - BAHAMAS MIX J.CLUBE.;ECONOMICO 50L;BAHAMAS JF;ATIVO 
7 - BAHAMAS MIX J.CLUBE.;HIPERROLL 100L;BAHAMAS JF;ATIVO 
7 - BAHAMAS MIX J.CLUBE.;HIPERROLL 15L;BAHAMAS JF;ATIVO 
7 - BAHAMAS MIX J.CLUBE.;HIPERROLL 30L;BAHAMAS JF;ATIVO 
7 - BAHAMAS MIX J.CLUBE.;HIPERROLL 50L;BAHAMAS JF;ATIVO 
7 - BAHAMAS MIX J.CLUBE.;REFORCADO 100L;BAHAMAS JF;ATIVO 
7 - BAHAMAS MIX J.CLUBE.;REFORCADO 200L;BAHAMAS JF;ATIVO 
7 - BAHAMAS MIX J.CLUBE.;SACOLA 29X39;BAHAMAS JF;ATIVO 
7 - BAHAMAS MIX J.CLUBE.;SACOLA 29X39 ;BAHAMAS JF;ATIVO 
7 - BAHAMAS MIX J.CLUBE.;SACOLA 38X48;BAHAMAS JF;ATIVO 
7 - BAHAMAS MIX J.CLUBE.;SACOLA 38X48 ;BAHAMAS JF;ATIVO 
7 - BAHAMAS MIX J.CLUBE.;SACOLA VERDE 38X50;BAHAMAS JF;ATIVO 
7 - BAHAMAS MIX J.CLUBE.;SACOLA VERDE 40X50;BAHAMAS JF;ATIVO 
72 - BAHAMAS MIX FRUTAL;BOBINA 20X30;BAHAMAS;ATIVO 
72 - BAHAMAS MIX FRUTAL;BOBINA 25X35;BAHAMAS;ATIVO 
72 - BAHAMAS MIX FRUTAL;BOBINA 30X40;BAHAMAS;ATIVO 
72 - BAHAMAS MIX FRUTAL;BRAMIL LIXO 100L;BAHAMAS;ATIVO 
72 - BAHAMAS MIX FRUTAL;BRAMIL LIXO 100L REF ;BAHAMAS;ATIVO 
72 - BAHAMAS MIX FRUTAL;BRAMIL LIXO 15L;BAHAMAS;ATIVO 
72 - BAHAMAS MIX FRUTAL;BRAMIL LIXO 200L REF ;BAHAMAS;ATIVO 
72 - BAHAMAS MIX FRUTAL;BRAMIL LIXO 30L;BAHAMAS;ATIVO 
72 - BAHAMAS MIX FRUTAL;BRAMIL LIXO 50L ;BAHAMAS;ATIVO 
72 - BAHAMAS MIX FRUTAL;ECONOMICO 100L;BAHAMAS;ATIVO 
72 - BAHAMAS MIX FRUTAL;ECONOMICO 100L ;BAHAMAS;ATIVO 
72 - BAHAMAS MIX FRUTAL;ECONOMICO 15L;BAHAMAS;ATIVO 
72 - BAHAMAS MIX FRUTAL;ECONOMICO 30L;BAHAMAS;ATIVO 
72 - BAHAMAS MIX FRUTAL;ECONOMICO 50L;BAHAMAS;ATIVO 
72 - BAHAMAS MIX FRUTAL;HIPERROLL 100L;BAHAMAS;ATIVO 
72 - BAHAMAS MIX FRUTAL;HIPERROLL 15L;BAHAMAS;ATIVO 
72 - BAHAMAS MIX FRUTAL;HIPERROLL 30L;BAHAMAS;ATIVO 
72 - BAHAMAS MIX FRUTAL;HIPERROLL 50L;BAHAMAS;ATIVO 
72 - BAHAMAS MIX FRUTAL;REFORCADO 100L;BAHAMAS;ATIVO 
72 - BAHAMAS MIX FRUTAL;REFORCADO 200L;BAHAMAS;ATIVO 
72 - BAHAMAS MIX FRUTAL;SACOLA 29X39;BAHAMAS;ATIVO 
72 - BAHAMAS MIX FRUTAL;SACOLA 29X39 ;BAHAMAS;ATIVO 
72 - BAHAMAS MIX FRUTAL;SACOLA 38X48;BAHAMAS;ATIVO 
72 - BAHAMAS MIX FRUTAL;SACOLA 38X48 ;BAHAMAS;ATIVO 
72 - BAHAMAS MIX FRUTAL;SACOLA VERDE 38X50;BAHAMAS;ATIVO 
72 - BAHAMAS MIX FRUTAL;SACOLA VERDE 40X50;BAHAMAS;ATIVO 
74 - BAHAMAS MIX UBERLANDIA ZONA SUL;BOBINA 20X30;BAHAMAS;ATIVO 
74 - BAHAMAS MIX UBERLANDIA ZONA SUL;BOBINA 25X35;BAHAMAS;ATIVO 
74 - BAHAMAS MIX UBERLANDIA ZONA SUL;BOBINA 30X40;BAHAMAS;ATIVO 
74 - BAHAMAS MIX UBERLANDIA ZONA SUL;BRAMIL LIXO 100L;BAHAMAS;ATIVO 
74 - BAHAMAS MIX UBERLANDIA ZONA SUL;BRAMIL LIXO 100L REF ;BAHAMAS;ATIVO 
74 - BAHAMAS MIX UBERLANDIA ZONA SUL;BRAMIL LIXO 15L;BAHAMAS;ATIVO 
74 - BAHAMAS MIX UBERLANDIA ZONA SUL;BRAMIL LIXO 200L REF ;BAHAMAS;ATIVO 
74 - BAHAMAS MIX UBERLANDIA ZONA SUL;BRAMIL LIXO 30L;BAHAMAS;ATIVO 
74 - BAHAMAS MIX UBERLANDIA ZONA SUL;BRAMIL LIXO 50L ;BAHAMAS;ATIVO 
74 - BAHAMAS MIX UBERLANDIA ZONA SUL;ECONOMICO 100L;BAHAMAS;ATIVO 
74 - BAHAMAS MIX UBERLANDIA ZONA SUL;ECONOMICO 100L ;BAHAMAS;ATIVO 
74 - BAHAMAS MIX UBERLANDIA ZONA SUL;ECONOMICO 15L;BAHAMAS;ATIVO 
74 - BAHAMAS MIX UBERLANDIA ZONA SUL;ECONOMICO 30L;BAHAMAS;ATIVO 
74 - BAHAMAS MIX UBERLANDIA ZONA SUL;ECONOMICO 50L;BAHAMAS;ATIVO 
74 - BAHAMAS MIX UBERLANDIA ZONA SUL;HIPERROLL 100L;BAHAMAS;ATIVO 
74 - BAHAMAS MIX UBERLANDIA ZONA SUL;HIPERROLL 15L;BAHAMAS;ATIVO 
74 - BAHAMAS MIX UBERLANDIA ZONA SUL;HIPERROLL 30L;BAHAMAS;ATIVO 
74 - BAHAMAS MIX UBERLANDIA ZONA SUL;HIPERROLL 50L;BAHAMAS;ATIVO 
74 - BAHAMAS MIX UBERLANDIA ZONA SUL;REFORCADO 100L;BAHAMAS;ATIVO 
74 - BAHAMAS MIX UBERLANDIA ZONA SUL;REFORCADO 200L;BAHAMAS;ATIVO 
74 - BAHAMAS MIX UBERLANDIA ZONA SUL;SACOLA 29X39;BAHAMAS;ATIVO 
74 - BAHAMAS MIX UBERLANDIA ZONA SUL;SACOLA 29X39 ;BAHAMAS;ATIVO 
74 - BAHAMAS MIX UBERLANDIA ZONA SUL;SACOLA 38X48;BAHAMAS;ATIVO 
74 - BAHAMAS MIX UBERLANDIA ZONA SUL;SACOLA 38X48 ;BAHAMAS;ATIVO 
74 - BAHAMAS MIX UBERLANDIA ZONA SUL;SACOLA VERDE 38X50;BAHAMAS;ATIVO 
74 - BAHAMAS MIX UBERLANDIA ZONA SUL;SACOLA VERDE 40X50;BAHAMAS;ATIVO 
75 - BAHAMAS MIX VISCONDE DO RIO BRANCO;BOBINA 20X30;BAHAMAS;ATIVO 
75 - BAHAMAS MIX VISCONDE DO RIO BRANCO;BOBINA 25X35;BAHAMAS;ATIVO 
75 - BAHAMAS MIX VISCONDE DO RIO BRANCO;BOBINA 30X40;BAHAMAS;ATIVO 
75 - BAHAMAS MIX VISCONDE DO RIO BRANCO;BRAMIL LIXO 100L;BAHAMAS;ATIVO 
75 - BAHAMAS MIX VISCONDE DO RIO BRANCO;BRAMIL LIXO 100L REF ;BAHAMAS;ATIVO 
75 - BAHAMAS MIX VISCONDE DO RIO BRANCO;BRAMIL LIXO 15L;BAHAMAS;ATIVO 
75 - BAHAMAS MIX VISCONDE DO RIO BRANCO;BRAMIL LIXO 200L REF ;BAHAMAS;ATIVO 
75 - BAHAMAS MIX VISCONDE DO RIO BRANCO;BRAMIL LIXO 30L;BAHAMAS;ATIVO 
75 - BAHAMAS MIX VISCONDE DO RIO BRANCO;BRAMIL LIXO 50L ;BAHAMAS;ATIVO 
75 - BAHAMAS MIX VISCONDE DO RIO BRANCO;ECONOMICO 100L;BAHAMAS;ATIVO 
75 - BAHAMAS MIX VISCONDE DO RIO BRANCO;ECONOMICO 100L ;BAHAMAS;ATIVO 
75 - BAHAMAS MIX VISCONDE DO RIO BRANCO;ECONOMICO 15L;BAHAMAS;ATIVO 
75 - BAHAMAS MIX VISCONDE DO RIO BRANCO;ECONOMICO 30L;BAHAMAS;ATIVO 
75 - BAHAMAS MIX VISCONDE DO RIO BRANCO;ECONOMICO 50L;BAHAMAS;ATIVO 
75 - BAHAMAS MIX VISCONDE DO RIO BRANCO;HIPERROLL 100L;BAHAMAS;ATIVO 
75 - BAHAMAS MIX VISCONDE DO RIO BRANCO;HIPERROLL 15L;BAHAMAS;ATIVO 
75 - BAHAMAS MIX VISCONDE DO RIO BRANCO;HIPERROLL 30L;BAHAMAS;ATIVO 
75 - BAHAMAS MIX VISCONDE DO RIO BRANCO;HIPERROLL 50L;BAHAMAS;ATIVO 
75 - BAHAMAS MIX VISCONDE DO RIO BRANCO;REFORCADO 100L;BAHAMAS;ATIVO 
75 - BAHAMAS MIX VISCONDE DO RIO BRANCO;REFORCADO 200L;BAHAMAS;ATIVO 
75 - BAHAMAS MIX VISCONDE DO RIO BRANCO;SACOLA 29X39;BAHAMAS;ATIVO 
75 - BAHAMAS MIX VISCONDE DO RIO BRANCO;SACOLA 29X39 ;BAHAMAS;ATIVO 
75 - BAHAMAS MIX VISCONDE DO RIO BRANCO;SACOLA 38X48;BAHAMAS;ATIVO 
75 - BAHAMAS MIX VISCONDE DO RIO BRANCO;SACOLA 38X48 ;BAHAMAS;ATIVO 
75 - BAHAMAS MIX VISCONDE DO RIO BRANCO;SACOLA VERDE 38X50;BAHAMAS;ATIVO 
75 - BAHAMAS MIX VISCONDE DO RIO BRANCO;SACOLA VERDE 40X50;BAHAMAS;ATIVO 
79 - BAHAMAS MIX RIO POMBA;BOBINA 20X30;BAHAMAS;ATIVO 
79 - BAHAMAS MIX RIO POMBA;BOBINA 25X35;BAHAMAS;ATIVO 
79 - BAHAMAS MIX RIO POMBA;BOBINA 30X40;BAHAMAS;ATIVO 
79 - BAHAMAS MIX RIO POMBA;BRAMIL LIXO 100L;BAHAMAS;ATIVO 
79 - BAHAMAS MIX RIO POMBA;BRAMIL LIXO 100L REF ;BAHAMAS;ATIVO 
79 - BAHAMAS MIX RIO POMBA;BRAMIL LIXO 15L;BAHAMAS;ATIVO 
79 - BAHAMAS MIX RIO POMBA;BRAMIL LIXO 200L REF ;BAHAMAS;ATIVO 
79 - BAHAMAS MIX RIO POMBA;BRAMIL LIXO 30L;BAHAMAS;ATIVO 
79 - BAHAMAS MIX RIO POMBA;BRAMIL LIXO 50L ;BAHAMAS;ATIVO 
79 - BAHAMAS MIX RIO POMBA;ECONOMICO 100L;BAHAMAS;ATIVO 
79 - BAHAMAS MIX RIO POMBA;ECONOMICO 100L ;BAHAMAS;ATIVO 
79 - BAHAMAS MIX RIO POMBA;ECONOMICO 15L;BAHAMAS;ATIVO 
79 - BAHAMAS MIX RIO POMBA;ECONOMICO 30L;BAHAMAS;ATIVO 
79 - BAHAMAS MIX RIO POMBA;ECONOMICO 50L;BAHAMAS;ATIVO 
79 - BAHAMAS MIX RIO POMBA;HIPERROLL 100L;BAHAMAS;ATIVO 
79 - BAHAMAS MIX RIO POMBA;HIPERROLL 15L;BAHAMAS;ATIVO 
79 - BAHAMAS MIX RIO POMBA;HIPERROLL 30L;BAHAMAS;ATIVO 
79 - BAHAMAS MIX RIO POMBA;HIPERROLL 50L;BAHAMAS;ATIVO 
79 - BAHAMAS MIX RIO POMBA;REFORCADO 100L;BAHAMAS;ATIVO 
79 - BAHAMAS MIX RIO POMBA;REFORCADO 200L;BAHAMAS;ATIVO 
79 - BAHAMAS MIX RIO POMBA;SACOLA 29X39;BAHAMAS;ATIVO 
79 - BAHAMAS MIX RIO POMBA;SACOLA 29X39 ;BAHAMAS;ATIVO 
79 - BAHAMAS MIX RIO POMBA;SACOLA 38X48;BAHAMAS;ATIVO 
79 - BAHAMAS MIX RIO POMBA;SACOLA 38X48 ;BAHAMAS;ATIVO 
79 - BAHAMAS MIX RIO POMBA;SACOLA VERDE 38X50;BAHAMAS;ATIVO 
79 - BAHAMAS MIX RIO POMBA;SACOLA VERDE 40X50;BAHAMAS;ATIVO 
8 - HIPER BAHAMAS SAO VICENTE;BOBINA 20X30;BAHAMAS JF;ATIVO 
8 - HIPER BAHAMAS SAO VICENTE;BOBINA 25X35;BAHAMAS JF;ATIVO 
8 - HIPER BAHAMAS SAO VICENTE;BOBINA 30X40;BAHAMAS JF;ATIVO 
8 - HIPER BAHAMAS SAO VICENTE;BRAMIL LIXO 100L;BAHAMAS JF;ATIVO 
8 - HIPER BAHAMAS SAO VICENTE;BRAMIL LIXO 100L REF ;BAHAMAS JF;ATIVO 
8 - HIPER BAHAMAS SAO VICENTE;BRAMIL LIXO 15L;BAHAMAS JF;ATIVO 
8 - HIPER BAHAMAS SAO VICENTE;BRAMIL LIXO 200L REF ;BAHAMAS JF;ATIVO 
8 - HIPER BAHAMAS SAO VICENTE;BRAMIL LIXO 30L;BAHAMAS JF;ATIVO 
8 - HIPER BAHAMAS SAO VICENTE;BRAMIL LIXO 50L ;BAHAMAS JF;ATIVO 
8 - HIPER BAHAMAS SAO VICENTE;ECONOMICO 100L;BAHAMAS JF;ATIVO 
8 - HIPER BAHAMAS SAO VICENTE;ECONOMICO 100L ;BAHAMAS JF;ATIVO 
8 - HIPER BAHAMAS SAO VICENTE;ECONOMICO 15L;BAHAMAS JF;ATIVO 
8 - HIPER BAHAMAS SAO VICENTE;ECONOMICO 30L;BAHAMAS JF;ATIVO 
8 - HIPER BAHAMAS SAO VICENTE;ECONOMICO 50L;BAHAMAS JF;ATIVO 
8 - HIPER BAHAMAS SAO VICENTE;HIPERROLL 100L;BAHAMAS JF;ATIVO 
8 - HIPER BAHAMAS SAO VICENTE;HIPERROLL 15L;BAHAMAS JF;ATIVO 
8 - HIPER BAHAMAS SAO VICENTE;HIPERROLL 30L;BAHAMAS JF;ATIVO 
8 - HIPER BAHAMAS SAO VICENTE;HIPERROLL 50L;BAHAMAS JF;ATIVO 
8 - HIPER BAHAMAS SAO VICENTE;REFORCADO 100L;BAHAMAS JF;ATIVO 
8 - HIPER BAHAMAS SAO VICENTE;REFORCADO 200L;BAHAMAS JF;ATIVO 
8 - HIPER BAHAMAS SAO VICENTE;SACOLA 29X39;BAHAMAS JF;ATIVO 
8 - HIPER BAHAMAS SAO VICENTE;SACOLA 29X39 ;BAHAMAS JF;ATIVO 
8 - HIPER BAHAMAS SAO VICENTE;SACOLA 38X48;BAHAMAS JF;ATIVO 
8 - HIPER BAHAMAS SAO VICENTE;SACOLA 38X48 ;BAHAMAS JF;ATIVO 
8 - HIPER BAHAMAS SAO VICENTE;SACOLA VERDE 38X50;BAHAMAS JF;ATIVO 
8 - HIPER BAHAMAS SAO VICENTE;SACOLA VERDE 40X50;BAHAMAS JF;ATIVO 
80 - BAHAMAS MIX ITURAMA;BOBINA 20X30;BAHAMAS;ATIVO 
80 - BAHAMAS MIX ITURAMA;BOBINA 25X35;BAHAMAS;ATIVO 
80 - BAHAMAS MIX ITURAMA;BOBINA 30X40;BAHAMAS;ATIVO 
80 - BAHAMAS MIX ITURAMA;BRAMIL LIXO 100L;BAHAMAS;ATIVO 
80 - BAHAMAS MIX ITURAMA;BRAMIL LIXO 100L REF ;BAHAMAS;ATIVO 
80 - BAHAMAS MIX ITURAMA;BRAMIL LIXO 15L;BAHAMAS;ATIVO 
80 - BAHAMAS MIX ITURAMA;BRAMIL LIXO 200L REF ;BAHAMAS;ATIVO 
80 - BAHAMAS MIX ITURAMA;BRAMIL LIXO 30L;BAHAMAS;ATIVO 
80 - BAHAMAS MIX ITURAMA;BRAMIL LIXO 50L ;BAHAMAS;ATIVO 
80 - BAHAMAS MIX ITURAMA;ECONOMICO 100L;BAHAMAS;ATIVO 
80 - BAHAMAS MIX ITURAMA;ECONOMICO 100L ;BAHAMAS;ATIVO 
80 - BAHAMAS MIX ITURAMA;ECONOMICO 15L;BAHAMAS;ATIVO 
80 - BAHAMAS MIX ITURAMA;ECONOMICO 30L;BAHAMAS;ATIVO 
80 - BAHAMAS MIX ITURAMA;ECONOMICO 50L;BAHAMAS;ATIVO 
80 - BAHAMAS MIX ITURAMA;HIPERROLL 100L;BAHAMAS;ATIVO 
80 - BAHAMAS MIX ITURAMA;HIPERROLL 15L;BAHAMAS;ATIVO 
80 - BAHAMAS MIX ITURAMA;HIPERROLL 30L;BAHAMAS;ATIVO 
80 - BAHAMAS MIX ITURAMA;HIPERROLL 50L;BAHAMAS;ATIVO 
80 - BAHAMAS MIX ITURAMA;REFORCADO 100L;BAHAMAS;ATIVO 
80 - BAHAMAS MIX ITURAMA;REFORCADO 200L;BAHAMAS;ATIVO 
80 - BAHAMAS MIX ITURAMA;SACOLA 29X39;BAHAMAS;ATIVO 
80 - BAHAMAS MIX ITURAMA;SACOLA 29X39 ;BAHAMAS;ATIVO 
80 - BAHAMAS MIX ITURAMA;SACOLA 38X48;BAHAMAS;ATIVO 
80 - BAHAMAS MIX ITURAMA;SACOLA 38X48 ;BAHAMAS;ATIVO 
80 - BAHAMAS MIX ITURAMA;SACOLA VERDE 38X50;BAHAMAS;ATIVO 
80 - BAHAMAS MIX ITURAMA;SACOLA VERDE 40X50;BAHAMAS;ATIVO 
82 - BAHAMAS MIX ARAXA SANTO ANTONIO;BOBINA 20X30;BAHAMAS;ATIVO 
82 - BAHAMAS MIX ARAXA SANTO ANTONIO;BOBINA 25X35;BAHAMAS;ATIVO 
82 - BAHAMAS MIX ARAXA SANTO ANTONIO;BOBINA 30X40;BAHAMAS;ATIVO 
82 - BAHAMAS MIX ARAXA SANTO ANTONIO;BRAMIL LIXO 100L;BAHAMAS;ATIVO 
82 - BAHAMAS MIX ARAXA SANTO ANTONIO;BRAMIL LIXO 100L REF ;BAHAMAS;ATIVO 
82 - BAHAMAS MIX ARAXA SANTO ANTONIO;BRAMIL LIXO 15L;BAHAMAS;ATIVO 
82 - BAHAMAS MIX ARAXA SANTO ANTONIO;BRAMIL LIXO 200L REF ;BAHAMAS;ATIVO 
82 - BAHAMAS MIX ARAXA SANTO ANTONIO;BRAMIL LIXO 30L;BAHAMAS;ATIVO 
82 - BAHAMAS MIX ARAXA SANTO ANTONIO;BRAMIL LIXO 50L ;BAHAMAS;ATIVO 
82 - BAHAMAS MIX ARAXA SANTO ANTONIO;ECONOMICO 100L;BAHAMAS;ATIVO 
82 - BAHAMAS MIX ARAXA SANTO ANTONIO;ECONOMICO 100L ;BAHAMAS;ATIVO 
82 - BAHAMAS MIX ARAXA SANTO ANTONIO;ECONOMICO 15L;BAHAMAS;ATIVO 
82 - BAHAMAS MIX ARAXA SANTO ANTONIO;ECONOMICO 30L;BAHAMAS;ATIVO 
82 - BAHAMAS MIX ARAXA SANTO ANTONIO;ECONOMICO 50L;BAHAMAS;ATIVO 
82 - BAHAMAS MIX ARAXA SANTO ANTONIO;HIPERROLL 100L;BAHAMAS;ATIVO 
82 - BAHAMAS MIX ARAXA SANTO ANTONIO;HIPERROLL 15L;BAHAMAS;ATIVO 
82 - BAHAMAS MIX ARAXA SANTO ANTONIO;HIPERROLL 30L;BAHAMAS;ATIVO 
82 - BAHAMAS MIX ARAXA SANTO ANTONIO;HIPERROLL 50L;BAHAMAS;ATIVO 
82 - BAHAMAS MIX ARAXA SANTO ANTONIO;REFORCADO 100L;BAHAMAS;ATIVO 
82 - BAHAMAS MIX ARAXA SANTO ANTONIO;REFORCADO 200L;BAHAMAS;ATIVO 
82 - BAHAMAS MIX ARAXA SANTO ANTONIO;SACOLA 29X39;BAHAMAS;ATIVO 
82 - BAHAMAS MIX ARAXA SANTO ANTONIO;SACOLA 29X39 ;BAHAMAS;ATIVO 
82 - BAHAMAS MIX ARAXA SANTO ANTONIO;SACOLA 38X48;BAHAMAS;ATIVO 
82 - BAHAMAS MIX ARAXA SANTO ANTONIO;SACOLA 38X48 ;BAHAMAS;ATIVO 
82 - BAHAMAS MIX ARAXA SANTO ANTONIO;SACOLA VERDE 38X50;BAHAMAS;ATIVO 
82 - BAHAMAS MIX ARAXA SANTO ANTONIO;SACOLA VERDE 40X50;BAHAMAS;ATIVO 
85 - BAHAMAS MIX EDILSON LAMARTINE;BOBINA 20X30;BAHAMAS;ATIVO 
85 - BAHAMAS MIX EDILSON LAMARTINE;BOBINA 25X35;BAHAMAS;ATIVO 
85 - BAHAMAS MIX EDILSON LAMARTINE;BOBINA 30X40;BAHAMAS;ATIVO 
85 - BAHAMAS MIX EDILSON LAMARTINE;BRAMIL LIXO 100L;BAHAMAS;ATIVO 
85 - BAHAMAS MIX EDILSON LAMARTINE;BRAMIL LIXO 100L REF ;BAHAMAS;ATIVO 
85 - BAHAMAS MIX EDILSON LAMARTINE;BRAMIL LIXO 15L;BAHAMAS;ATIVO 
85 - BAHAMAS MIX EDILSON LAMARTINE;BRAMIL LIXO 200L REF ;BAHAMAS;ATIVO 
85 - BAHAMAS MIX EDILSON LAMARTINE;BRAMIL LIXO 30L;BAHAMAS;ATIVO 
85 - BAHAMAS MIX EDILSON LAMARTINE;BRAMIL LIXO 50L ;BAHAMAS;ATIVO 
85 - BAHAMAS MIX EDILSON LAMARTINE;ECONOMICO 100L;BAHAMAS;ATIVO 
85 - BAHAMAS MIX EDILSON LAMARTINE;ECONOMICO 100L ;BAHAMAS;ATIVO 
85 - BAHAMAS MIX EDILSON LAMARTINE;ECONOMICO 15L;BAHAMAS;ATIVO 
85 - BAHAMAS MIX EDILSON LAMARTINE;ECONOMICO 30L;BAHAMAS;ATIVO 
85 - BAHAMAS MIX EDILSON LAMARTINE;ECONOMICO 50L;BAHAMAS;ATIVO 
85 - BAHAMAS MIX EDILSON LAMARTINE;HIPERROLL 100L;BAHAMAS;ATIVO 
85 - BAHAMAS MIX EDILSON LAMARTINE;HIPERROLL 15L;BAHAMAS;ATIVO 
85 - BAHAMAS MIX EDILSON LAMARTINE;HIPERROLL 30L;BAHAMAS;ATIVO 
85 - BAHAMAS MIX EDILSON LAMARTINE;HIPERROLL 50L;BAHAMAS;ATIVO 
85 - BAHAMAS MIX EDILSON LAMARTINE;REFORCADO 100L;BAHAMAS;ATIVO 
85 - BAHAMAS MIX EDILSON LAMARTINE;REFORCADO 200L;BAHAMAS;ATIVO 
85 - BAHAMAS MIX EDILSON LAMARTINE;SACOLA 29X39;BAHAMAS;ATIVO 
85 - BAHAMAS MIX EDILSON LAMARTINE;SACOLA 29X39 ;BAHAMAS;ATIVO 
85 - BAHAMAS MIX EDILSON LAMARTINE;SACOLA 38X48;BAHAMAS;ATIVO 
85 - BAHAMAS MIX EDILSON LAMARTINE;SACOLA 38X48 ;BAHAMAS;ATIVO 
85 - BAHAMAS MIX EDILSON LAMARTINE;SACOLA VERDE 38X50;BAHAMAS;ATIVO 
85 - BAHAMAS MIX EDILSON LAMARTINE;SACOLA VERDE 40X50;BAHAMAS;ATIVO 
86 - BAHAMAS MIX JF RETIRO;BOBINA 20X30;BAHAMAS JF;ATIVO 
86 - BAHAMAS MIX JF RETIRO;BOBINA 25X35;BAHAMAS JF;ATIVO 
86 - BAHAMAS MIX JF RETIRO;BOBINA 30X40;BAHAMAS JF;ATIVO 
86 - BAHAMAS MIX JF RETIRO;BRAMIL LIXO 100L;BAHAMAS JF;ATIVO 
86 - BAHAMAS MIX JF RETIRO;BRAMIL LIXO 100L REF ;BAHAMAS JF;ATIVO 
86 - BAHAMAS MIX JF RETIRO;BRAMIL LIXO 15L;BAHAMAS JF;ATIVO 
86 - BAHAMAS MIX JF RETIRO;BRAMIL LIXO 200L REF ;BAHAMAS JF;ATIVO 
86 - BAHAMAS MIX JF RETIRO;BRAMIL LIXO 30L;BAHAMAS JF;ATIVO 
86 - BAHAMAS MIX JF RETIRO;BRAMIL LIXO 50L ;BAHAMAS JF;ATIVO 
86 - BAHAMAS MIX JF RETIRO;ECONOMICO 100L;BAHAMAS JF;ATIVO 
86 - BAHAMAS MIX JF RETIRO;ECONOMICO 100L ;BAHAMAS JF;ATIVO 
86 - BAHAMAS MIX JF RETIRO;ECONOMICO 15L;BAHAMAS JF;ATIVO 
86 - BAHAMAS MIX JF RETIRO;ECONOMICO 30L;BAHAMAS JF;ATIVO 
86 - BAHAMAS MIX JF RETIRO;ECONOMICO 50L;BAHAMAS JF;ATIVO 
86 - BAHAMAS MIX JF RETIRO;HIPERROLL 100L;BAHAMAS JF;ATIVO 
86 - BAHAMAS MIX JF RETIRO;HIPERROLL 15L;BAHAMAS JF;ATIVO 
86 - BAHAMAS MIX JF RETIRO;HIPERROLL 30L;BAHAMAS JF;ATIVO 
86 - BAHAMAS MIX JF RETIRO;HIPERROLL 50L;BAHAMAS JF;ATIVO 
86 - BAHAMAS MIX JF RETIRO;REFORCADO 100L;BAHAMAS JF;ATIVO 
86 - BAHAMAS MIX JF RETIRO;REFORCADO 200L;BAHAMAS JF;ATIVO 
86 - BAHAMAS MIX JF RETIRO;SACOLA 29X39;BAHAMAS JF;ATIVO 
86 - BAHAMAS MIX JF RETIRO;SACOLA 29X39 ;BAHAMAS JF;ATIVO 
86 - BAHAMAS MIX JF RETIRO;SACOLA 38X48;BAHAMAS JF;ATIVO 
86 - BAHAMAS MIX JF RETIRO;SACOLA 38X48 ;BAHAMAS JF;ATIVO 
86 - BAHAMAS MIX JF RETIRO;SACOLA VERDE 38X50;BAHAMAS JF;ATIVO 
86 - BAHAMAS MIX JF RETIRO;SACOLA VERDE 40X50;BAHAMAS JF;ATIVO 
87 - BAHAMAS MIX PONTE NOVA;BOBINA 20X30;BAHAMAS;ATIVO 
87 - BAHAMAS MIX PONTE NOVA;BOBINA 25X35;BAHAMAS;ATIVO 
87 - BAHAMAS MIX PONTE NOVA;BOBINA 30X40;BAHAMAS;ATIVO 
87 - BAHAMAS MIX PONTE NOVA;BRAMIL LIXO 100L;BAHAMAS;ATIVO 
87 - BAHAMAS MIX PONTE NOVA;BRAMIL LIXO 100L REF ;BAHAMAS;ATIVO 
87 - BAHAMAS MIX PONTE NOVA;BRAMIL LIXO 15L;BAHAMAS;ATIVO 
87 - BAHAMAS MIX PONTE NOVA;BRAMIL LIXO 200L REF ;BAHAMAS;ATIVO 
87 - BAHAMAS MIX PONTE NOVA;BRAMIL LIXO 30L;BAHAMAS;ATIVO 
87 - BAHAMAS MIX PONTE NOVA;BRAMIL LIXO 50L ;BAHAMAS;ATIVO 
87 - BAHAMAS MIX PONTE NOVA;ECONOMICO 100L;BAHAMAS;ATIVO 
87 - BAHAMAS MIX PONTE NOVA;ECONOMICO 100L ;BAHAMAS;ATIVO 
87 - BAHAMAS MIX PONTE NOVA;ECONOMICO 15L;BAHAMAS;ATIVO 
87 - BAHAMAS MIX PONTE NOVA;ECONOMICO 30L;BAHAMAS;ATIVO 
87 - BAHAMAS MIX PONTE NOVA;ECONOMICO 50L;BAHAMAS;ATIVO 
87 - BAHAMAS MIX PONTE NOVA;HIPERROLL 100L;BAHAMAS;ATIVO 
87 - BAHAMAS MIX PONTE NOVA;HIPERROLL 15L;BAHAMAS;ATIVO 
87 - BAHAMAS MIX PONTE NOVA;HIPERROLL 30L;BAHAMAS;ATIVO 
87 - BAHAMAS MIX PONTE NOVA;HIPERROLL 50L;BAHAMAS;ATIVO 
87 - BAHAMAS MIX PONTE NOVA;REFORCADO 100L;BAHAMAS;ATIVO 
87 - BAHAMAS MIX PONTE NOVA;REFORCADO 200L;BAHAMAS;ATIVO 
87 - BAHAMAS MIX PONTE NOVA;SACOLA 29X39;BAHAMAS;ATIVO 
87 - BAHAMAS MIX PONTE NOVA;SACOLA 29X39 ;BAHAMAS;ATIVO 
87 - BAHAMAS MIX PONTE NOVA;SACOLA 38X48;BAHAMAS;ATIVO 
87 - BAHAMAS MIX PONTE NOVA;SACOLA 38X48 ;BAHAMAS;ATIVO 
87 - BAHAMAS MIX PONTE NOVA;SACOLA VERDE 38X50;BAHAMAS;ATIVO 
87 - BAHAMAS MIX PONTE NOVA;SACOLA VERDE 40X50;BAHAMAS;ATIVO 
9 - HIPER BAHAMAS MANOEL HONORIO;BOBINA 20X30;BAHAMAS JF;ATIVO 
9 - HIPER BAHAMAS MANOEL HONORIO;BOBINA 25X35;BAHAMAS JF;ATIVO 
9 - HIPER BAHAMAS MANOEL HONORIO;BOBINA 30X40;BAHAMAS JF;ATIVO 
9 - HIPER BAHAMAS MANOEL HONORIO;BRAMIL LIXO 100L;BAHAMAS JF;ATIVO 
9 - HIPER BAHAMAS MANOEL HONORIO;BRAMIL LIXO 100L REF ;BAHAMAS JF;ATIVO 
9 - HIPER BAHAMAS MANOEL HONORIO;BRAMIL LIXO 15L;BAHAMAS JF;ATIVO 
9 - HIPER BAHAMAS MANOEL HONORIO;BRAMIL LIXO 200L REF ;BAHAMAS JF;ATIVO 
9 - HIPER BAHAMAS MANOEL HONORIO;BRAMIL LIXO 30L;BAHAMAS JF;ATIVO 
9 - HIPER BAHAMAS MANOEL HONORIO;BRAMIL LIXO 50L ;BAHAMAS JF;ATIVO 
9 - HIPER BAHAMAS MANOEL HONORIO;ECONOMICO 100L;BAHAMAS JF;ATIVO 
9 - HIPER BAHAMAS MANOEL HONORIO;ECONOMICO 100L ;BAHAMAS JF;ATIVO 
9 - HIPER BAHAMAS MANOEL HONORIO;ECONOMICO 15L;BAHAMAS JF;ATIVO 
9 - HIPER BAHAMAS MANOEL HONORIO;ECONOMICO 30L;BAHAMAS JF;ATIVO 
9 - HIPER BAHAMAS MANOEL HONORIO;ECONOMICO 50L;BAHAMAS JF;ATIVO 
9 - HIPER BAHAMAS MANOEL HONORIO;HIPERROLL 100L;BAHAMAS JF;ATIVO 
9 - HIPER BAHAMAS MANOEL HONORIO;HIPERROLL 15L;BAHAMAS JF;ATIVO 
9 - HIPER BAHAMAS MANOEL HONORIO;HIPERROLL 30L;BAHAMAS JF;ATIVO 
9 - HIPER BAHAMAS MANOEL HONORIO;HIPERROLL 50L;BAHAMAS JF;ATIVO 
9 - HIPER BAHAMAS MANOEL HONORIO;REFORCADO 100L;BAHAMAS JF;ATIVO 
9 - HIPER BAHAMAS MANOEL HONORIO;REFORCADO 200L;BAHAMAS JF;ATIVO 
9 - HIPER BAHAMAS MANOEL HONORIO;SACOLA 29X39;BAHAMAS JF;ATIVO 
9 - HIPER BAHAMAS MANOEL HONORIO;SACOLA 29X39 ;BAHAMAS JF;ATIVO 
9 - HIPER BAHAMAS MANOEL HONORIO;SACOLA 38X48;BAHAMAS JF;ATIVO 
9 - HIPER BAHAMAS MANOEL HONORIO;SACOLA 38X48 ;BAHAMAS JF;ATIVO 
9 - HIPER BAHAMAS MANOEL HONORIO;SACOLA VERDE 38X50;BAHAMAS JF;ATIVO 
9 - HIPER BAHAMAS MANOEL HONORIO;SACOLA VERDE 40X50;BAHAMAS JF;ATIVO 
90 - BAHAMAS MIX SAO JOAO NEPOMUCENO;BOBINA 20X30;BAHAMAS;ATIVO 
90 - BAHAMAS MIX SAO JOAO NEPOMUCENO;BOBINA 25X35;BAHAMAS;ATIVO 
90 - BAHAMAS MIX SAO JOAO NEPOMUCENO;BOBINA 30X40;BAHAMAS;ATIVO 
90 - BAHAMAS MIX SAO JOAO NEPOMUCENO;BRAMIL LIXO 100L;BAHAMAS;ATIVO 
90 - BAHAMAS MIX SAO JOAO NEPOMUCENO;BRAMIL LIXO 100L REF ;BAHAMAS;ATIVO 
90 - BAHAMAS MIX SAO JOAO NEPOMUCENO;BRAMIL LIXO 15L;BAHAMAS;ATIVO 
90 - BAHAMAS MIX SAO JOAO NEPOMUCENO;BRAMIL LIXO 200L REF ;BAHAMAS;ATIVO 
90 - BAHAMAS MIX SAO JOAO NEPOMUCENO;BRAMIL LIXO 30L;BAHAMAS;ATIVO 
90 - BAHAMAS MIX SAO JOAO NEPOMUCENO;BRAMIL LIXO 50L ;BAHAMAS;ATIVO 
90 - BAHAMAS MIX SAO JOAO NEPOMUCENO;ECONOMICO 100L;BAHAMAS;ATIVO 
90 - BAHAMAS MIX SAO JOAO NEPOMUCENO;ECONOMICO 100L ;BAHAMAS;ATIVO 
90 - BAHAMAS MIX SAO JOAO NEPOMUCENO;ECONOMICO 15L;BAHAMAS;ATIVO 
90 - BAHAMAS MIX SAO JOAO NEPOMUCENO;ECONOMICO 30L;BAHAMAS;ATIVO 
90 - BAHAMAS MIX SAO JOAO NEPOMUCENO;ECONOMICO 50L;BAHAMAS;ATIVO 
90 - BAHAMAS MIX SAO JOAO NEPOMUCENO;HIPERROLL 100L;BAHAMAS;ATIVO 
90 - BAHAMAS MIX SAO JOAO NEPOMUCENO;HIPERROLL 15L;BAHAMAS;ATIVO 
90 - BAHAMAS MIX SAO JOAO NEPOMUCENO;HIPERROLL 30L;BAHAMAS;ATIVO 
90 - BAHAMAS MIX SAO JOAO NEPOMUCENO;HIPERROLL 50L;BAHAMAS;ATIVO 
90 - BAHAMAS MIX SAO JOAO NEPOMUCENO;REFORCADO 100L;BAHAMAS;ATIVO 
90 - BAHAMAS MIX SAO JOAO NEPOMUCENO;REFORCADO 200L;BAHAMAS;ATIVO 
90 - BAHAMAS MIX SAO JOAO NEPOMUCENO;SACOLA 29X39;BAHAMAS;ATIVO 
90 - BAHAMAS MIX SAO JOAO NEPOMUCENO;SACOLA 29X39 ;BAHAMAS;ATIVO 
90 - BAHAMAS MIX SAO JOAO NEPOMUCENO;SACOLA 38X48;BAHAMAS;ATIVO 
90 - BAHAMAS MIX SAO JOAO NEPOMUCENO;SACOLA 38X48 ;BAHAMAS;ATIVO 
90 - BAHAMAS MIX SAO JOAO NEPOMUCENO;SACOLA VERDE 38X50;BAHAMAS;ATIVO 
90 - BAHAMAS MIX SAO JOAO NEPOMUCENO;SACOLA VERDE 40X50;BAHAMAS;ATIVO 
91 - BAHAMAS MIX - ITUIUTABA II;BOBINA 20X30;BAHAMAS;ATIVO 
91 - BAHAMAS MIX - ITUIUTABA II;BOBINA 25X35;BAHAMAS;ATIVO 
91 - BAHAMAS MIX - ITUIUTABA II;BOBINA 30X40;BAHAMAS;ATIVO 
91 - BAHAMAS MIX - ITUIUTABA II;BRAMIL LIXO 100L;BAHAMAS;ATIVO 
91 - BAHAMAS MIX - ITUIUTABA II;BRAMIL LIXO 100L REF ;BAHAMAS;ATIVO 
91 - BAHAMAS MIX - ITUIUTABA II;BRAMIL LIXO 15L;BAHAMAS;ATIVO 
91 - BAHAMAS MIX - ITUIUTABA II;BRAMIL LIXO 200L REF ;BAHAMAS;ATIVO 
91 - BAHAMAS MIX - ITUIUTABA II;BRAMIL LIXO 30L;BAHAMAS;ATIVO 
91 - BAHAMAS MIX - ITUIUTABA II;BRAMIL LIXO 50L ;BAHAMAS;ATIVO 
91 - BAHAMAS MIX - ITUIUTABA II;ECONOMICO 100L;BAHAMAS;ATIVO 
91 - BAHAMAS MIX - ITUIUTABA II;ECONOMICO 100L ;BAHAMAS;ATIVO 
91 - BAHAMAS MIX - ITUIUTABA II;ECONOMICO 15L;BAHAMAS;ATIVO 
91 - BAHAMAS MIX - ITUIUTABA II;ECONOMICO 30L;BAHAMAS;ATIVO 
91 - BAHAMAS MIX - ITUIUTABA II;ECONOMICO 50L;BAHAMAS;ATIVO 
91 - BAHAMAS MIX - ITUIUTABA II;HIPERROLL 100L;BAHAMAS;ATIVO 
91 - BAHAMAS MIX - ITUIUTABA II;HIPERROLL 15L;BAHAMAS;ATIVO 
91 - BAHAMAS MIX - ITUIUTABA II;HIPERROLL 30L;BAHAMAS;ATIVO 
91 - BAHAMAS MIX - ITUIUTABA II;HIPERROLL 50L;BAHAMAS;ATIVO 
91 - BAHAMAS MIX - ITUIUTABA II;REFORCADO 100L;BAHAMAS;ATIVO 
91 - BAHAMAS MIX - ITUIUTABA II;REFORCADO 200L;BAHAMAS;ATIVO 
91 - BAHAMAS MIX - ITUIUTABA II;SACOLA 29X39;BAHAMAS;ATIVO 
91 - BAHAMAS MIX - ITUIUTABA II;SACOLA 29X39 ;BAHAMAS;ATIVO 
91 - BAHAMAS MIX - ITUIUTABA II;SACOLA 38X48;BAHAMAS;ATIVO 
91 - BAHAMAS MIX - ITUIUTABA II;SACOLA 38X48 ;BAHAMAS;ATIVO 
91 - BAHAMAS MIX - ITUIUTABA II;SACOLA VERDE 38X50;BAHAMAS;ATIVO 
91 - BAHAMAS MIX - ITUIUTABA II;SACOLA VERDE 40X50;BAHAMAS;ATIVO 
92 - SUPERMERCADO BAHAMAS JF LINHARES;BOBINA 20X30;BAHAMAS JF;ATIVO 
92 - SUPERMERCADO BAHAMAS JF LINHARES;BOBINA 25X35;BAHAMAS JF;ATIVO 
92 - SUPERMERCADO BAHAMAS JF LINHARES;BOBINA 30X40;BAHAMAS JF;ATIVO 
92 - SUPERMERCADO BAHAMAS JF LINHARES;BRAMIL LIXO 100L;BAHAMAS JF;ATIVO 
92 - SUPERMERCADO BAHAMAS JF LINHARES;BRAMIL LIXO 100L REF ;BAHAMAS JF;ATIVO 
92 - SUPERMERCADO BAHAMAS JF LINHARES;BRAMIL LIXO 15L;BAHAMAS JF;ATIVO 
92 - SUPERMERCADO BAHAMAS JF LINHARES;BRAMIL LIXO 200L REF ;BAHAMAS JF;ATIVO 
92 - SUPERMERCADO BAHAMAS JF LINHARES;BRAMIL LIXO 30L;BAHAMAS JF;ATIVO 
92 - SUPERMERCADO BAHAMAS JF LINHARES;BRAMIL LIXO 50L ;BAHAMAS JF;ATIVO 
92 - SUPERMERCADO BAHAMAS JF LINHARES;ECONOMICO 100L;BAHAMAS JF;ATIVO 
92 - SUPERMERCADO BAHAMAS JF LINHARES;ECONOMICO 100L ;BAHAMAS JF;ATIVO 
92 - SUPERMERCADO BAHAMAS JF LINHARES;ECONOMICO 15L;BAHAMAS JF;ATIVO 
92 - SUPERMERCADO BAHAMAS JF LINHARES;ECONOMICO 30L;BAHAMAS JF;ATIVO 
92 - SUPERMERCADO BAHAMAS JF LINHARES;ECONOMICO 50L;BAHAMAS JF;ATIVO 
92 - SUPERMERCADO BAHAMAS JF LINHARES;HIPERROLL 100L;BAHAMAS JF;ATIVO 
92 - SUPERMERCADO BAHAMAS JF LINHARES;HIPERROLL 15L;BAHAMAS JF;ATIVO 
92 - SUPERMERCADO BAHAMAS JF LINHARES;HIPERROLL 30L;BAHAMAS JF;ATIVO 
92 - SUPERMERCADO BAHAMAS JF LINHARES;HIPERROLL 50L;BAHAMAS JF;ATIVO 
92 - SUPERMERCADO BAHAMAS JF LINHARES;REFORCADO 100L;BAHAMAS JF;ATIVO 
92 - SUPERMERCADO BAHAMAS JF LINHARES;REFORCADO 200L;BAHAMAS JF;ATIVO 
92 - SUPERMERCADO BAHAMAS JF LINHARES;SACOLA 29X39;BAHAMAS JF;ATIVO 
92 - SUPERMERCADO BAHAMAS JF LINHARES;SACOLA 29X39 ;BAHAMAS JF;ATIVO 
92 - SUPERMERCADO BAHAMAS JF LINHARES;SACOLA 38X48;BAHAMAS JF;ATIVO 
92 - SUPERMERCADO BAHAMAS JF LINHARES;SACOLA 38X48 ;BAHAMAS JF;ATIVO 
92 - SUPERMERCADO BAHAMAS JF LINHARES;SACOLA VERDE 38X50;BAHAMAS JF;ATIVO 
92 - SUPERMERCADO BAHAMAS JF LINHARES;SACOLA VERDE 40X50;BAHAMAS JF;ATIVO 
95 - BAHAMAS MIX UBE SEGISMUNDO;BOBINA 20X30;BAHAMAS;ATIVO 
95 - BAHAMAS MIX UBE SEGISMUNDO;BOBINA 25X35;BAHAMAS;ATIVO 
95 - BAHAMAS MIX UBE SEGISMUNDO;BOBINA 30X40;BAHAMAS;ATIVO 
95 - BAHAMAS MIX UBE SEGISMUNDO;BRAMIL LIXO 100L;BAHAMAS;ATIVO 
95 - BAHAMAS MIX UBE SEGISMUNDO;BRAMIL LIXO 100L REF ;BAHAMAS;ATIVO 
95 - BAHAMAS MIX UBE SEGISMUNDO;BRAMIL LIXO 15L;BAHAMAS;ATIVO 
95 - BAHAMAS MIX UBE SEGISMUNDO;BRAMIL LIXO 200L REF ;BAHAMAS;ATIVO 
95 - BAHAMAS MIX UBE SEGISMUNDO;BRAMIL LIXO 30L;BAHAMAS;ATIVO 
95 - BAHAMAS MIX UBE SEGISMUNDO;BRAMIL LIXO 50L ;BAHAMAS;ATIVO 
95 - BAHAMAS MIX UBE SEGISMUNDO;ECONOMICO 100L;BAHAMAS;ATIVO 
95 - BAHAMAS MIX UBE SEGISMUNDO;ECONOMICO 100L ;BAHAMAS;ATIVO 
95 - BAHAMAS MIX UBE SEGISMUNDO;ECONOMICO 15L;BAHAMAS;ATIVO 
95 - BAHAMAS MIX UBE SEGISMUNDO;ECONOMICO 30L;BAHAMAS;ATIVO 
95 - BAHAMAS MIX UBE SEGISMUNDO;ECONOMICO 50L;BAHAMAS;ATIVO 
95 - BAHAMAS MIX UBE SEGISMUNDO;HIPERROLL 100L;BAHAMAS;ATIVO 
95 - BAHAMAS MIX UBE SEGISMUNDO;HIPERROLL 15L;BAHAMAS;ATIVO 
95 - BAHAMAS MIX UBE SEGISMUNDO;HIPERROLL 30L;BAHAMAS;ATIVO 
95 - BAHAMAS MIX UBE SEGISMUNDO;HIPERROLL 50L;BAHAMAS;ATIVO 
95 - BAHAMAS MIX UBE SEGISMUNDO;REFORCADO 100L;BAHAMAS;ATIVO 
95 - BAHAMAS MIX UBE SEGISMUNDO;REFORCADO 200L;BAHAMAS;ATIVO 
95 - BAHAMAS MIX UBE SEGISMUNDO;SACOLA 29X39;BAHAMAS;ATIVO 
95 - BAHAMAS MIX UBE SEGISMUNDO;SACOLA 29X39 ;BAHAMAS;ATIVO 
95 - BAHAMAS MIX UBE SEGISMUNDO;SACOLA 38X48;BAHAMAS;ATIVO 
95 - BAHAMAS MIX UBE SEGISMUNDO;SACOLA 38X48 ;BAHAMAS;ATIVO 
95 - BAHAMAS MIX UBE SEGISMUNDO;SACOLA VERDE 38X50;BAHAMAS;ATIVO 
95 - BAHAMAS MIX UBE SEGISMUNDO;SACOLA VERDE 40X50;BAHAMAS;ATIVO 
239 ATACADAO - PARELHEIROS;BOBINA 20X30;ATACADAO SP;ATIVO 
239 ATACADAO - PARELHEIROS;BOBINA 25X35;ATACADAO SP;ATIVO 
239 ATACADAO - PARELHEIROS;BOBINA 30X40;ATACADAO SP;ATIVO 
239 ATACADAO - PARELHEIROS;BRAMIL LIXO 100L;ATACADAO SP;ATIVO 
239 ATACADAO - PARELHEIROS;BRAMIL LIXO 100L REF ;ATACADAO SP;ATIVO 
239 ATACADAO - PARELHEIROS;BRAMIL LIXO 15L;ATACADAO SP;ATIVO 
239 ATACADAO - PARELHEIROS;BRAMIL LIXO 200L REF ;ATACADAO SP;ATIVO 
239 ATACADAO - PARELHEIROS;BRAMIL LIXO 30L;ATACADAO SP;ATIVO 
239 ATACADAO - PARELHEIROS;BRAMIL LIXO 50L ;ATACADAO SP;ATIVO 
239 ATACADAO - PARELHEIROS;ECONOMICO 100L;ATACADAO SP;ATIVO 
239 ATACADAO - PARELHEIROS;ECONOMICO 100L ;ATACADAO SP;ATIVO 
239 ATACADAO - PARELHEIROS;ECONOMICO 15L;ATACADAO SP;ATIVO 
239 ATACADAO - PARELHEIROS;ECONOMICO 30L;ATACADAO SP;ATIVO 
239 ATACADAO - PARELHEIROS;ECONOMICO 50L;ATACADAO SP;ATIVO 
239 ATACADAO - PARELHEIROS;HIPERROLL 100L;ATACADAO SP;ATIVO 
239 ATACADAO - PARELHEIROS;HIPERROLL 15L;ATACADAO SP;ATIVO 
239 ATACADAO - PARELHEIROS;HIPERROLL 30L;ATACADAO SP;ATIVO 
239 ATACADAO - PARELHEIROS;HIPERROLL 50L;ATACADAO SP;ATIVO 
239 ATACADAO - PARELHEIROS;REFORCADO 100L;ATACADAO SP;ATIVO 
239 ATACADAO - PARELHEIROS;REFORCADO 200L;ATACADAO SP;ATIVO 
239 ATACADAO - PARELHEIROS;SACOLA 29X39;ATACADAO SP;ATIVO 
239 ATACADAO - PARELHEIROS;SACOLA 29X39 ;ATACADAO SP;ATIVO 
239 ATACADAO - PARELHEIROS;SACOLA 38X48;ATACADAO SP;ATIVO 
239 ATACADAO - PARELHEIROS;SACOLA 38X48 ;ATACADAO SP;ATIVO 
239 ATACADAO - PARELHEIROS;SACOLA VERDE 38X50;ATACADAO SP;ATIVO 
239 ATACADAO - PARELHEIROS;SACOLA VERDE 40X50;ATACADAO SP;ATIVO 
248 ATACADAO - SANTO AMARO;BOBINA 20X30;ATACADAO SP;ATIVO 
248 ATACADAO - SANTO AMARO;BOBINA 25X35;ATACADAO SP;ATIVO 
248 ATACADAO - SANTO AMARO;BOBINA 30X40;ATACADAO SP;ATIVO 
248 ATACADAO - SANTO AMARO;BRAMIL LIXO 100L;ATACADAO SP;ATIVO 
248 ATACADAO - SANTO AMARO;BRAMIL LIXO 100L REF ;ATACADAO SP;ATIVO 
248 ATACADAO - SANTO AMARO;BRAMIL LIXO 15L;ATACADAO SP;ATIVO 
248 ATACADAO - SANTO AMARO;BRAMIL LIXO 200L REF ;ATACADAO SP;ATIVO 
248 ATACADAO - SANTO AMARO;BRAMIL LIXO 30L;ATACADAO SP;ATIVO 
248 ATACADAO - SANTO AMARO;BRAMIL LIXO 50L ;ATACADAO SP;ATIVO 
248 ATACADAO - SANTO AMARO;ECONOMICO 100L;ATACADAO SP;ATIVO 
248 ATACADAO - SANTO AMARO;ECONOMICO 100L ;ATACADAO SP;ATIVO 
248 ATACADAO - SANTO AMARO;ECONOMICO 15L;ATACADAO SP;ATIVO 
248 ATACADAO - SANTO AMARO;ECONOMICO 30L;ATACADAO SP;ATIVO 
248 ATACADAO - SANTO AMARO;ECONOMICO 50L;ATACADAO SP;ATIVO 
248 ATACADAO - SANTO AMARO;HIPERROLL 100L;ATACADAO SP;ATIVO 
248 ATACADAO - SANTO AMARO;HIPERROLL 15L;ATACADAO SP;ATIVO 
248 ATACADAO - SANTO AMARO;HIPERROLL 30L;ATACADAO SP;ATIVO 
248 ATACADAO - SANTO AMARO;HIPERROLL 50L;ATACADAO SP;ATIVO 
248 ATACADAO - SANTO AMARO;REFORCADO 100L;ATACADAO SP;ATIVO 
248 ATACADAO - SANTO AMARO;REFORCADO 200L;ATACADAO SP;ATIVO 
248 ATACADAO - SANTO AMARO;SACOLA 29X39;ATACADAO SP;ATIVO 
248 ATACADAO - SANTO AMARO;SACOLA 29X39 ;ATACADAO SP;ATIVO 
248 ATACADAO - SANTO AMARO;SACOLA 38X48;ATACADAO SP;ATIVO 
248 ATACADAO - SANTO AMARO;SACOLA 38X48 ;ATACADAO SP;ATIVO 
248 ATACADAO - SANTO AMARO;SACOLA VERDE 38X50;ATACADAO SP;ATIVO 
248 ATACADAO - SANTO AMARO;SACOLA VERDE 40X50;ATACADAO SP;ATIVO 
263 ATACADAO - HORTOLANDIA;BOBINA 20X30;ATACADAO SP;ATIVO 
263 ATACADAO - HORTOLANDIA;BOBINA 25X35;ATACADAO SP;ATIVO 
263 ATACADAO - HORTOLANDIA;BOBINA 30X40;ATACADAO SP;ATIVO 
263 ATACADAO - HORTOLANDIA;BRAMIL LIXO 100L;ATACADAO SP;ATIVO 
263 ATACADAO - HORTOLANDIA;BRAMIL LIXO 100L REF ;ATACADAO SP;ATIVO 
263 ATACADAO - HORTOLANDIA;BRAMIL LIXO 15L;ATACADAO SP;ATIVO 
263 ATACADAO - HORTOLANDIA;BRAMIL LIXO 200L REF ;ATACADAO SP;ATIVO 
263 ATACADAO - HORTOLANDIA;BRAMIL LIXO 30L;ATACADAO SP;ATIVO 
263 ATACADAO - HORTOLANDIA;BRAMIL LIXO 50L ;ATACADAO SP;ATIVO 
263 ATACADAO - HORTOLANDIA;ECONOMICO 100L;ATACADAO SP;ATIVO 
263 ATACADAO - HORTOLANDIA;ECONOMICO 100L ;ATACADAO SP;ATIVO 
263 ATACADAO - HORTOLANDIA;ECONOMICO 15L;ATACADAO SP;ATIVO 
263 ATACADAO - HORTOLANDIA;ECONOMICO 30L;ATACADAO SP;ATIVO 
263 ATACADAO - HORTOLANDIA;ECONOMICO 50L;ATACADAO SP;ATIVO 
263 ATACADAO - HORTOLANDIA;HIPERROLL 100L;ATACADAO SP;ATIVO 
263 ATACADAO - HORTOLANDIA;HIPERROLL 15L;ATACADAO SP;ATIVO 
263 ATACADAO - HORTOLANDIA;HIPERROLL 30L;ATACADAO SP;ATIVO 
263 ATACADAO - HORTOLANDIA;HIPERROLL 50L;ATACADAO SP;ATIVO 
263 ATACADAO - HORTOLANDIA;REFORCADO 100L;ATACADAO SP;ATIVO 
263 ATACADAO - HORTOLANDIA;REFORCADO 200L;ATACADAO SP;ATIVO 
263 ATACADAO - HORTOLANDIA;SACOLA 29X39;ATACADAO SP;ATIVO 
263 ATACADAO - HORTOLANDIA;SACOLA 29X39 ;ATACADAO SP;ATIVO 
263 ATACADAO - HORTOLANDIA;SACOLA 38X48;ATACADAO SP;ATIVO 
263 ATACADAO - HORTOLANDIA;SACOLA 38X48 ;ATACADAO SP;ATIVO 
263 ATACADAO - HORTOLANDIA;SACOLA VERDE 38X50;ATACADAO SP;ATIVO 
263 ATACADAO - HORTOLANDIA;SACOLA VERDE 40X50;ATACADAO SP;ATIVO 
267 ATACADAO - COTIA CENTRO;BOBINA 20X30;ATACADAO SP;ATIVO 
267 ATACADAO - COTIA CENTRO;BOBINA 25X35;ATACADAO SP;ATIVO 
267 ATACADAO - COTIA CENTRO;BOBINA 30X40;ATACADAO SP;ATIVO 
267 ATACADAO - COTIA CENTRO;BRAMIL LIXO 100L;ATACADAO SP;ATIVO 
267 ATACADAO - COTIA CENTRO;BRAMIL LIXO 100L REF ;ATACADAO SP;ATIVO 
267 ATACADAO - COTIA CENTRO;BRAMIL LIXO 15L;ATACADAO SP;ATIVO 
267 ATACADAO - COTIA CENTRO;BRAMIL LIXO 200L REF ;ATACADAO SP;ATIVO 
267 ATACADAO - COTIA CENTRO;BRAMIL LIXO 30L;ATACADAO SP;ATIVO 
267 ATACADAO - COTIA CENTRO;BRAMIL LIXO 50L ;ATACADAO SP;ATIVO 
267 ATACADAO - COTIA CENTRO;ECONOMICO 100L;ATACADAO SP;ATIVO 
267 ATACADAO - COTIA CENTRO;ECONOMICO 100L ;ATACADAO SP;ATIVO 
267 ATACADAO - COTIA CENTRO;ECONOMICO 15L;ATACADAO SP;ATIVO 
267 ATACADAO - COTIA CENTRO;ECONOMICO 30L;ATACADAO SP;ATIVO 
267 ATACADAO - COTIA CENTRO;ECONOMICO 50L;ATACADAO SP;ATIVO 
267 ATACADAO - COTIA CENTRO;HIPERROLL 100L;ATACADAO SP;ATIVO 
267 ATACADAO - COTIA CENTRO;HIPERROLL 15L;ATACADAO SP;ATIVO 
267 ATACADAO - COTIA CENTRO;HIPERROLL 30L;ATACADAO SP;ATIVO 
267 ATACADAO - COTIA CENTRO;HIPERROLL 50L;ATACADAO SP;ATIVO 
267 ATACADAO - COTIA CENTRO;REFORCADO 100L;ATACADAO SP;ATIVO 
267 ATACADAO - COTIA CENTRO;REFORCADO 200L;ATACADAO SP;ATIVO 
267 ATACADAO - COTIA CENTRO;SACOLA 29X39;ATACADAO SP;ATIVO 
267 ATACADAO - COTIA CENTRO;SACOLA 29X39 ;ATACADAO SP;ATIVO 
267 ATACADAO - COTIA CENTRO;SACOLA 38X48;ATACADAO SP;ATIVO 
267 ATACADAO - COTIA CENTRO;SACOLA 38X48 ;ATACADAO SP;ATIVO 
267 ATACADAO - COTIA CENTRO;SACOLA VERDE 38X50;ATACADAO SP;ATIVO 
267 ATACADAO - COTIA CENTRO;SACOLA VERDE 40X50;ATACADAO SP;ATIVO 
269 ATACADAO - JANDIRA;BOBINA 20X30;ATACADAO SP;ATIVO 
269 ATACADAO - JANDIRA;BOBINA 25X35;ATACADAO SP;ATIVO 
269 ATACADAO - JANDIRA;BOBINA 30X40;ATACADAO SP;ATIVO 
269 ATACADAO - JANDIRA;BRAMIL LIXO 100L;ATACADAO SP;ATIVO 
269 ATACADAO - JANDIRA;BRAMIL LIXO 100L REF ;ATACADAO SP;ATIVO 
269 ATACADAO - JANDIRA;BRAMIL LIXO 15L;ATACADAO SP;ATIVO 
269 ATACADAO - JANDIRA;BRAMIL LIXO 200L REF ;ATACADAO SP;ATIVO 
269 ATACADAO - JANDIRA;BRAMIL LIXO 30L;ATACADAO SP;ATIVO 
269 ATACADAO - JANDIRA;BRAMIL LIXO 50L ;ATACADAO SP;ATIVO 
269 ATACADAO - JANDIRA;ECONOMICO 100L;ATACADAO SP;ATIVO 
269 ATACADAO - JANDIRA;ECONOMICO 100L ;ATACADAO SP;ATIVO 
269 ATACADAO - JANDIRA;ECONOMICO 15L;ATACADAO SP;ATIVO 
269 ATACADAO - JANDIRA;ECONOMICO 30L;ATACADAO SP;ATIVO 
269 ATACADAO - JANDIRA;ECONOMICO 50L;ATACADAO SP;ATIVO 
269 ATACADAO - JANDIRA;HIPERROLL 100L;ATACADAO SP;ATIVO 
269 ATACADAO - JANDIRA;HIPERROLL 15L;ATACADAO SP;ATIVO 
269 ATACADAO - JANDIRA;HIPERROLL 30L;ATACADAO SP;ATIVO 
269 ATACADAO - JANDIRA;HIPERROLL 50L;ATACADAO SP;ATIVO 
269 ATACADAO - JANDIRA;REFORCADO 100L;ATACADAO SP;ATIVO 
269 ATACADAO - JANDIRA;REFORCADO 200L;ATACADAO SP;ATIVO 
269 ATACADAO - JANDIRA;SACOLA 29X39;ATACADAO SP;ATIVO 
269 ATACADAO - JANDIRA;SACOLA 29X39 ;ATACADAO SP;ATIVO 
269 ATACADAO - JANDIRA;SACOLA 38X48;ATACADAO SP;ATIVO 
269 ATACADAO - JANDIRA;SACOLA 38X48 ;ATACADAO SP;ATIVO 
269 ATACADAO - JANDIRA;SACOLA VERDE 38X50;ATACADAO SP;ATIVO 
269 ATACADAO - JANDIRA;SACOLA VERDE 40X50;ATACADAO SP;ATIVO 
270 ATACADAO - LIMEIRA;BOBINA 20X30;ATACADAO SP;ATIVO 
270 ATACADAO - LIMEIRA;BOBINA 25X35;ATACADAO SP;ATIVO 
270 ATACADAO - LIMEIRA;BOBINA 30X40;ATACADAO SP;ATIVO 
270 ATACADAO - LIMEIRA;BRAMIL LIXO 100L;ATACADAO SP;ATIVO 
270 ATACADAO - LIMEIRA;BRAMIL LIXO 100L REF ;ATACADAO SP;ATIVO 
270 ATACADAO - LIMEIRA;BRAMIL LIXO 15L;ATACADAO SP;ATIVO 
270 ATACADAO - LIMEIRA;BRAMIL LIXO 200L REF ;ATACADAO SP;ATIVO 
270 ATACADAO - LIMEIRA;BRAMIL LIXO 30L;ATACADAO SP;ATIVO 
270 ATACADAO - LIMEIRA;BRAMIL LIXO 50L ;ATACADAO SP;ATIVO 
270 ATACADAO - LIMEIRA;ECONOMICO 100L;ATACADAO SP;ATIVO 
270 ATACADAO - LIMEIRA;ECONOMICO 100L ;ATACADAO SP;ATIVO 
270 ATACADAO - LIMEIRA;ECONOMICO 15L;ATACADAO SP;ATIVO 
270 ATACADAO - LIMEIRA;ECONOMICO 30L;ATACADAO SP;ATIVO 
270 ATACADAO - LIMEIRA;ECONOMICO 50L;ATACADAO SP;ATIVO 
270 ATACADAO - LIMEIRA;HIPERROLL 100L;ATACADAO SP;ATIVO 
270 ATACADAO - LIMEIRA;HIPERROLL 15L;ATACADAO SP;ATIVO 
270 ATACADAO - LIMEIRA;HIPERROLL 30L;ATACADAO SP;ATIVO 
270 ATACADAO - LIMEIRA;HIPERROLL 50L;ATACADAO SP;ATIVO 
270 ATACADAO - LIMEIRA;REFORCADO 100L;ATACADAO SP;ATIVO 
270 ATACADAO - LIMEIRA;REFORCADO 200L;ATACADAO SP;ATIVO 
270 ATACADAO - LIMEIRA;SACOLA 29X39;ATACADAO SP;ATIVO 
270 ATACADAO - LIMEIRA;SACOLA 29X39 ;ATACADAO SP;ATIVO 
270 ATACADAO - LIMEIRA;SACOLA 38X48;ATACADAO SP;ATIVO 
270 ATACADAO - LIMEIRA;SACOLA 38X48 ;ATACADAO SP;ATIVO 
270 ATACADAO - LIMEIRA;SACOLA VERDE 38X50;ATACADAO SP;ATIVO 
270 ATACADAO - LIMEIRA;SACOLA VERDE 40X50;ATACADAO SP;ATIVO 
271 ATACADAO - LIMEIRA CENTRO;BOBINA 20X30;ATACADAO SP;ATIVO 
271 ATACADAO - LIMEIRA CENTRO;BOBINA 25X35;ATACADAO SP;ATIVO 
271 ATACADAO - LIMEIRA CENTRO;BOBINA 30X40;ATACADAO SP;ATIVO 
271 ATACADAO - LIMEIRA CENTRO;BRAMIL LIXO 100L;ATACADAO SP;ATIVO 
271 ATACADAO - LIMEIRA CENTRO;BRAMIL LIXO 100L REF ;ATACADAO SP;ATIVO 
271 ATACADAO - LIMEIRA CENTRO;BRAMIL LIXO 15L;ATACADAO SP;ATIVO 
271 ATACADAO - LIMEIRA CENTRO;BRAMIL LIXO 200L REF ;ATACADAO SP;ATIVO 
271 ATACADAO - LIMEIRA CENTRO;BRAMIL LIXO 30L;ATACADAO SP;ATIVO 
271 ATACADAO - LIMEIRA CENTRO;BRAMIL LIXO 50L ;ATACADAO SP;ATIVO 
271 ATACADAO - LIMEIRA CENTRO;ECONOMICO 100L;ATACADAO SP;ATIVO 
271 ATACADAO - LIMEIRA CENTRO;ECONOMICO 100L ;ATACADAO SP;ATIVO 
271 ATACADAO - LIMEIRA CENTRO;ECONOMICO 15L;ATACADAO SP;ATIVO 
271 ATACADAO - LIMEIRA CENTRO;ECONOMICO 30L;ATACADAO SP;ATIVO 
271 ATACADAO - LIMEIRA CENTRO;ECONOMICO 50L;ATACADAO SP;ATIVO 
271 ATACADAO - LIMEIRA CENTRO;HIPERROLL 100L;ATACADAO SP;ATIVO 
271 ATACADAO - LIMEIRA CENTRO;HIPERROLL 15L;ATACADAO SP;ATIVO 
271 ATACADAO - LIMEIRA CENTRO;HIPERROLL 30L;ATACADAO SP;ATIVO 
271 ATACADAO - LIMEIRA CENTRO;HIPERROLL 50L;ATACADAO SP;ATIVO 
271 ATACADAO - LIMEIRA CENTRO;REFORCADO 100L;ATACADAO SP;ATIVO 
271 ATACADAO - LIMEIRA CENTRO;REFORCADO 200L;ATACADAO SP;ATIVO 
271 ATACADAO - LIMEIRA CENTRO;SACOLA 29X39;ATACADAO SP;ATIVO 
271 ATACADAO - LIMEIRA CENTRO;SACOLA 29X39 ;ATACADAO SP;ATIVO 
271 ATACADAO - LIMEIRA CENTRO;SACOLA 38X48;ATACADAO SP;ATIVO 
271 ATACADAO - LIMEIRA CENTRO;SACOLA 38X48 ;ATACADAO SP;ATIVO 
271 ATACADAO - LIMEIRA CENTRO;SACOLA VERDE 38X50;ATACADAO SP;ATIVO 
271 ATACADAO - LIMEIRA CENTRO;SACOLA VERDE 40X50;ATACADAO SP;ATIVO 
272 ATACADAO - OSASCO YOLANDA;BOBINA 20X30;ATACADAO SP;ATIVO 
272 ATACADAO - OSASCO YOLANDA;BOBINA 25X35;ATACADAO SP;ATIVO 
272 ATACADAO - OSASCO YOLANDA;BOBINA 30X40;ATACADAO SP;ATIVO 
272 ATACADAO - OSASCO YOLANDA;BRAMIL LIXO 100L;ATACADAO SP;ATIVO 
272 ATACADAO - OSASCO YOLANDA;BRAMIL LIXO 100L REF ;ATACADAO SP;ATIVO 
272 ATACADAO - OSASCO YOLANDA;BRAMIL LIXO 15L;ATACADAO SP;ATIVO 
272 ATACADAO - OSASCO YOLANDA;BRAMIL LIXO 200L REF ;ATACADAO SP;ATIVO 
272 ATACADAO - OSASCO YOLANDA;BRAMIL LIXO 30L;ATACADAO SP;ATIVO 
272 ATACADAO - OSASCO YOLANDA;BRAMIL LIXO 50L ;ATACADAO SP;ATIVO 
272 ATACADAO - OSASCO YOLANDA;ECONOMICO 100L;ATACADAO SP;ATIVO 
272 ATACADAO - OSASCO YOLANDA;ECONOMICO 100L ;ATACADAO SP;ATIVO 
272 ATACADAO - OSASCO YOLANDA;ECONOMICO 15L;ATACADAO SP;ATIVO 
272 ATACADAO - OSASCO YOLANDA;ECONOMICO 30L;ATACADAO SP;ATIVO 
272 ATACADAO - OSASCO YOLANDA;ECONOMICO 50L;ATACADAO SP;ATIVO 
272 ATACADAO - OSASCO YOLANDA;HIPERROLL 100L;ATACADAO SP;ATIVO 
272 ATACADAO - OSASCO YOLANDA;HIPERROLL 15L;ATACADAO SP;ATIVO 
272 ATACADAO - OSASCO YOLANDA;HIPERROLL 30L;ATACADAO SP;ATIVO 
272 ATACADAO - OSASCO YOLANDA;HIPERROLL 50L;ATACADAO SP;ATIVO 
272 ATACADAO - OSASCO YOLANDA;REFORCADO 100L;ATACADAO SP;ATIVO 
272 ATACADAO - OSASCO YOLANDA;REFORCADO 200L;ATACADAO SP;ATIVO 
272 ATACADAO - OSASCO YOLANDA;SACOLA 29X39;ATACADAO SP;ATIVO 
272 ATACADAO - OSASCO YOLANDA;SACOLA 29X39 ;ATACADAO SP;ATIVO 
272 ATACADAO - OSASCO YOLANDA;SACOLA 38X48;ATACADAO SP;ATIVO 
272 ATACADAO - OSASCO YOLANDA;SACOLA 38X48 ;ATACADAO SP;ATIVO 
272 ATACADAO - OSASCO YOLANDA;SACOLA VERDE 38X50;ATACADAO SP;ATIVO 
272 ATACADAO - OSASCO YOLANDA;SACOLA VERDE 40X50;ATACADAO SP;ATIVO 
286 ATACADAO - PACAEMBU;BOBINA 20X30;ATACADAO SP;ATIVO 
286 ATACADAO - PACAEMBU;BOBINA 25X35;ATACADAO SP;ATIVO 
286 ATACADAO - PACAEMBU;BOBINA 30X40;ATACADAO SP;ATIVO 
286 ATACADAO - PACAEMBU;BRAMIL LIXO 100L;ATACADAO SP;ATIVO 
286 ATACADAO - PACAEMBU;BRAMIL LIXO 100L REF ;ATACADAO SP;ATIVO 
286 ATACADAO - PACAEMBU;BRAMIL LIXO 15L;ATACADAO SP;ATIVO 
286 ATACADAO - PACAEMBU;BRAMIL LIXO 200L REF ;ATACADAO SP;ATIVO 
286 ATACADAO - PACAEMBU;BRAMIL LIXO 30L;ATACADAO SP;ATIVO 
286 ATACADAO - PACAEMBU;BRAMIL LIXO 50L ;ATACADAO SP;ATIVO 
286 ATACADAO - PACAEMBU;ECONOMICO 100L;ATACADAO SP;ATIVO 
286 ATACADAO - PACAEMBU;ECONOMICO 100L ;ATACADAO SP;ATIVO 
286 ATACADAO - PACAEMBU;ECONOMICO 15L;ATACADAO SP;ATIVO 
286 ATACADAO - PACAEMBU;ECONOMICO 30L;ATACADAO SP;ATIVO 
286 ATACADAO - PACAEMBU;ECONOMICO 50L;ATACADAO SP;ATIVO 
286 ATACADAO - PACAEMBU;HIPERROLL 100L;ATACADAO SP;ATIVO 
286 ATACADAO - PACAEMBU;HIPERROLL 15L;ATACADAO SP;ATIVO 
286 ATACADAO - PACAEMBU;HIPERROLL 30L;ATACADAO SP;ATIVO 
286 ATACADAO - PACAEMBU;HIPERROLL 50L;ATACADAO SP;ATIVO 
286 ATACADAO - PACAEMBU;REFORCADO 100L;ATACADAO SP;ATIVO 
286 ATACADAO - PACAEMBU;REFORCADO 200L;ATACADAO SP;ATIVO 
286 ATACADAO - PACAEMBU;SACOLA 29X39;ATACADAO SP;ATIVO 
286 ATACADAO - PACAEMBU;SACOLA 29X39 ;ATACADAO SP;ATIVO 
286 ATACADAO - PACAEMBU;SACOLA 38X48;ATACADAO SP;ATIVO 
286 ATACADAO - PACAEMBU;SACOLA 38X48 ;ATACADAO SP;ATIVO 
286 ATACADAO - PACAEMBU;SACOLA VERDE 38X50;ATACADAO SP;ATIVO 
286 ATACADAO - PACAEMBU;SACOLA VERDE 40X50;ATACADAO SP;ATIVO 
293 ATACADAO - BARUERI;BOBINA 20X30;ATACADAO SP;ATIVO 
293 ATACADAO - BARUERI;BOBINA 25X35;ATACADAO SP;ATIVO 
293 ATACADAO - BARUERI;BOBINA 30X40;ATACADAO SP;ATIVO 
293 ATACADAO - BARUERI;BRAMIL LIXO 100L;ATACADAO SP;ATIVO 
293 ATACADAO - BARUERI;BRAMIL LIXO 100L REF ;ATACADAO SP;ATIVO 
293 ATACADAO - BARUERI;BRAMIL LIXO 15L;ATACADAO SP;ATIVO 
293 ATACADAO - BARUERI;BRAMIL LIXO 200L REF ;ATACADAO SP;ATIVO 
293 ATACADAO - BARUERI;BRAMIL LIXO 30L;ATACADAO SP;ATIVO 
293 ATACADAO - BARUERI;BRAMIL LIXO 50L ;ATACADAO SP;ATIVO 
293 ATACADAO - BARUERI;ECONOMICO 100L;ATACADAO SP;ATIVO 
293 ATACADAO - BARUERI;ECONOMICO 100L ;ATACADAO SP;ATIVO 
293 ATACADAO - BARUERI;ECONOMICO 15L;ATACADAO SP;ATIVO 
293 ATACADAO - BARUERI;ECONOMICO 30L;ATACADAO SP;ATIVO 
293 ATACADAO - BARUERI;ECONOMICO 50L;ATACADAO SP;ATIVO 
293 ATACADAO - BARUERI;HIPERROLL 100L;ATACADAO SP;ATIVO 
293 ATACADAO - BARUERI;HIPERROLL 15L;ATACADAO SP;ATIVO 
293 ATACADAO - BARUERI;HIPERROLL 30L;ATACADAO SP;ATIVO 
293 ATACADAO - BARUERI;HIPERROLL 50L;ATACADAO SP;ATIVO 
293 ATACADAO - BARUERI;REFORCADO 100L;ATACADAO SP;ATIVO 
293 ATACADAO - BARUERI;REFORCADO 200L;ATACADAO SP;ATIVO 
293 ATACADAO - BARUERI;SACOLA 29X39;ATACADAO SP;ATIVO 
293 ATACADAO - BARUERI;SACOLA 29X39 ;ATACADAO SP;ATIVO 
293 ATACADAO - BARUERI;SACOLA 38X48;ATACADAO SP;ATIVO 
293 ATACADAO - BARUERI;SACOLA 38X48 ;ATACADAO SP;ATIVO 
293 ATACADAO - BARUERI;SACOLA VERDE 38X50;ATACADAO SP;ATIVO 
293 ATACADAO - BARUERI;SACOLA VERDE 40X50;ATACADAO SP;ATIVO 
295 ATACADAO - CARAPICUIBA GOPIUVA;BOBINA 20X30;ATACADAO SP;ATIVO 
295 ATACADAO - CARAPICUIBA GOPIUVA;BOBINA 25X35;ATACADAO SP;ATIVO 
295 ATACADAO - CARAPICUIBA GOPIUVA;BOBINA 30X40;ATACADAO SP;ATIVO 
295 ATACADAO - CARAPICUIBA GOPIUVA;BRAMIL LIXO 100L;ATACADAO SP;ATIVO 
295 ATACADAO - CARAPICUIBA GOPIUVA;BRAMIL LIXO 100L REF ;ATACADAO SP;ATIVO 
295 ATACADAO - CARAPICUIBA GOPIUVA;BRAMIL LIXO 15L;ATACADAO SP;ATIVO 
295 ATACADAO - CARAPICUIBA GOPIUVA;BRAMIL LIXO 200L REF ;ATACADAO SP;ATIVO 
295 ATACADAO - CARAPICUIBA GOPIUVA;BRAMIL LIXO 30L;ATACADAO SP;ATIVO 
295 ATACADAO - CARAPICUIBA GOPIUVA;BRAMIL LIXO 50L ;ATACADAO SP;ATIVO 
295 ATACADAO - CARAPICUIBA GOPIUVA;ECONOMICO 100L;ATACADAO SP;ATIVO 
295 ATACADAO - CARAPICUIBA GOPIUVA;ECONOMICO 100L ;ATACADAO SP;ATIVO 
295 ATACADAO - CARAPICUIBA GOPIUVA;ECONOMICO 15L;ATACADAO SP;ATIVO 
295 ATACADAO - CARAPICUIBA GOPIUVA;ECONOMICO 30L;ATACADAO SP;ATIVO 
295 ATACADAO - CARAPICUIBA GOPIUVA;ECONOMICO 50L;ATACADAO SP;ATIVO 
295 ATACADAO - CARAPICUIBA GOPIUVA;HIPERROLL 100L;ATACADAO SP;ATIVO 
295 ATACADAO - CARAPICUIBA GOPIUVA;HIPERROLL 15L;ATACADAO SP;ATIVO 
295 ATACADAO - CARAPICUIBA GOPIUVA;HIPERROLL 30L;ATACADAO SP;ATIVO 
295 ATACADAO - CARAPICUIBA GOPIUVA;HIPERROLL 50L;ATACADAO SP;ATIVO 
295 ATACADAO - CARAPICUIBA GOPIUVA;REFORCADO 100L;ATACADAO SP;ATIVO 
295 ATACADAO - CARAPICUIBA GOPIUVA;REFORCADO 200L;ATACADAO SP;ATIVO 
295 ATACADAO - CARAPICUIBA GOPIUVA;SACOLA 29X39;ATACADAO SP;ATIVO 
295 ATACADAO - CARAPICUIBA GOPIUVA;SACOLA 29X39 ;ATACADAO SP;ATIVO 
295 ATACADAO - CARAPICUIBA GOPIUVA;SACOLA 38X48;ATACADAO SP;ATIVO 
295 ATACADAO - CARAPICUIBA GOPIUVA;SACOLA 38X48 ;ATACADAO SP;ATIVO 
295 ATACADAO - CARAPICUIBA GOPIUVA;SACOLA VERDE 38X50;ATACADAO SP;ATIVO 
295 ATACADAO - CARAPICUIBA GOPIUVA;SACOLA VERDE 40X50;ATACADAO SP;ATIVO 
296 ATACADAO - CARAPICUIBA KM21;BOBINA 20X30;ATACADAO SP;ATIVO 
296 ATACADAO - CARAPICUIBA KM21;BOBINA 25X35;ATACADAO SP;ATIVO 
296 ATACADAO - CARAPICUIBA KM21;BOBINA 30X40;ATACADAO SP;ATIVO 
296 ATACADAO - CARAPICUIBA KM21;BRAMIL LIXO 100L;ATACADAO SP;ATIVO 
296 ATACADAO - CARAPICUIBA KM21;BRAMIL LIXO 100L REF ;ATACADAO SP;ATIVO 
296 ATACADAO - CARAPICUIBA KM21;BRAMIL LIXO 15L;ATACADAO SP;ATIVO 
296 ATACADAO - CARAPICUIBA KM21;BRAMIL LIXO 200L REF ;ATACADAO SP;ATIVO 
296 ATACADAO - CARAPICUIBA KM21;BRAMIL LIXO 30L;ATACADAO SP;ATIVO 
296 ATACADAO - CARAPICUIBA KM21;BRAMIL LIXO 50L ;ATACADAO SP;ATIVO 
296 ATACADAO - CARAPICUIBA KM21;ECONOMICO 100L;ATACADAO SP;ATIVO 
296 ATACADAO - CARAPICUIBA KM21;ECONOMICO 100L ;ATACADAO SP;ATIVO 
296 ATACADAO - CARAPICUIBA KM21;ECONOMICO 15L;ATACADAO SP;ATIVO 
296 ATACADAO - CARAPICUIBA KM21;ECONOMICO 30L;ATACADAO SP;ATIVO 
296 ATACADAO - CARAPICUIBA KM21;ECONOMICO 50L;ATACADAO SP;ATIVO 
296 ATACADAO - CARAPICUIBA KM21;HIPERROLL 100L;ATACADAO SP;ATIVO 
296 ATACADAO - CARAPICUIBA KM21;HIPERROLL 15L;ATACADAO SP;ATIVO 
296 ATACADAO - CARAPICUIBA KM21;HIPERROLL 30L;ATACADAO SP;ATIVO 
296 ATACADAO - CARAPICUIBA KM21;HIPERROLL 50L;ATACADAO SP;ATIVO 
296 ATACADAO - CARAPICUIBA KM21;REFORCADO 100L;ATACADAO SP;ATIVO 
296 ATACADAO - CARAPICUIBA KM21;REFORCADO 200L;ATACADAO SP;ATIVO 
296 ATACADAO - CARAPICUIBA KM21;SACOLA 29X39;ATACADAO SP;ATIVO 
296 ATACADAO - CARAPICUIBA KM21;SACOLA 29X39 ;ATACADAO SP;ATIVO 
296 ATACADAO - CARAPICUIBA KM21;SACOLA 38X48;ATACADAO SP;ATIVO 
296 ATACADAO - CARAPICUIBA KM21;SACOLA 38X48 ;ATACADAO SP;ATIVO 
296 ATACADAO - CARAPICUIBA KM21;SACOLA VERDE 38X50;ATACADAO SP;ATIVO 
296 ATACADAO - CARAPICUIBA KM21;SACOLA VERDE 40X50;ATACADAO SP;ATIVO 
306 ATACADAO - ITAPEVI;BOBINA 20X30;ATACADAO SP;ATIVO 
306 ATACADAO - ITAPEVI;BOBINA 25X35;ATACADAO SP;ATIVO 
306 ATACADAO - ITAPEVI;BOBINA 30X40;ATACADAO SP;ATIVO 
306 ATACADAO - ITAPEVI;BRAMIL LIXO 100L;ATACADAO SP;ATIVO 
306 ATACADAO - ITAPEVI;BRAMIL LIXO 100L REF ;ATACADAO SP;ATIVO 
306 ATACADAO - ITAPEVI;BRAMIL LIXO 15L;ATACADAO SP;ATIVO 
306 ATACADAO - ITAPEVI;BRAMIL LIXO 200L REF ;ATACADAO SP;ATIVO 
306 ATACADAO - ITAPEVI;BRAMIL LIXO 30L;ATACADAO SP;ATIVO 
306 ATACADAO - ITAPEVI;BRAMIL LIXO 50L ;ATACADAO SP;ATIVO 
306 ATACADAO - ITAPEVI;ECONOMICO 100L;ATACADAO SP;ATIVO 
306 ATACADAO - ITAPEVI;ECONOMICO 100L ;ATACADAO SP;ATIVO 
306 ATACADAO - ITAPEVI;ECONOMICO 15L;ATACADAO SP;ATIVO 
306 ATACADAO - ITAPEVI;ECONOMICO 30L;ATACADAO SP;ATIVO 
306 ATACADAO - ITAPEVI;ECONOMICO 50L;ATACADAO SP;ATIVO 
306 ATACADAO - ITAPEVI;HIPERROLL 100L;ATACADAO SP;ATIVO 
306 ATACADAO - ITAPEVI;HIPERROLL 15L;ATACADAO SP;ATIVO 
306 ATACADAO - ITAPEVI;HIPERROLL 30L;ATACADAO SP;ATIVO 
306 ATACADAO - ITAPEVI;HIPERROLL 50L;ATACADAO SP;ATIVO 
306 ATACADAO - ITAPEVI;REFORCADO 100L;ATACADAO SP;ATIVO 
306 ATACADAO - ITAPEVI;REFORCADO 200L;ATACADAO SP;ATIVO 
306 ATACADAO - ITAPEVI;SACOLA 29X39;ATACADAO SP;ATIVO 
306 ATACADAO - ITAPEVI;SACOLA 29X39 ;ATACADAO SP;ATIVO 
306 ATACADAO - ITAPEVI;SACOLA 38X48;ATACADAO SP;ATIVO 
306 ATACADAO - ITAPEVI;SACOLA 38X48 ;ATACADAO SP;ATIVO 
306 ATACADAO - ITAPEVI;SACOLA VERDE 38X50;ATACADAO SP;ATIVO 
306 ATACADAO - ITAPEVI;SACOLA VERDE 40X50;ATACADAO SP;ATIVO 
323 ATACADAO - TAMBORE;BOBINA 20X30;ATACADAO SP;ATIVO 
323 ATACADAO - TAMBORE;BOBINA 25X35;ATACADAO SP;ATIVO 
323 ATACADAO - TAMBORE;BOBINA 30X40;ATACADAO SP;ATIVO 
323 ATACADAO - TAMBORE;BRAMIL LIXO 100L;ATACADAO SP;ATIVO 
323 ATACADAO - TAMBORE;BRAMIL LIXO 100L REF ;ATACADAO SP;ATIVO 
323 ATACADAO - TAMBORE;BRAMIL LIXO 15L;ATACADAO SP;ATIVO 
323 ATACADAO - TAMBORE;BRAMIL LIXO 200L REF ;ATACADAO SP;ATIVO 
323 ATACADAO - TAMBORE;BRAMIL LIXO 30L;ATACADAO SP;ATIVO 
323 ATACADAO - TAMBORE;BRAMIL LIXO 50L ;ATACADAO SP;ATIVO 
323 ATACADAO - TAMBORE;ECONOMICO 100L;ATACADAO SP;ATIVO 
323 ATACADAO - TAMBORE;ECONOMICO 100L ;ATACADAO SP;ATIVO 
323 ATACADAO - TAMBORE;ECONOMICO 15L;ATACADAO SP;ATIVO 
323 ATACADAO - TAMBORE;ECONOMICO 30L;ATACADAO SP;ATIVO 
323 ATACADAO - TAMBORE;ECONOMICO 50L;ATACADAO SP;ATIVO 
323 ATACADAO - TAMBORE;HIPERROLL 100L;ATACADAO SP;ATIVO 
323 ATACADAO - TAMBORE;HIPERROLL 15L;ATACADAO SP;ATIVO 
323 ATACADAO - TAMBORE;HIPERROLL 30L;ATACADAO SP;ATIVO 
323 ATACADAO - TAMBORE;HIPERROLL 50L;ATACADAO SP;ATIVO 
323 ATACADAO - TAMBORE;REFORCADO 100L;ATACADAO SP;ATIVO 
323 ATACADAO - TAMBORE;REFORCADO 200L;ATACADAO SP;ATIVO 
323 ATACADAO - TAMBORE;SACOLA 29X39;ATACADAO SP;ATIVO 
323 ATACADAO - TAMBORE;SACOLA 29X39 ;ATACADAO SP;ATIVO 
323 ATACADAO - TAMBORE;SACOLA 38X48;ATACADAO SP;ATIVO 
323 ATACADAO - TAMBORE;SACOLA 38X48 ;ATACADAO SP;ATIVO 
323 ATACADAO - TAMBORE;SACOLA VERDE 38X50;ATACADAO SP;ATIVO 
323 ATACADAO - TAMBORE;SACOLA VERDE 40X50;ATACADAO SP;ATIVO 
326 ATACADAO - SUMARE;BOBINA 20X30;ATACADAO SP;ATIVO 
326 ATACADAO - SUMARE;BOBINA 25X35;ATACADAO SP;ATIVO 
326 ATACADAO - SUMARE;BOBINA 30X40;ATACADAO SP;ATIVO 
326 ATACADAO - SUMARE;BRAMIL LIXO 100L;ATACADAO SP;ATIVO 
326 ATACADAO - SUMARE;BRAMIL LIXO 100L REF ;ATACADAO SP;ATIVO 
326 ATACADAO - SUMARE;BRAMIL LIXO 15L;ATACADAO SP;ATIVO 
326 ATACADAO - SUMARE;BRAMIL LIXO 200L REF ;ATACADAO SP;ATIVO 
326 ATACADAO - SUMARE;BRAMIL LIXO 30L;ATACADAO SP;ATIVO 
326 ATACADAO - SUMARE;BRAMIL LIXO 50L ;ATACADAO SP;ATIVO 
326 ATACADAO - SUMARE;ECONOMICO 100L;ATACADAO SP;ATIVO 
326 ATACADAO - SUMARE;ECONOMICO 100L ;ATACADAO SP;ATIVO 
326 ATACADAO - SUMARE;ECONOMICO 15L;ATACADAO SP;ATIVO 
326 ATACADAO - SUMARE;ECONOMICO 30L;ATACADAO SP;ATIVO 
326 ATACADAO - SUMARE;ECONOMICO 50L;ATACADAO SP;ATIVO 
326 ATACADAO - SUMARE;HIPERROLL 100L;ATACADAO SP;ATIVO 
326 ATACADAO - SUMARE;HIPERROLL 15L;ATACADAO SP;ATIVO 
326 ATACADAO - SUMARE;HIPERROLL 30L;ATACADAO SP;ATIVO 
326 ATACADAO - SUMARE;HIPERROLL 50L;ATACADAO SP;ATIVO 
326 ATACADAO - SUMARE;REFORCADO 100L;ATACADAO SP;ATIVO 
326 ATACADAO - SUMARE;REFORCADO 200L;ATACADAO SP;ATIVO 
326 ATACADAO - SUMARE;SACOLA 29X39;ATACADAO SP;ATIVO 
326 ATACADAO - SUMARE;SACOLA 29X39 ;ATACADAO SP;ATIVO 
326 ATACADAO - SUMARE;SACOLA 38X48;ATACADAO SP;ATIVO 
326 ATACADAO - SUMARE;SACOLA 38X48 ;ATACADAO SP;ATIVO 
326 ATACADAO - SUMARE;SACOLA VERDE 38X50;ATACADAO SP;ATIVO 
326 ATACADAO - SUMARE;SACOLA VERDE 40X50;ATACADAO SP;ATIVO 
337 ATACADAO - JUNDIAI;BOBINA 20X30;ATACADAO SP;ATIVO 
337 ATACADAO - JUNDIAI;BOBINA 25X35;ATACADAO SP;ATIVO 
337 ATACADAO - JUNDIAI;BOBINA 30X40;ATACADAO SP;ATIVO 
337 ATACADAO - JUNDIAI;BRAMIL LIXO 100L;ATACADAO SP;ATIVO 
337 ATACADAO - JUNDIAI;BRAMIL LIXO 100L REF ;ATACADAO SP;ATIVO 
337 ATACADAO - JUNDIAI;BRAMIL LIXO 15L;ATACADAO SP;ATIVO 
337 ATACADAO - JUNDIAI;BRAMIL LIXO 200L REF ;ATACADAO SP;ATIVO 
337 ATACADAO - JUNDIAI;BRAMIL LIXO 30L;ATACADAO SP;ATIVO 
337 ATACADAO - JUNDIAI;BRAMIL LIXO 50L ;ATACADAO SP;ATIVO 
337 ATACADAO - JUNDIAI;ECONOMICO 100L;ATACADAO SP;ATIVO 
337 ATACADAO - JUNDIAI;ECONOMICO 100L ;ATACADAO SP;ATIVO 
337 ATACADAO - JUNDIAI;ECONOMICO 15L;ATACADAO SP;ATIVO 
337 ATACADAO - JUNDIAI;ECONOMICO 30L;ATACADAO SP;ATIVO 
337 ATACADAO - JUNDIAI;ECONOMICO 50L;ATACADAO SP;ATIVO 
337 ATACADAO - JUNDIAI;HIPERROLL 100L;ATACADAO SP;ATIVO 
337 ATACADAO - JUNDIAI;HIPERROLL 15L;ATACADAO SP;ATIVO 
337 ATACADAO - JUNDIAI;HIPERROLL 30L;ATACADAO SP;ATIVO 
337 ATACADAO - JUNDIAI;HIPERROLL 50L;ATACADAO SP;ATIVO 
337 ATACADAO - JUNDIAI;REFORCADO 100L;ATACADAO SP;ATIVO 
337 ATACADAO - JUNDIAI;REFORCADO 200L;ATACADAO SP;ATIVO 
337 ATACADAO - JUNDIAI;SACOLA 29X39;ATACADAO SP;ATIVO 
337 ATACADAO - JUNDIAI;SACOLA 29X39 ;ATACADAO SP;ATIVO 
337 ATACADAO - JUNDIAI;SACOLA 38X48;ATACADAO SP;ATIVO 
337 ATACADAO - JUNDIAI;SACOLA 38X48 ;ATACADAO SP;ATIVO 
337 ATACADAO - JUNDIAI;SACOLA VERDE 38X50;ATACADAO SP;ATIVO 
337 ATACADAO - JUNDIAI;SACOLA VERDE 40X50;ATACADAO SP;ATIVO 
364 ATACADAO - AMERICANA;BOBINA 20X30;ATACADAO SP;ATIVO 
364 ATACADAO - AMERICANA;BOBINA 25X35;ATACADAO SP;ATIVO 
364 ATACADAO - AMERICANA;BOBINA 30X40;ATACADAO SP;ATIVO 
364 ATACADAO - AMERICANA;BRAMIL LIXO 100L;ATACADAO SP;ATIVO 
364 ATACADAO - AMERICANA;BRAMIL LIXO 100L REF ;ATACADAO SP;ATIVO 
364 ATACADAO - AMERICANA;BRAMIL LIXO 15L;ATACADAO SP;ATIVO 
364 ATACADAO - AMERICANA;BRAMIL LIXO 200L REF ;ATACADAO SP;ATIVO 
364 ATACADAO - AMERICANA;BRAMIL LIXO 30L;ATACADAO SP;ATIVO 
364 ATACADAO - AMERICANA;BRAMIL LIXO 50L ;ATACADAO SP;ATIVO 
364 ATACADAO - AMERICANA;ECONOMICO 100L;ATACADAO SP;ATIVO 
364 ATACADAO - AMERICANA;ECONOMICO 100L ;ATACADAO SP;ATIVO 
364 ATACADAO - AMERICANA;ECONOMICO 15L;ATACADAO SP;ATIVO 
364 ATACADAO - AMERICANA;ECONOMICO 30L;ATACADAO SP;ATIVO 
364 ATACADAO - AMERICANA;ECONOMICO 50L;ATACADAO SP;ATIVO 
364 ATACADAO - AMERICANA;HIPERROLL 100L;ATACADAO SP;ATIVO 
364 ATACADAO - AMERICANA;HIPERROLL 15L;ATACADAO SP;ATIVO 
364 ATACADAO - AMERICANA;HIPERROLL 30L;ATACADAO SP;ATIVO 
364 ATACADAO - AMERICANA;HIPERROLL 50L;ATACADAO SP;ATIVO 
364 ATACADAO - AMERICANA;REFORCADO 100L;ATACADAO SP;ATIVO 
364 ATACADAO - AMERICANA;REFORCADO 200L;ATACADAO SP;ATIVO 
364 ATACADAO - AMERICANA;SACOLA 29X39;ATACADAO SP;ATIVO 
364 ATACADAO - AMERICANA;SACOLA 29X39 ;ATACADAO SP;ATIVO 
364 ATACADAO - AMERICANA;SACOLA 38X48;ATACADAO SP;ATIVO 
364 ATACADAO - AMERICANA;SACOLA 38X48 ;ATACADAO SP;ATIVO 
364 ATACADAO - AMERICANA;SACOLA VERDE 38X50;ATACADAO SP;ATIVO 
364 ATACADAO - AMERICANA;SACOLA VERDE 40X50;ATACADAO SP;ATIVO 
389 ATACADAO - ITU;BOBINA 20X30;ATACADAO SP;ATIVO 
389 ATACADAO - ITU;BOBINA 25X35;ATACADAO SP;ATIVO 
389 ATACADAO - ITU;BOBINA 30X40;ATACADAO SP;ATIVO 
389 ATACADAO - ITU;BRAMIL LIXO 100L;ATACADAO SP;ATIVO 
389 ATACADAO - ITU;BRAMIL LIXO 100L REF ;ATACADAO SP;ATIVO 
389 ATACADAO - ITU;BRAMIL LIXO 15L;ATACADAO SP;ATIVO 
389 ATACADAO - ITU;BRAMIL LIXO 200L REF ;ATACADAO SP;ATIVO 
389 ATACADAO - ITU;BRAMIL LIXO 30L;ATACADAO SP;ATIVO 
389 ATACADAO - ITU;BRAMIL LIXO 50L ;ATACADAO SP;ATIVO 
389 ATACADAO - ITU;ECONOMICO 100L;ATACADAO SP;ATIVO 
389 ATACADAO - ITU;ECONOMICO 100L ;ATACADAO SP;ATIVO 
389 ATACADAO - ITU;ECONOMICO 15L;ATACADAO SP;ATIVO 
389 ATACADAO - ITU;ECONOMICO 30L;ATACADAO SP;ATIVO 
389 ATACADAO - ITU;ECONOMICO 50L;ATACADAO SP;ATIVO 
389 ATACADAO - ITU;HIPERROLL 100L;ATACADAO SP;ATIVO 
389 ATACADAO - ITU;HIPERROLL 15L;ATACADAO SP;ATIVO 
389 ATACADAO - ITU;HIPERROLL 30L;ATACADAO SP;ATIVO 
389 ATACADAO - ITU;HIPERROLL 50L;ATACADAO SP;ATIVO 
389 ATACADAO - ITU;REFORCADO 100L;ATACADAO SP;ATIVO 
389 ATACADAO - ITU;REFORCADO 200L;ATACADAO SP;ATIVO 
389 ATACADAO - ITU;SACOLA 29X39;ATACADAO SP;ATIVO 
389 ATACADAO - ITU;SACOLA 29X39 ;ATACADAO SP;ATIVO 
389 ATACADAO - ITU;SACOLA 38X48;ATACADAO SP;ATIVO 
389 ATACADAO - ITU;SACOLA 38X48 ;ATACADAO SP;ATIVO 
389 ATACADAO - ITU;SACOLA VERDE 38X50;ATACADAO SP;ATIVO 
389 ATACADAO - ITU;SACOLA VERDE 40X50;ATACADAO SP;ATIVO 
425 ATACADAO - VARZEA PAULISTA;BOBINA 20X30;ATACADAO SP;ATIVO 
425 ATACADAO - VARZEA PAULISTA;BOBINA 25X35;ATACADAO SP;ATIVO 
425 ATACADAO - VARZEA PAULISTA;BOBINA 30X40;ATACADAO SP;ATIVO 
425 ATACADAO - VARZEA PAULISTA;BRAMIL LIXO 100L;ATACADAO SP;ATIVO 
425 ATACADAO - VARZEA PAULISTA;BRAMIL LIXO 100L REF ;ATACADAO SP;ATIVO 
425 ATACADAO - VARZEA PAULISTA;BRAMIL LIXO 15L;ATACADAO SP;ATIVO 
425 ATACADAO - VARZEA PAULISTA;BRAMIL LIXO 200L REF ;ATACADAO SP;ATIVO 
425 ATACADAO - VARZEA PAULISTA;BRAMIL LIXO 30L;ATACADAO SP;ATIVO 
425 ATACADAO - VARZEA PAULISTA;BRAMIL LIXO 50L ;ATACADAO SP;ATIVO 
425 ATACADAO - VARZEA PAULISTA;ECONOMICO 100L;ATACADAO SP;ATIVO 
425 ATACADAO - VARZEA PAULISTA;ECONOMICO 100L ;ATACADAO SP;ATIVO 
425 ATACADAO - VARZEA PAULISTA;ECONOMICO 15L;ATACADAO SP;ATIVO 
425 ATACADAO - VARZEA PAULISTA;ECONOMICO 30L;ATACADAO SP;ATIVO 
425 ATACADAO - VARZEA PAULISTA;ECONOMICO 50L;ATACADAO SP;ATIVO 
425 ATACADAO - VARZEA PAULISTA;HIPERROLL 100L;ATACADAO SP;ATIVO 
425 ATACADAO - VARZEA PAULISTA;HIPERROLL 15L;ATACADAO SP;ATIVO 
425 ATACADAO - VARZEA PAULISTA;HIPERROLL 30L;ATACADAO SP;ATIVO 
425 ATACADAO - VARZEA PAULISTA;HIPERROLL 50L;ATACADAO SP;ATIVO 
425 ATACADAO - VARZEA PAULISTA;REFORCADO 100L;ATACADAO SP;ATIVO 
425 ATACADAO - VARZEA PAULISTA;REFORCADO 200L;ATACADAO SP;ATIVO 
425 ATACADAO - VARZEA PAULISTA;SACOLA 29X39;ATACADAO SP;ATIVO 
425 ATACADAO - VARZEA PAULISTA;SACOLA 29X39 ;ATACADAO SP;ATIVO 
425 ATACADAO - VARZEA PAULISTA;SACOLA 38X48;ATACADAO SP;ATIVO 
425 ATACADAO - VARZEA PAULISTA;SACOLA 38X48 ;ATACADAO SP;ATIVO 
425 ATACADAO - VARZEA PAULISTA;SACOLA VERDE 38X50;ATACADAO SP;ATIVO 
425 ATACADAO - VARZEA PAULISTA;SACOLA VERDE 40X50;ATACADAO SP;ATIVO 
264 ATACADAO - CAMPINAS;BOBINA 20X30;ATACADAO SP;ATIVO 
264 ATACADAO - CAMPINAS;BOBINA 25X35;ATACADAO SP;ATIVO 
264 ATACADAO - CAMPINAS;BOBINA 30X40;ATACADAO SP;ATIVO 
264 ATACADAO - CAMPINAS;BRAMIL LIXO 100L;ATACADAO SP;ATIVO 
264 ATACADAO - CAMPINAS;BRAMIL LIXO 100L REF ;ATACADAO SP;ATIVO 
264 ATACADAO - CAMPINAS;BRAMIL LIXO 15L;ATACADAO SP;ATIVO 
264 ATACADAO - CAMPINAS;BRAMIL LIXO 200L REF ;ATACADAO SP;ATIVO 
264 ATACADAO - CAMPINAS;BRAMIL LIXO 30L;ATACADAO SP;ATIVO 
264 ATACADAO - CAMPINAS;BRAMIL LIXO 50L ;ATACADAO SP;ATIVO 
264 ATACADAO - CAMPINAS;ECONOMICO 100L;ATACADAO SP;ATIVO 
264 ATACADAO - CAMPINAS;ECONOMICO 100L ;ATACADAO SP;ATIVO 
264 ATACADAO - CAMPINAS;ECONOMICO 15L;ATACADAO SP;ATIVO 
264 ATACADAO - CAMPINAS;ECONOMICO 30L;ATACADAO SP;ATIVO 
264 ATACADAO - CAMPINAS;ECONOMICO 50L;ATACADAO SP;ATIVO 
264 ATACADAO - CAMPINAS;HIPERROLL 100L;ATACADAO SP;ATIVO 
264 ATACADAO - CAMPINAS;HIPERROLL 15L;ATACADAO SP;ATIVO 
264 ATACADAO - CAMPINAS;HIPERROLL 30L;ATACADAO SP;ATIVO 
264 ATACADAO - CAMPINAS;HIPERROLL 50L;ATACADAO SP;ATIVO 
264 ATACADAO - CAMPINAS;REFORCADO 100L;ATACADAO SP;ATIVO 
264 ATACADAO - CAMPINAS;REFORCADO 200L;ATACADAO SP;ATIVO 
264 ATACADAO - CAMPINAS;SACOLA 29X39;ATACADAO SP;ATIVO 
264 ATACADAO - CAMPINAS;SACOLA 29X39 ;ATACADAO SP;ATIVO 
264 ATACADAO - CAMPINAS;SACOLA 38X48;ATACADAO SP;ATIVO 
264 ATACADAO - CAMPINAS;SACOLA 38X48 ;ATACADAO SP;ATIVO 
264 ATACADAO - CAMPINAS;SACOLA VERDE 38X50;ATACADAO SP;ATIVO 
264 ATACADAO - CAMPINAS;SACOLA VERDE 40X50;ATACADAO SP;ATIVO 
265 ATACADAO - CAMPINAS DOM PEDRO;BOBINA 20X30;ATACADAO SP;ATIVO 
265 ATACADAO - CAMPINAS DOM PEDRO;BOBINA 25X35;ATACADAO SP;ATIVO 
265 ATACADAO - CAMPINAS DOM PEDRO;BOBINA 30X40;ATACADAO SP;ATIVO 
265 ATACADAO - CAMPINAS DOM PEDRO;BRAMIL LIXO 100L;ATACADAO SP;ATIVO 
265 ATACADAO - CAMPINAS DOM PEDRO;BRAMIL LIXO 100L REF ;ATACADAO SP;ATIVO 
265 ATACADAO - CAMPINAS DOM PEDRO;BRAMIL LIXO 15L;ATACADAO SP;ATIVO 
265 ATACADAO - CAMPINAS DOM PEDRO;BRAMIL LIXO 200L REF ;ATACADAO SP;ATIVO 
265 ATACADAO - CAMPINAS DOM PEDRO;BRAMIL LIXO 30L;ATACADAO SP;ATIVO 
265 ATACADAO - CAMPINAS DOM PEDRO;BRAMIL LIXO 50L ;ATACADAO SP;ATIVO 
265 ATACADAO - CAMPINAS DOM PEDRO;ECONOMICO 100L;ATACADAO SP;ATIVO 
265 ATACADAO - CAMPINAS DOM PEDRO;ECONOMICO 100L ;ATACADAO SP;ATIVO 
265 ATACADAO - CAMPINAS DOM PEDRO;ECONOMICO 15L;ATACADAO SP;ATIVO 
265 ATACADAO - CAMPINAS DOM PEDRO;ECONOMICO 30L;ATACADAO SP;ATIVO 
265 ATACADAO - CAMPINAS DOM PEDRO;ECONOMICO 50L;ATACADAO SP;ATIVO 
265 ATACADAO - CAMPINAS DOM PEDRO;HIPERROLL 100L;ATACADAO SP;ATIVO 
265 ATACADAO - CAMPINAS DOM PEDRO;HIPERROLL 15L;ATACADAO SP;ATIVO 
265 ATACADAO - CAMPINAS DOM PEDRO;HIPERROLL 30L;ATACADAO SP;ATIVO 
265 ATACADAO - CAMPINAS DOM PEDRO;HIPERROLL 50L;ATACADAO SP;ATIVO 
265 ATACADAO - CAMPINAS DOM PEDRO;REFORCADO 100L;ATACADAO SP;ATIVO 
265 ATACADAO - CAMPINAS DOM PEDRO;REFORCADO 200L;ATACADAO SP;ATIVO 
265 ATACADAO - CAMPINAS DOM PEDRO;SACOLA 29X39;ATACADAO SP;ATIVO 
265 ATACADAO - CAMPINAS DOM PEDRO;SACOLA 29X39 ;ATACADAO SP;ATIVO 
265 ATACADAO - CAMPINAS DOM PEDRO;SACOLA 38X48;ATACADAO SP;ATIVO 
265 ATACADAO - CAMPINAS DOM PEDRO;SACOLA 38X48 ;ATACADAO SP;ATIVO 
265 ATACADAO - CAMPINAS DOM PEDRO;SACOLA VERDE 38X50;ATACADAO SP;ATIVO 
265 ATACADAO - CAMPINAS DOM PEDRO;SACOLA VERDE 40X50;ATACADAO SP;ATIVO 
266 ATACADAO - CAMPINAS DUNLOP;BOBINA 20X30;ATACADAO SP;ATIVO 
266 ATACADAO - CAMPINAS DUNLOP;BOBINA 25X35;ATACADAO SP;ATIVO 
266 ATACADAO - CAMPINAS DUNLOP;BOBINA 30X40;ATACADAO SP;ATIVO 
266 ATACADAO - CAMPINAS DUNLOP;BRAMIL LIXO 100L;ATACADAO SP;ATIVO 
266 ATACADAO - CAMPINAS DUNLOP;BRAMIL LIXO 100L REF ;ATACADAO SP;ATIVO 
266 ATACADAO - CAMPINAS DUNLOP;BRAMIL LIXO 15L;ATACADAO SP;ATIVO 
266 ATACADAO - CAMPINAS DUNLOP;BRAMIL LIXO 200L REF ;ATACADAO SP;ATIVO 
266 ATACADAO - CAMPINAS DUNLOP;BRAMIL LIXO 30L;ATACADAO SP;ATIVO 
266 ATACADAO - CAMPINAS DUNLOP;BRAMIL LIXO 50L ;ATACADAO SP;ATIVO 
266 ATACADAO - CAMPINAS DUNLOP;ECONOMICO 100L;ATACADAO SP;ATIVO 
266 ATACADAO - CAMPINAS DUNLOP;ECONOMICO 100L ;ATACADAO SP;ATIVO 
266 ATACADAO - CAMPINAS DUNLOP;ECONOMICO 15L;ATACADAO SP;ATIVO 
266 ATACADAO - CAMPINAS DUNLOP;ECONOMICO 30L;ATACADAO SP;ATIVO 
266 ATACADAO - CAMPINAS DUNLOP;ECONOMICO 50L;ATACADAO SP;ATIVO 
266 ATACADAO - CAMPINAS DUNLOP;HIPERROLL 100L;ATACADAO SP;ATIVO 
266 ATACADAO - CAMPINAS DUNLOP;HIPERROLL 15L;ATACADAO SP;ATIVO 
266 ATACADAO - CAMPINAS DUNLOP;HIPERROLL 30L;ATACADAO SP;ATIVO 
266 ATACADAO - CAMPINAS DUNLOP;HIPERROLL 50L;ATACADAO SP;ATIVO 
266 ATACADAO - CAMPINAS DUNLOP;REFORCADO 100L;ATACADAO SP;ATIVO 
266 ATACADAO - CAMPINAS DUNLOP;REFORCADO 200L;ATACADAO SP;ATIVO 
266 ATACADAO - CAMPINAS DUNLOP;SACOLA 29X39;ATACADAO SP;ATIVO 
266 ATACADAO - CAMPINAS DUNLOP;SACOLA 29X39 ;ATACADAO SP;ATIVO 
266 ATACADAO - CAMPINAS DUNLOP;SACOLA 38X48;ATACADAO SP;ATIVO 
266 ATACADAO - CAMPINAS DUNLOP;SACOLA 38X48 ;ATACADAO SP;ATIVO 
266 ATACADAO - CAMPINAS DUNLOP;SACOLA VERDE 38X50;ATACADAO SP;ATIVO 
266 ATACADAO - CAMPINAS DUNLOP;SACOLA VERDE 40X50;ATACADAO SP;ATIVO 
292 ATACADAO - ANCHIETA;BOBINA 20X30;ATACADAO SP;ATIVO 
292 ATACADAO - ANCHIETA;BOBINA 25X35;ATACADAO SP;ATIVO 
292 ATACADAO - ANCHIETA;BOBINA 30X40;ATACADAO SP;ATIVO 
292 ATACADAO - ANCHIETA;BRAMIL LIXO 100L;ATACADAO SP;ATIVO 
292 ATACADAO - ANCHIETA;BRAMIL LIXO 100L REF ;ATACADAO SP;ATIVO 
292 ATACADAO - ANCHIETA;BRAMIL LIXO 15L;ATACADAO SP;ATIVO 
292 ATACADAO - ANCHIETA;BRAMIL LIXO 200L REF ;ATACADAO SP;ATIVO 
292 ATACADAO - ANCHIETA;BRAMIL LIXO 30L;ATACADAO SP;ATIVO 
292 ATACADAO - ANCHIETA;BRAMIL LIXO 50L ;ATACADAO SP;ATIVO 
292 ATACADAO - ANCHIETA;ECONOMICO 100L;ATACADAO SP;ATIVO 
292 ATACADAO - ANCHIETA;ECONOMICO 100L ;ATACADAO SP;ATIVO 
292 ATACADAO - ANCHIETA;ECONOMICO 15L;ATACADAO SP;ATIVO 
292 ATACADAO - ANCHIETA;ECONOMICO 30L;ATACADAO SP;ATIVO 
292 ATACADAO - ANCHIETA;ECONOMICO 50L;ATACADAO SP;ATIVO 
292 ATACADAO - ANCHIETA;HIPERROLL 100L;ATACADAO SP;ATIVO 
292 ATACADAO - ANCHIETA;HIPERROLL 15L;ATACADAO SP;ATIVO 
292 ATACADAO - ANCHIETA;HIPERROLL 30L;ATACADAO SP;ATIVO 
292 ATACADAO - ANCHIETA;HIPERROLL 50L;ATACADAO SP;ATIVO 
292 ATACADAO - ANCHIETA;REFORCADO 100L;ATACADAO SP;ATIVO 
292 ATACADAO - ANCHIETA;REFORCADO 200L;ATACADAO SP;ATIVO 
292 ATACADAO - ANCHIETA;SACOLA 29X39;ATACADAO SP;ATIVO 
292 ATACADAO - ANCHIETA;SACOLA 29X39 ;ATACADAO SP;ATIVO 
292 ATACADAO - ANCHIETA;SACOLA 38X48;ATACADAO SP;ATIVO 
292 ATACADAO - ANCHIETA;SACOLA 38X48 ;ATACADAO SP;ATIVO 
292 ATACADAO - ANCHIETA;SACOLA VERDE 38X50;ATACADAO SP;ATIVO 
292 ATACADAO - ANCHIETA;SACOLA VERDE 40X50;ATACADAO SP;ATIVO 
297 ATACADAO - COTIA RAPOSO KM21;BOBINA 20X30;ATACADAO SP;ATIVO 
297 ATACADAO - COTIA RAPOSO KM21;BOBINA 25X35;ATACADAO SP;ATIVO 
297 ATACADAO - COTIA RAPOSO KM21;BOBINA 30X40;ATACADAO SP;ATIVO 
297 ATACADAO - COTIA RAPOSO KM21;BRAMIL LIXO 100L;ATACADAO SP;ATIVO 
297 ATACADAO - COTIA RAPOSO KM21;BRAMIL LIXO 100L REF ;ATACADAO SP;ATIVO 
297 ATACADAO - COTIA RAPOSO KM21;BRAMIL LIXO 15L;ATACADAO SP;ATIVO 
297 ATACADAO - COTIA RAPOSO KM21;BRAMIL LIXO 200L REF ;ATACADAO SP;ATIVO 
297 ATACADAO - COTIA RAPOSO KM21;BRAMIL LIXO 30L;ATACADAO SP;ATIVO 
297 ATACADAO - COTIA RAPOSO KM21;BRAMIL LIXO 50L ;ATACADAO SP;ATIVO 
297 ATACADAO - COTIA RAPOSO KM21;ECONOMICO 100L;ATACADAO SP;ATIVO 
297 ATACADAO - COTIA RAPOSO KM21;ECONOMICO 100L ;ATACADAO SP;ATIVO 
297 ATACADAO - COTIA RAPOSO KM21;ECONOMICO 15L;ATACADAO SP;ATIVO 
297 ATACADAO - COTIA RAPOSO KM21;ECONOMICO 30L;ATACADAO SP;ATIVO 
297 ATACADAO - COTIA RAPOSO KM21;ECONOMICO 50L;ATACADAO SP;ATIVO 
297 ATACADAO - COTIA RAPOSO KM21;HIPERROLL 100L;ATACADAO SP;ATIVO 
297 ATACADAO - COTIA RAPOSO KM21;HIPERROLL 15L;ATACADAO SP;ATIVO 
297 ATACADAO - COTIA RAPOSO KM21;HIPERROLL 30L;ATACADAO SP;ATIVO 
297 ATACADAO - COTIA RAPOSO KM21;HIPERROLL 50L;ATACADAO SP;ATIVO 
297 ATACADAO - COTIA RAPOSO KM21;REFORCADO 100L;ATACADAO SP;ATIVO 
297 ATACADAO - COTIA RAPOSO KM21;REFORCADO 200L;ATACADAO SP;ATIVO 
297 ATACADAO - COTIA RAPOSO KM21;SACOLA 29X39;ATACADAO SP;ATIVO 
297 ATACADAO - COTIA RAPOSO KM21;SACOLA 29X39 ;ATACADAO SP;ATIVO 
297 ATACADAO - COTIA RAPOSO KM21;SACOLA 38X48;ATACADAO SP;ATIVO 
297 ATACADAO - COTIA RAPOSO KM21;SACOLA 38X48 ;ATACADAO SP;ATIVO 
297 ATACADAO - COTIA RAPOSO KM21;SACOLA VERDE 38X50;ATACADAO SP;ATIVO 
297 ATACADAO - COTIA RAPOSO KM21;SACOLA VERDE 40X50;ATACADAO SP;ATIVO 
298 ATACADAO - DIADEMA CANHEMA;BOBINA 20X30;ATACADAO SP;ATIVO 
298 ATACADAO - DIADEMA CANHEMA;BOBINA 25X35;ATACADAO SP;ATIVO 
298 ATACADAO - DIADEMA CANHEMA;BOBINA 30X40;ATACADAO SP;ATIVO 
298 ATACADAO - DIADEMA CANHEMA;BRAMIL LIXO 100L;ATACADAO SP;ATIVO 
298 ATACADAO - DIADEMA CANHEMA;BRAMIL LIXO 100L REF ;ATACADAO SP;ATIVO 
298 ATACADAO - DIADEMA CANHEMA;BRAMIL LIXO 15L;ATACADAO SP;ATIVO 
298 ATACADAO - DIADEMA CANHEMA;BRAMIL LIXO 200L REF ;ATACADAO SP;ATIVO 
298 ATACADAO - DIADEMA CANHEMA;BRAMIL LIXO 30L;ATACADAO SP;ATIVO 
298 ATACADAO - DIADEMA CANHEMA;BRAMIL LIXO 50L ;ATACADAO SP;ATIVO 
298 ATACADAO - DIADEMA CANHEMA;ECONOMICO 100L;ATACADAO SP;ATIVO 
298 ATACADAO - DIADEMA CANHEMA;ECONOMICO 100L ;ATACADAO SP;ATIVO 
298 ATACADAO - DIADEMA CANHEMA;ECONOMICO 15L;ATACADAO SP;ATIVO 
298 ATACADAO - DIADEMA CANHEMA;ECONOMICO 30L;ATACADAO SP;ATIVO 
298 ATACADAO - DIADEMA CANHEMA;ECONOMICO 50L;ATACADAO SP;ATIVO 
298 ATACADAO - DIADEMA CANHEMA;HIPERROLL 100L;ATACADAO SP;ATIVO 
298 ATACADAO - DIADEMA CANHEMA;HIPERROLL 15L;ATACADAO SP;ATIVO 
298 ATACADAO - DIADEMA CANHEMA;HIPERROLL 30L;ATACADAO SP;ATIVO 
298 ATACADAO - DIADEMA CANHEMA;HIPERROLL 50L;ATACADAO SP;ATIVO 
298 ATACADAO - DIADEMA CANHEMA;REFORCADO 100L;ATACADAO SP;ATIVO 
298 ATACADAO - DIADEMA CANHEMA;REFORCADO 200L;ATACADAO SP;ATIVO 
298 ATACADAO - DIADEMA CANHEMA;SACOLA 29X39;ATACADAO SP;ATIVO 
298 ATACADAO - DIADEMA CANHEMA;SACOLA 29X39 ;ATACADAO SP;ATIVO 
298 ATACADAO - DIADEMA CANHEMA;SACOLA 38X48;ATACADAO SP;ATIVO 
298 ATACADAO - DIADEMA CANHEMA;SACOLA 38X48 ;ATACADAO SP;ATIVO 
298 ATACADAO - DIADEMA CANHEMA;SACOLA VERDE 38X50;ATACADAO SP;ATIVO 
298 ATACADAO - DIADEMA CANHEMA;SACOLA VERDE 40X50;ATACADAO SP;ATIVO 
299 ATACADAO - DIADEMA SERRARIA;BOBINA 20X30;ATACADAO SP;ATIVO 
299 ATACADAO - DIADEMA SERRARIA;BOBINA 25X35;ATACADAO SP;ATIVO 
299 ATACADAO - DIADEMA SERRARIA;BOBINA 30X40;ATACADAO SP;ATIVO 
299 ATACADAO - DIADEMA SERRARIA;BRAMIL LIXO 100L;ATACADAO SP;ATIVO 
299 ATACADAO - DIADEMA SERRARIA;BRAMIL LIXO 100L REF ;ATACADAO SP;ATIVO 
299 ATACADAO - DIADEMA SERRARIA;BRAMIL LIXO 15L;ATACADAO SP;ATIVO 
299 ATACADAO - DIADEMA SERRARIA;BRAMIL LIXO 200L REF ;ATACADAO SP;ATIVO 
299 ATACADAO - DIADEMA SERRARIA;BRAMIL LIXO 30L;ATACADAO SP;ATIVO 
299 ATACADAO - DIADEMA SERRARIA;BRAMIL LIXO 50L ;ATACADAO SP;ATIVO 
299 ATACADAO - DIADEMA SERRARIA;ECONOMICO 100L;ATACADAO SP;ATIVO 
299 ATACADAO - DIADEMA SERRARIA;ECONOMICO 100L ;ATACADAO SP;ATIVO 
299 ATACADAO - DIADEMA SERRARIA;ECONOMICO 15L;ATACADAO SP;ATIVO 
299 ATACADAO - DIADEMA SERRARIA;ECONOMICO 30L;ATACADAO SP;ATIVO 
299 ATACADAO - DIADEMA SERRARIA;ECONOMICO 50L;ATACADAO SP;ATIVO 
299 ATACADAO - DIADEMA SERRARIA;HIPERROLL 100L;ATACADAO SP;ATIVO 
299 ATACADAO - DIADEMA SERRARIA;HIPERROLL 15L;ATACADAO SP;ATIVO 
299 ATACADAO - DIADEMA SERRARIA;HIPERROLL 30L;ATACADAO SP;ATIVO 
299 ATACADAO - DIADEMA SERRARIA;HIPERROLL 50L;ATACADAO SP;ATIVO 
299 ATACADAO - DIADEMA SERRARIA;REFORCADO 100L;ATACADAO SP;ATIVO 
299 ATACADAO - DIADEMA SERRARIA;REFORCADO 200L;ATACADAO SP;ATIVO 
299 ATACADAO - DIADEMA SERRARIA;SACOLA 29X39;ATACADAO SP;ATIVO 
299 ATACADAO - DIADEMA SERRARIA;SACOLA 29X39 ;ATACADAO SP;ATIVO 
299 ATACADAO - DIADEMA SERRARIA;SACOLA 38X48;ATACADAO SP;ATIVO 
299 ATACADAO - DIADEMA SERRARIA;SACOLA 38X48 ;ATACADAO SP;ATIVO 
299 ATACADAO - DIADEMA SERRARIA;SACOLA VERDE 38X50;ATACADAO SP;ATIVO 
299 ATACADAO - DIADEMA SERRARIA;SACOLA VERDE 40X50;ATACADAO SP;ATIVO 
302 ATACADAO - INAJAR DE SOUZA;BOBINA 20X30;ATACADAO SP;ATIVO 
302 ATACADAO - INAJAR DE SOUZA;BOBINA 25X35;ATACADAO SP;ATIVO 
302 ATACADAO - INAJAR DE SOUZA;BOBINA 30X40;ATACADAO SP;ATIVO 
302 ATACADAO - INAJAR DE SOUZA;BRAMIL LIXO 100L;ATACADAO SP;ATIVO 
302 ATACADAO - INAJAR DE SOUZA;BRAMIL LIXO 100L REF ;ATACADAO SP;ATIVO 
302 ATACADAO - INAJAR DE SOUZA;BRAMIL LIXO 15L;ATACADAO SP;ATIVO 
302 ATACADAO - INAJAR DE SOUZA;BRAMIL LIXO 200L REF ;ATACADAO SP;ATIVO 
302 ATACADAO - INAJAR DE SOUZA;BRAMIL LIXO 30L;ATACADAO SP;ATIVO 
302 ATACADAO - INAJAR DE SOUZA;BRAMIL LIXO 50L ;ATACADAO SP;ATIVO 
302 ATACADAO - INAJAR DE SOUZA;ECONOMICO 100L;ATACADAO SP;ATIVO 
302 ATACADAO - INAJAR DE SOUZA;ECONOMICO 100L ;ATACADAO SP;ATIVO 
302 ATACADAO - INAJAR DE SOUZA;ECONOMICO 15L;ATACADAO SP;ATIVO 
302 ATACADAO - INAJAR DE SOUZA;ECONOMICO 30L;ATACADAO SP;ATIVO 
302 ATACADAO - INAJAR DE SOUZA;ECONOMICO 50L;ATACADAO SP;ATIVO 
302 ATACADAO - INAJAR DE SOUZA;HIPERROLL 100L;ATACADAO SP;ATIVO 
302 ATACADAO - INAJAR DE SOUZA;HIPERROLL 15L;ATACADAO SP;ATIVO 
302 ATACADAO - INAJAR DE SOUZA;HIPERROLL 30L;ATACADAO SP;ATIVO 
302 ATACADAO - INAJAR DE SOUZA;HIPERROLL 50L;ATACADAO SP;ATIVO 
302 ATACADAO - INAJAR DE SOUZA;REFORCADO 100L;ATACADAO SP;ATIVO 
302 ATACADAO - INAJAR DE SOUZA;REFORCADO 200L;ATACADAO SP;ATIVO 
302 ATACADAO - INAJAR DE SOUZA;SACOLA 29X39;ATACADAO SP;ATIVO 
302 ATACADAO - INAJAR DE SOUZA;SACOLA 29X39 ;ATACADAO SP;ATIVO 
302 ATACADAO - INAJAR DE SOUZA;SACOLA 38X48;ATACADAO SP;ATIVO 
302 ATACADAO - INAJAR DE SOUZA;SACOLA 38X48 ;ATACADAO SP;ATIVO 
302 ATACADAO - INAJAR DE SOUZA;SACOLA VERDE 38X50;ATACADAO SP;ATIVO 
302 ATACADAO - INAJAR DE SOUZA;SACOLA VERDE 40X50;ATACADAO SP;ATIVO 
303 ATACADAO - INDIANOPOLIS;BOBINA 20X30;ATACADAO SP;ATIVO 
303 ATACADAO - INDIANOPOLIS;BOBINA 25X35;ATACADAO SP;ATIVO 
303 ATACADAO - INDIANOPOLIS;BOBINA 30X40;ATACADAO SP;ATIVO 
303 ATACADAO - INDIANOPOLIS;BRAMIL LIXO 100L;ATACADAO SP;ATIVO 
303 ATACADAO - INDIANOPOLIS;BRAMIL LIXO 100L REF ;ATACADAO SP;ATIVO 
303 ATACADAO - INDIANOPOLIS;BRAMIL LIXO 15L;ATACADAO SP;ATIVO 
303 ATACADAO - INDIANOPOLIS;BRAMIL LIXO 200L REF ;ATACADAO SP;ATIVO 
303 ATACADAO - INDIANOPOLIS;BRAMIL LIXO 30L;ATACADAO SP;ATIVO 
303 ATACADAO - INDIANOPOLIS;BRAMIL LIXO 50L ;ATACADAO SP;ATIVO 
303 ATACADAO - INDIANOPOLIS;ECONOMICO 100L;ATACADAO SP;ATIVO 
303 ATACADAO - INDIANOPOLIS;ECONOMICO 100L ;ATACADAO SP;ATIVO 
303 ATACADAO - INDIANOPOLIS;ECONOMICO 15L;ATACADAO SP;ATIVO 
303 ATACADAO - INDIANOPOLIS;ECONOMICO 30L;ATACADAO SP;ATIVO 
303 ATACADAO - INDIANOPOLIS;ECONOMICO 50L;ATACADAO SP;ATIVO 
303 ATACADAO - INDIANOPOLIS;HIPERROLL 100L;ATACADAO SP;ATIVO 
303 ATACADAO - INDIANOPOLIS;HIPERROLL 15L;ATACADAO SP;ATIVO 
303 ATACADAO - INDIANOPOLIS;HIPERROLL 30L;ATACADAO SP;ATIVO 
303 ATACADAO - INDIANOPOLIS;HIPERROLL 50L;ATACADAO SP;ATIVO 
303 ATACADAO - INDIANOPOLIS;REFORCADO 100L;ATACADAO SP;ATIVO 
303 ATACADAO - INDIANOPOLIS;REFORCADO 200L;ATACADAO SP;ATIVO 
303 ATACADAO - INDIANOPOLIS;SACOLA 29X39;ATACADAO SP;ATIVO 
303 ATACADAO - INDIANOPOLIS;SACOLA 29X39 ;ATACADAO SP;ATIVO 
303 ATACADAO - INDIANOPOLIS;SACOLA 38X48;ATACADAO SP;ATIVO 
303 ATACADAO - INDIANOPOLIS;SACOLA 38X48 ;ATACADAO SP;ATIVO 
303 ATACADAO - INDIANOPOLIS;SACOLA VERDE 38X50;ATACADAO SP;ATIVO 
303 ATACADAO - INDIANOPOLIS;SACOLA VERDE 40X50;ATACADAO SP;ATIVO 
304 ATACADAO - INTERLAGOS;BOBINA 20X30;ATACADAO SP;ATIVO 
304 ATACADAO - INTERLAGOS;BOBINA 25X35;ATACADAO SP;ATIVO 
304 ATACADAO - INTERLAGOS;BOBINA 30X40;ATACADAO SP;ATIVO 
304 ATACADAO - INTERLAGOS;BRAMIL LIXO 100L;ATACADAO SP;ATIVO 
304 ATACADAO - INTERLAGOS;BRAMIL LIXO 100L REF ;ATACADAO SP;ATIVO 
304 ATACADAO - INTERLAGOS;BRAMIL LIXO 15L;ATACADAO SP;ATIVO 
304 ATACADAO - INTERLAGOS;BRAMIL LIXO 200L REF ;ATACADAO SP;ATIVO 
304 ATACADAO - INTERLAGOS;BRAMIL LIXO 30L;ATACADAO SP;ATIVO 
304 ATACADAO - INTERLAGOS;BRAMIL LIXO 50L ;ATACADAO SP;ATIVO 
304 ATACADAO - INTERLAGOS;ECONOMICO 100L;ATACADAO SP;ATIVO 
304 ATACADAO - INTERLAGOS;ECONOMICO 100L ;ATACADAO SP;ATIVO 
304 ATACADAO - INTERLAGOS;ECONOMICO 15L;ATACADAO SP;ATIVO 
304 ATACADAO - INTERLAGOS;ECONOMICO 30L;ATACADAO SP;ATIVO 
304 ATACADAO - INTERLAGOS;ECONOMICO 50L;ATACADAO SP;ATIVO 
304 ATACADAO - INTERLAGOS;HIPERROLL 100L;ATACADAO SP;ATIVO 
304 ATACADAO - INTERLAGOS;HIPERROLL 15L;ATACADAO SP;ATIVO 
304 ATACADAO - INTERLAGOS;HIPERROLL 30L;ATACADAO SP;ATIVO 
304 ATACADAO - INTERLAGOS;HIPERROLL 50L;ATACADAO SP;ATIVO 
304 ATACADAO - INTERLAGOS;REFORCADO 100L;ATACADAO SP;ATIVO 
304 ATACADAO - INTERLAGOS;REFORCADO 200L;ATACADAO SP;ATIVO 
304 ATACADAO - INTERLAGOS;SACOLA 29X39;ATACADAO SP;ATIVO 
304 ATACADAO - INTERLAGOS;SACOLA 29X39 ;ATACADAO SP;ATIVO 
304 ATACADAO - INTERLAGOS;SACOLA 38X48;ATACADAO SP;ATIVO 
304 ATACADAO - INTERLAGOS;SACOLA 38X48 ;ATACADAO SP;ATIVO 
304 ATACADAO - INTERLAGOS;SACOLA VERDE 38X50;ATACADAO SP;ATIVO 
304 ATACADAO - INTERLAGOS;SACOLA VERDE 40X50;ATACADAO SP;ATIVO 
305 ATACADAO - ITAPECERICA DA SERRA;BOBINA 20X30;ATACADAO SP;ATIVO 
305 ATACADAO - ITAPECERICA DA SERRA;BOBINA 25X35;ATACADAO SP;ATIVO 
305 ATACADAO - ITAPECERICA DA SERRA;BOBINA 30X40;ATACADAO SP;ATIVO 
305 ATACADAO - ITAPECERICA DA SERRA;BRAMIL LIXO 100L;ATACADAO SP;ATIVO 
305 ATACADAO - ITAPECERICA DA SERRA;BRAMIL LIXO 100L REF ;ATACADAO SP;ATIVO 
305 ATACADAO - ITAPECERICA DA SERRA;BRAMIL LIXO 15L;ATACADAO SP;ATIVO 
305 ATACADAO - ITAPECERICA DA SERRA;BRAMIL LIXO 200L REF ;ATACADAO SP;ATIVO 
305 ATACADAO - ITAPECERICA DA SERRA;BRAMIL LIXO 30L;ATACADAO SP;ATIVO 
305 ATACADAO - ITAPECERICA DA SERRA;BRAMIL LIXO 50L ;ATACADAO SP;ATIVO 
305 ATACADAO - ITAPECERICA DA SERRA;ECONOMICO 100L;ATACADAO SP;ATIVO 
305 ATACADAO - ITAPECERICA DA SERRA;ECONOMICO 100L ;ATACADAO SP;ATIVO 
305 ATACADAO - ITAPECERICA DA SERRA;ECONOMICO 15L;ATACADAO SP;ATIVO 
305 ATACADAO - ITAPECERICA DA SERRA;ECONOMICO 30L;ATACADAO SP;ATIVO 
305 ATACADAO - ITAPECERICA DA SERRA;ECONOMICO 50L;ATACADAO SP;ATIVO 
305 ATACADAO - ITAPECERICA DA SERRA;HIPERROLL 100L;ATACADAO SP;ATIVO 
305 ATACADAO - ITAPECERICA DA SERRA;HIPERROLL 15L;ATACADAO SP;ATIVO 
305 ATACADAO - ITAPECERICA DA SERRA;HIPERROLL 30L;ATACADAO SP;ATIVO 
305 ATACADAO - ITAPECERICA DA SERRA;HIPERROLL 50L;ATACADAO SP;ATIVO 
305 ATACADAO - ITAPECERICA DA SERRA;REFORCADO 100L;ATACADAO SP;ATIVO 
305 ATACADAO - ITAPECERICA DA SERRA;REFORCADO 200L;ATACADAO SP;ATIVO 
305 ATACADAO - ITAPECERICA DA SERRA;SACOLA 29X39;ATACADAO SP;ATIVO 
305 ATACADAO - ITAPECERICA DA SERRA;SACOLA 29X39 ;ATACADAO SP;ATIVO 
305 ATACADAO - ITAPECERICA DA SERRA;SACOLA 38X48;ATACADAO SP;ATIVO 
305 ATACADAO - ITAPECERICA DA SERRA;SACOLA 38X48 ;ATACADAO SP;ATIVO 
305 ATACADAO - ITAPECERICA DA SERRA;SACOLA VERDE 38X50;ATACADAO SP;ATIVO 
305 ATACADAO - ITAPECERICA DA SERRA;SACOLA VERDE 40X50;ATACADAO SP;ATIVO 
309 ATACADAO - OSASCO BONANCA;BOBINA 20X30;ATACADAO SP;ATIVO 
309 ATACADAO - OSASCO BONANCA;BOBINA 25X35;ATACADAO SP;ATIVO 
309 ATACADAO - OSASCO BONANCA;BOBINA 30X40;ATACADAO SP;ATIVO 
309 ATACADAO - OSASCO BONANCA;BRAMIL LIXO 100L;ATACADAO SP;ATIVO 
309 ATACADAO - OSASCO BONANCA;BRAMIL LIXO 100L REF ;ATACADAO SP;ATIVO 
309 ATACADAO - OSASCO BONANCA;BRAMIL LIXO 15L;ATACADAO SP;ATIVO 
309 ATACADAO - OSASCO BONANCA;BRAMIL LIXO 200L REF ;ATACADAO SP;ATIVO 
309 ATACADAO - OSASCO BONANCA;BRAMIL LIXO 30L;ATACADAO SP;ATIVO 
309 ATACADAO - OSASCO BONANCA;BRAMIL LIXO 50L ;ATACADAO SP;ATIVO 
309 ATACADAO - OSASCO BONANCA;ECONOMICO 100L;ATACADAO SP;ATIVO 
309 ATACADAO - OSASCO BONANCA;ECONOMICO 100L ;ATACADAO SP;ATIVO 
309 ATACADAO - OSASCO BONANCA;ECONOMICO 15L;ATACADAO SP;ATIVO 
309 ATACADAO - OSASCO BONANCA;ECONOMICO 30L;ATACADAO SP;ATIVO 
309 ATACADAO - OSASCO BONANCA;ECONOMICO 50L;ATACADAO SP;ATIVO 
309 ATACADAO - OSASCO BONANCA;HIPERROLL 100L;ATACADAO SP;ATIVO 
309 ATACADAO - OSASCO BONANCA;HIPERROLL 15L;ATACADAO SP;ATIVO 
309 ATACADAO - OSASCO BONANCA;HIPERROLL 30L;ATACADAO SP;ATIVO 
309 ATACADAO - OSASCO BONANCA;HIPERROLL 50L;ATACADAO SP;ATIVO 
309 ATACADAO - OSASCO BONANCA;REFORCADO 100L;ATACADAO SP;ATIVO 
309 ATACADAO - OSASCO BONANCA;REFORCADO 200L;ATACADAO SP;ATIVO 
309 ATACADAO - OSASCO BONANCA;SACOLA 29X39;ATACADAO SP;ATIVO 
309 ATACADAO - OSASCO BONANCA;SACOLA 29X39 ;ATACADAO SP;ATIVO 
309 ATACADAO - OSASCO BONANCA;SACOLA 38X48;ATACADAO SP;ATIVO 
309 ATACADAO - OSASCO BONANCA;SACOLA 38X48 ;ATACADAO SP;ATIVO 
309 ATACADAO - OSASCO BONANCA;SACOLA VERDE 38X50;ATACADAO SP;ATIVO 
309 ATACADAO - OSASCO BONANCA;SACOLA VERDE 40X50;ATACADAO SP;ATIVO 
310 ATACADAO - OSASCO CENTRO;BOBINA 20X30;ATACADAO SP;ATIVO 
310 ATACADAO - OSASCO CENTRO;BOBINA 25X35;ATACADAO SP;ATIVO 
310 ATACADAO - OSASCO CENTRO;BOBINA 30X40;ATACADAO SP;ATIVO 
310 ATACADAO - OSASCO CENTRO;BRAMIL LIXO 100L;ATACADAO SP;ATIVO 
310 ATACADAO - OSASCO CENTRO;BRAMIL LIXO 100L REF ;ATACADAO SP;ATIVO 
310 ATACADAO - OSASCO CENTRO;BRAMIL LIXO 15L;ATACADAO SP;ATIVO 
310 ATACADAO - OSASCO CENTRO;BRAMIL LIXO 200L REF ;ATACADAO SP;ATIVO 
310 ATACADAO - OSASCO CENTRO;BRAMIL LIXO 30L;ATACADAO SP;ATIVO 
310 ATACADAO - OSASCO CENTRO;BRAMIL LIXO 50L ;ATACADAO SP;ATIVO 
310 ATACADAO - OSASCO CENTRO;ECONOMICO 100L;ATACADAO SP;ATIVO 
310 ATACADAO - OSASCO CENTRO;ECONOMICO 100L ;ATACADAO SP;ATIVO 
310 ATACADAO - OSASCO CENTRO;ECONOMICO 15L;ATACADAO SP;ATIVO 
310 ATACADAO - OSASCO CENTRO;ECONOMICO 30L;ATACADAO SP;ATIVO 
310 ATACADAO - OSASCO CENTRO;ECONOMICO 50L;ATACADAO SP;ATIVO 
310 ATACADAO - OSASCO CENTRO;HIPERROLL 100L;ATACADAO SP;ATIVO 
310 ATACADAO - OSASCO CENTRO;HIPERROLL 15L;ATACADAO SP;ATIVO 
310 ATACADAO - OSASCO CENTRO;HIPERROLL 30L;ATACADAO SP;ATIVO 
310 ATACADAO - OSASCO CENTRO;HIPERROLL 50L;ATACADAO SP;ATIVO 
310 ATACADAO - OSASCO CENTRO;REFORCADO 100L;ATACADAO SP;ATIVO 
310 ATACADAO - OSASCO CENTRO;REFORCADO 200L;ATACADAO SP;ATIVO 
310 ATACADAO - OSASCO CENTRO;SACOLA 29X39;ATACADAO SP;ATIVO 
310 ATACADAO - OSASCO CENTRO;SACOLA 29X39 ;ATACADAO SP;ATIVO 
310 ATACADAO - OSASCO CENTRO;SACOLA 38X48;ATACADAO SP;ATIVO 
310 ATACADAO - OSASCO CENTRO;SACOLA 38X48 ;ATACADAO SP;ATIVO 
310 ATACADAO - OSASCO CENTRO;SACOLA VERDE 38X50;ATACADAO SP;ATIVO 
310 ATACADAO - OSASCO CENTRO;SACOLA VERDE 40X50;ATACADAO SP;ATIVO 
312 ATACADAO - PIRITUBA;BOBINA 20X30;ATACADAO SP;ATIVO 
312 ATACADAO - PIRITUBA;BOBINA 25X35;ATACADAO SP;ATIVO 
312 ATACADAO - PIRITUBA;BOBINA 30X40;ATACADAO SP;ATIVO 
312 ATACADAO - PIRITUBA;BRAMIL LIXO 100L;ATACADAO SP;ATIVO 
312 ATACADAO - PIRITUBA;BRAMIL LIXO 100L REF ;ATACADAO SP;ATIVO 
312 ATACADAO - PIRITUBA;BRAMIL LIXO 15L;ATACADAO SP;ATIVO 
312 ATACADAO - PIRITUBA;BRAMIL LIXO 200L REF ;ATACADAO SP;ATIVO 
312 ATACADAO - PIRITUBA;BRAMIL LIXO 30L;ATACADAO SP;ATIVO 
312 ATACADAO - PIRITUBA;BRAMIL LIXO 50L ;ATACADAO SP;ATIVO 
312 ATACADAO - PIRITUBA;ECONOMICO 100L;ATACADAO SP;ATIVO 
312 ATACADAO - PIRITUBA;ECONOMICO 100L ;ATACADAO SP;ATIVO 
312 ATACADAO - PIRITUBA;ECONOMICO 15L;ATACADAO SP;ATIVO 
312 ATACADAO - PIRITUBA;ECONOMICO 30L;ATACADAO SP;ATIVO 
312 ATACADAO - PIRITUBA;ECONOMICO 50L;ATACADAO SP;ATIVO 
312 ATACADAO - PIRITUBA;HIPERROLL 100L;ATACADAO SP;ATIVO 
312 ATACADAO - PIRITUBA;HIPERROLL 15L;ATACADAO SP;ATIVO 
312 ATACADAO - PIRITUBA;HIPERROLL 30L;ATACADAO SP;ATIVO 
312 ATACADAO - PIRITUBA;HIPERROLL 50L;ATACADAO SP;ATIVO 
312 ATACADAO - PIRITUBA;REFORCADO 100L;ATACADAO SP;ATIVO 
312 ATACADAO - PIRITUBA;REFORCADO 200L;ATACADAO SP;ATIVO 
312 ATACADAO - PIRITUBA;SACOLA 29X39;ATACADAO SP;ATIVO 
312 ATACADAO - PIRITUBA;SACOLA 29X39 ;ATACADAO SP;ATIVO 
312 ATACADAO - PIRITUBA;SACOLA 38X48;ATACADAO SP;ATIVO 
312 ATACADAO - PIRITUBA;SACOLA 38X48 ;ATACADAO SP;ATIVO 
312 ATACADAO - PIRITUBA;SACOLA VERDE 38X50;ATACADAO SP;ATIVO 
312 ATACADAO - PIRITUBA;SACOLA VERDE 40X50;ATACADAO SP;ATIVO 
320 ATACADAO - TABOAO DA SERRA CENTRO;BOBINA 20X30;ATACADAO SP;ATIVO 
320 ATACADAO - TABOAO DA SERRA CENTRO;BOBINA 25X35;ATACADAO SP;ATIVO 
320 ATACADAO - TABOAO DA SERRA CENTRO;BOBINA 30X40;ATACADAO SP;ATIVO 
320 ATACADAO - TABOAO DA SERRA CENTRO;BRAMIL LIXO 100L;ATACADAO SP;ATIVO 
320 ATACADAO - TABOAO DA SERRA CENTRO;BRAMIL LIXO 100L REF ;ATACADAO SP;ATIVO 
320 ATACADAO - TABOAO DA SERRA CENTRO;BRAMIL LIXO 15L;ATACADAO SP;ATIVO 
320 ATACADAO - TABOAO DA SERRA CENTRO;BRAMIL LIXO 200L REF ;ATACADAO SP;ATIVO 
320 ATACADAO - TABOAO DA SERRA CENTRO;BRAMIL LIXO 30L;ATACADAO SP;ATIVO 
320 ATACADAO - TABOAO DA SERRA CENTRO;BRAMIL LIXO 50L ;ATACADAO SP;ATIVO 
320 ATACADAO - TABOAO DA SERRA CENTRO;ECONOMICO 100L;ATACADAO SP;ATIVO 
320 ATACADAO - TABOAO DA SERRA CENTRO;ECONOMICO 100L ;ATACADAO SP;ATIVO 
320 ATACADAO - TABOAO DA SERRA CENTRO;ECONOMICO 15L;ATACADAO SP;ATIVO 
320 ATACADAO - TABOAO DA SERRA CENTRO;ECONOMICO 30L;ATACADAO SP;ATIVO 
320 ATACADAO - TABOAO DA SERRA CENTRO;ECONOMICO 50L;ATACADAO SP;ATIVO 
320 ATACADAO - TABOAO DA SERRA CENTRO;HIPERROLL 100L;ATACADAO SP;ATIVO 
320 ATACADAO - TABOAO DA SERRA CENTRO;HIPERROLL 15L;ATACADAO SP;ATIVO 
320 ATACADAO - TABOAO DA SERRA CENTRO;HIPERROLL 30L;ATACADAO SP;ATIVO 
320 ATACADAO - TABOAO DA SERRA CENTRO;HIPERROLL 50L;ATACADAO SP;ATIVO 
320 ATACADAO - TABOAO DA SERRA CENTRO;REFORCADO 100L;ATACADAO SP;ATIVO 
320 ATACADAO - TABOAO DA SERRA CENTRO;REFORCADO 200L;ATACADAO SP;ATIVO 
320 ATACADAO - TABOAO DA SERRA CENTRO;SACOLA 29X39;ATACADAO SP;ATIVO 
320 ATACADAO - TABOAO DA SERRA CENTRO;SACOLA 29X39 ;ATACADAO SP;ATIVO 
320 ATACADAO - TABOAO DA SERRA CENTRO;SACOLA 38X48;ATACADAO SP;ATIVO 
320 ATACADAO - TABOAO DA SERRA CENTRO;SACOLA 38X48 ;ATACADAO SP;ATIVO 
320 ATACADAO - TABOAO DA SERRA CENTRO;SACOLA VERDE 38X50;ATACADAO SP;ATIVO 
320 ATACADAO - TABOAO DA SERRA CENTRO;SACOLA VERDE 40X50;ATACADAO SP;ATIVO 
321 ATACADAO - TABOAO DA SERRA RUA DO TESOURO;BOBINA 20X30;ATACADAO SP;ATIVO 
321 ATACADAO - TABOAO DA SERRA RUA DO TESOURO;BOBINA 25X35;ATACADAO SP;ATIVO 
321 ATACADAO - TABOAO DA SERRA RUA DO TESOURO;BOBINA 30X40;ATACADAO SP;ATIVO 
321 ATACADAO - TABOAO DA SERRA RUA DO TESOURO;BRAMIL LIXO 100L;ATACADAO SP;ATIVO 
321 ATACADAO - TABOAO DA SERRA RUA DO TESOURO;BRAMIL LIXO 100L REF ;ATACADAO SP;ATIVO 
321 ATACADAO - TABOAO DA SERRA RUA DO TESOURO;BRAMIL LIXO 15L;ATACADAO SP;ATIVO 
321 ATACADAO - TABOAO DA SERRA RUA DO TESOURO;BRAMIL LIXO 200L REF ;ATACADAO SP;ATIVO 
321 ATACADAO - TABOAO DA SERRA RUA DO TESOURO;BRAMIL LIXO 30L;ATACADAO SP;ATIVO 
321 ATACADAO - TABOAO DA SERRA RUA DO TESOURO;BRAMIL LIXO 50L ;ATACADAO SP;ATIVO 
321 ATACADAO - TABOAO DA SERRA RUA DO TESOURO;ECONOMICO 100L;ATACADAO SP;ATIVO 
321 ATACADAO - TABOAO DA SERRA RUA DO TESOURO;ECONOMICO 100L ;ATACADAO SP;ATIVO 
321 ATACADAO - TABOAO DA SERRA RUA DO TESOURO;ECONOMICO 15L;ATACADAO SP;ATIVO 
321 ATACADAO - TABOAO DA SERRA RUA DO TESOURO;ECONOMICO 30L;ATACADAO SP;ATIVO 
321 ATACADAO - TABOAO DA SERRA RUA DO TESOURO;ECONOMICO 50L;ATACADAO SP;ATIVO 
321 ATACADAO - TABOAO DA SERRA RUA DO TESOURO;HIPERROLL 100L;ATACADAO SP;ATIVO 
321 ATACADAO - TABOAO DA SERRA RUA DO TESOURO;HIPERROLL 15L;ATACADAO SP;ATIVO 
321 ATACADAO - TABOAO DA SERRA RUA DO TESOURO;HIPERROLL 30L;ATACADAO SP;ATIVO 
321 ATACADAO - TABOAO DA SERRA RUA DO TESOURO;HIPERROLL 50L;ATACADAO SP;ATIVO 
321 ATACADAO - TABOAO DA SERRA RUA DO TESOURO;REFORCADO 100L;ATACADAO SP;ATIVO 
321 ATACADAO - TABOAO DA SERRA RUA DO TESOURO;REFORCADO 200L;ATACADAO SP;ATIVO 
321 ATACADAO - TABOAO DA SERRA RUA DO TESOURO;SACOLA 29X39;ATACADAO SP;ATIVO 
321 ATACADAO - TABOAO DA SERRA RUA DO TESOURO;SACOLA 29X39 ;ATACADAO SP;ATIVO 
321 ATACADAO - TABOAO DA SERRA RUA DO TESOURO;SACOLA 38X48;ATACADAO SP;ATIVO 
321 ATACADAO - TABOAO DA SERRA RUA DO TESOURO;SACOLA 38X48 ;ATACADAO SP;ATIVO 
321 ATACADAO - TABOAO DA SERRA RUA DO TESOURO;SACOLA VERDE 38X50;ATACADAO SP;ATIVO 
321 ATACADAO - TABOAO DA SERRA RUA DO TESOURO;SACOLA VERDE 40X50;ATACADAO SP;ATIVO 
322 ATACADAO - TAIPAS;BOBINA 20X30;ATACADAO SP;ATIVO 
322 ATACADAO - TAIPAS;BOBINA 25X35;ATACADAO SP;ATIVO 
322 ATACADAO - TAIPAS;BOBINA 30X40;ATACADAO SP;ATIVO 
322 ATACADAO - TAIPAS;BRAMIL LIXO 100L;ATACADAO SP;ATIVO 
322 ATACADAO - TAIPAS;BRAMIL LIXO 100L REF ;ATACADAO SP;ATIVO 
322 ATACADAO - TAIPAS;BRAMIL LIXO 15L;ATACADAO SP;ATIVO 
322 ATACADAO - TAIPAS;BRAMIL LIXO 200L REF ;ATACADAO SP;ATIVO 
322 ATACADAO - TAIPAS;BRAMIL LIXO 30L;ATACADAO SP;ATIVO 
322 ATACADAO - TAIPAS;BRAMIL LIXO 50L ;ATACADAO SP;ATIVO 
322 ATACADAO - TAIPAS;ECONOMICO 100L;ATACADAO SP;ATIVO 
322 ATACADAO - TAIPAS;ECONOMICO 100L ;ATACADAO SP;ATIVO 
322 ATACADAO - TAIPAS;ECONOMICO 15L;ATACADAO SP;ATIVO 
322 ATACADAO - TAIPAS;ECONOMICO 30L;ATACADAO SP;ATIVO 
322 ATACADAO - TAIPAS;ECONOMICO 50L;ATACADAO SP;ATIVO 
322 ATACADAO - TAIPAS;HIPERROLL 100L;ATACADAO SP;ATIVO 
322 ATACADAO - TAIPAS;HIPERROLL 15L;ATACADAO SP;ATIVO 
322 ATACADAO - TAIPAS;HIPERROLL 30L;ATACADAO SP;ATIVO 
322 ATACADAO - TAIPAS;HIPERROLL 50L;ATACADAO SP;ATIVO 
322 ATACADAO - TAIPAS;REFORCADO 100L;ATACADAO SP;ATIVO 
322 ATACADAO - TAIPAS;REFORCADO 200L;ATACADAO SP;ATIVO 
322 ATACADAO - TAIPAS;SACOLA 29X39;ATACADAO SP;ATIVO 
322 ATACADAO - TAIPAS;SACOLA 29X39 ;ATACADAO SP;ATIVO 
322 ATACADAO - TAIPAS;SACOLA 38X48;ATACADAO SP;ATIVO 
322 ATACADAO - TAIPAS;SACOLA 38X48 ;ATACADAO SP;ATIVO 
322 ATACADAO - TAIPAS;SACOLA VERDE 38X50;ATACADAO SP;ATIVO 
322 ATACADAO - TAIPAS;SACOLA VERDE 40X50;ATACADAO SP;ATIVO 
325 ATACADAO - VILA LOBOS;BOBINA 20X30;ATACADAO SP;ATIVO 
325 ATACADAO - VILA LOBOS;BOBINA 25X35;ATACADAO SP;ATIVO 
325 ATACADAO - VILA LOBOS;BOBINA 30X40;ATACADAO SP;ATIVO 
325 ATACADAO - VILA LOBOS;BRAMIL LIXO 100L;ATACADAO SP;ATIVO 
325 ATACADAO - VILA LOBOS;BRAMIL LIXO 100L REF ;ATACADAO SP;ATIVO 
325 ATACADAO - VILA LOBOS;BRAMIL LIXO 15L;ATACADAO SP;ATIVO 
325 ATACADAO - VILA LOBOS;BRAMIL LIXO 200L REF ;ATACADAO SP;ATIVO 
325 ATACADAO - VILA LOBOS;BRAMIL LIXO 30L;ATACADAO SP;ATIVO 
325 ATACADAO - VILA LOBOS;BRAMIL LIXO 50L ;ATACADAO SP;ATIVO 
325 ATACADAO - VILA LOBOS;ECONOMICO 100L;ATACADAO SP;ATIVO 
325 ATACADAO - VILA LOBOS;ECONOMICO 100L ;ATACADAO SP;ATIVO 
325 ATACADAO - VILA LOBOS;ECONOMICO 15L;ATACADAO SP;ATIVO 
325 ATACADAO - VILA LOBOS;ECONOMICO 30L;ATACADAO SP;ATIVO 
325 ATACADAO - VILA LOBOS;ECONOMICO 50L;ATACADAO SP;ATIVO 
325 ATACADAO - VILA LOBOS;HIPERROLL 100L;ATACADAO SP;ATIVO 
325 ATACADAO - VILA LOBOS;HIPERROLL 15L;ATACADAO SP;ATIVO 
325 ATACADAO - VILA LOBOS;HIPERROLL 30L;ATACADAO SP;ATIVO 
325 ATACADAO - VILA LOBOS;HIPERROLL 50L;ATACADAO SP;ATIVO 
325 ATACADAO - VILA LOBOS;REFORCADO 100L;ATACADAO SP;ATIVO 
325 ATACADAO - VILA LOBOS;REFORCADO 200L;ATACADAO SP;ATIVO 
325 ATACADAO - VILA LOBOS;SACOLA 29X39;ATACADAO SP;ATIVO 
325 ATACADAO - VILA LOBOS;SACOLA 29X39 ;ATACADAO SP;ATIVO 
325 ATACADAO - VILA LOBOS;SACOLA 38X48;ATACADAO SP;ATIVO 
325 ATACADAO - VILA LOBOS;SACOLA 38X48 ;ATACADAO SP;ATIVO 
325 ATACADAO - VILA LOBOS;SACOLA VERDE 38X50;ATACADAO SP;ATIVO 
325 ATACADAO - VILA LOBOS;SACOLA VERDE 40X50;ATACADAO SP;ATIVO 
240 ATACADAO - FERRAZ DE VASCONCELOS;BOBINA 20X30;ATACADAO SP;ATIVO 
240 ATACADAO - FERRAZ DE VASCONCELOS;BOBINA 25X35;ATACADAO SP;ATIVO 
240 ATACADAO - FERRAZ DE VASCONCELOS;BOBINA 30X40;ATACADAO SP;ATIVO 
240 ATACADAO - FERRAZ DE VASCONCELOS;BRAMIL LIXO 100L;ATACADAO SP;ATIVO 
240 ATACADAO - FERRAZ DE VASCONCELOS;BRAMIL LIXO 100L REF ;ATACADAO SP;ATIVO 
240 ATACADAO - FERRAZ DE VASCONCELOS;BRAMIL LIXO 15L;ATACADAO SP;ATIVO 
240 ATACADAO - FERRAZ DE VASCONCELOS;BRAMIL LIXO 200L REF ;ATACADAO SP;ATIVO 
240 ATACADAO - FERRAZ DE VASCONCELOS;BRAMIL LIXO 30L;ATACADAO SP;ATIVO 
240 ATACADAO - FERRAZ DE VASCONCELOS;BRAMIL LIXO 50L ;ATACADAO SP;ATIVO 
240 ATACADAO - FERRAZ DE VASCONCELOS;ECONOMICO 100L;ATACADAO SP;ATIVO 
240 ATACADAO - FERRAZ DE VASCONCELOS;ECONOMICO 100L ;ATACADAO SP;ATIVO 
240 ATACADAO - FERRAZ DE VASCONCELOS;ECONOMICO 15L;ATACADAO SP;ATIVO 
240 ATACADAO - FERRAZ DE VASCONCELOS;ECONOMICO 30L;ATACADAO SP;ATIVO 
240 ATACADAO - FERRAZ DE VASCONCELOS;ECONOMICO 50L;ATACADAO SP;ATIVO 
240 ATACADAO - FERRAZ DE VASCONCELOS;HIPERROLL 100L;ATACADAO SP;ATIVO 
240 ATACADAO - FERRAZ DE VASCONCELOS;HIPERROLL 15L;ATACADAO SP;ATIVO 
240 ATACADAO - FERRAZ DE VASCONCELOS;HIPERROLL 30L;ATACADAO SP;ATIVO 
240 ATACADAO - FERRAZ DE VASCONCELOS;HIPERROLL 50L;ATACADAO SP;ATIVO 
240 ATACADAO - FERRAZ DE VASCONCELOS;REFORCADO 100L;ATACADAO SP;ATIVO 
240 ATACADAO - FERRAZ DE VASCONCELOS;REFORCADO 200L;ATACADAO SP;ATIVO 
240 ATACADAO - FERRAZ DE VASCONCELOS;SACOLA 29X39;ATACADAO SP;ATIVO 
240 ATACADAO - FERRAZ DE VASCONCELOS;SACOLA 29X39 ;ATACADAO SP;ATIVO 
240 ATACADAO - FERRAZ DE VASCONCELOS;SACOLA 38X48;ATACADAO SP;ATIVO 
240 ATACADAO - FERRAZ DE VASCONCELOS;SACOLA 38X48 ;ATACADAO SP;ATIVO 
240 ATACADAO - FERRAZ DE VASCONCELOS;SACOLA VERDE 38X50;ATACADAO SP;ATIVO 
240 ATACADAO - FERRAZ DE VASCONCELOS;SACOLA VERDE 40X50;ATACADAO SP;ATIVO 
241 ATACADAO - SAO MIGUEL;BOBINA 20X30;ATACADAO SP;ATIVO 
241 ATACADAO - SAO MIGUEL;BOBINA 25X35;ATACADAO SP;ATIVO 
241 ATACADAO - SAO MIGUEL;BOBINA 30X40;ATACADAO SP;ATIVO 
241 ATACADAO - SAO MIGUEL;BRAMIL LIXO 100L;ATACADAO SP;ATIVO 
241 ATACADAO - SAO MIGUEL;BRAMIL LIXO 100L REF ;ATACADAO SP;ATIVO 
241 ATACADAO - SAO MIGUEL;BRAMIL LIXO 15L;ATACADAO SP;ATIVO 
241 ATACADAO - SAO MIGUEL;BRAMIL LIXO 200L REF ;ATACADAO SP;ATIVO 
241 ATACADAO - SAO MIGUEL;BRAMIL LIXO 30L;ATACADAO SP;ATIVO 
241 ATACADAO - SAO MIGUEL;BRAMIL LIXO 50L ;ATACADAO SP;ATIVO 
241 ATACADAO - SAO MIGUEL;ECONOMICO 100L;ATACADAO SP;ATIVO 
241 ATACADAO - SAO MIGUEL;ECONOMICO 100L ;ATACADAO SP;ATIVO 
241 ATACADAO - SAO MIGUEL;ECONOMICO 15L;ATACADAO SP;ATIVO 
241 ATACADAO - SAO MIGUEL;ECONOMICO 30L;ATACADAO SP;ATIVO 
241 ATACADAO - SAO MIGUEL;ECONOMICO 50L;ATACADAO SP;ATIVO 
241 ATACADAO - SAO MIGUEL;HIPERROLL 100L;ATACADAO SP;ATIVO 
241 ATACADAO - SAO MIGUEL;HIPERROLL 15L;ATACADAO SP;ATIVO 
241 ATACADAO - SAO MIGUEL;HIPERROLL 30L;ATACADAO SP;ATIVO 
241 ATACADAO - SAO MIGUEL;HIPERROLL 50L;ATACADAO SP;ATIVO 
241 ATACADAO - SAO MIGUEL;REFORCADO 100L;ATACADAO SP;ATIVO 
241 ATACADAO - SAO MIGUEL;REFORCADO 200L;ATACADAO SP;ATIVO 
241 ATACADAO - SAO MIGUEL;SACOLA 29X39;ATACADAO SP;ATIVO 
241 ATACADAO - SAO MIGUEL;SACOLA 29X39 ;ATACADAO SP;ATIVO 
241 ATACADAO - SAO MIGUEL;SACOLA 38X48;ATACADAO SP;ATIVO 
241 ATACADAO - SAO MIGUEL;SACOLA 38X48 ;ATACADAO SP;ATIVO 
241 ATACADAO - SAO MIGUEL;SACOLA VERDE 38X50;ATACADAO SP;ATIVO 
241 ATACADAO - SAO MIGUEL;SACOLA VERDE 40X50;ATACADAO SP;ATIVO 
242 ATACADAO - SUZANO;BOBINA 20X30;ATACADAO SP;ATIVO 
242 ATACADAO - SUZANO;BOBINA 25X35;ATACADAO SP;ATIVO 
242 ATACADAO - SUZANO;BOBINA 30X40;ATACADAO SP;ATIVO 
242 ATACADAO - SUZANO;BRAMIL LIXO 100L;ATACADAO SP;ATIVO 
242 ATACADAO - SUZANO;BRAMIL LIXO 100L REF ;ATACADAO SP;ATIVO 
242 ATACADAO - SUZANO;BRAMIL LIXO 15L;ATACADAO SP;ATIVO 
242 ATACADAO - SUZANO;BRAMIL LIXO 200L REF ;ATACADAO SP;ATIVO 
242 ATACADAO - SUZANO;BRAMIL LIXO 30L;ATACADAO SP;ATIVO 
242 ATACADAO - SUZANO;BRAMIL LIXO 50L ;ATACADAO SP;ATIVO 
242 ATACADAO - SUZANO;ECONOMICO 100L;ATACADAO SP;ATIVO 
242 ATACADAO - SUZANO;ECONOMICO 100L ;ATACADAO SP;ATIVO 
242 ATACADAO - SUZANO;ECONOMICO 15L;ATACADAO SP;ATIVO 
242 ATACADAO - SUZANO;ECONOMICO 30L;ATACADAO SP;ATIVO 
242 ATACADAO - SUZANO;ECONOMICO 50L;ATACADAO SP;ATIVO 
242 ATACADAO - SUZANO;HIPERROLL 100L;ATACADAO SP;ATIVO 
242 ATACADAO - SUZANO;HIPERROLL 15L;ATACADAO SP;ATIVO 
242 ATACADAO - SUZANO;HIPERROLL 30L;ATACADAO SP;ATIVO 
242 ATACADAO - SUZANO;HIPERROLL 50L;ATACADAO SP;ATIVO 
242 ATACADAO - SUZANO;REFORCADO 100L;ATACADAO SP;ATIVO 
242 ATACADAO - SUZANO;REFORCADO 200L;ATACADAO SP;ATIVO 
242 ATACADAO - SUZANO;SACOLA 29X39;ATACADAO SP;ATIVO 
242 ATACADAO - SUZANO;SACOLA 29X39 ;ATACADAO SP;ATIVO 
242 ATACADAO - SUZANO;SACOLA 38X48;ATACADAO SP;ATIVO 
242 ATACADAO - SUZANO;SACOLA 38X48 ;ATACADAO SP;ATIVO 
242 ATACADAO - SUZANO;SACOLA VERDE 38X50;ATACADAO SP;ATIVO 
242 ATACADAO - SUZANO;SACOLA VERDE 40X50;ATACADAO SP;ATIVO 
243 ATACADAO - MAUA;BOBINA 20X30;ATACADAO SP;ATIVO 
243 ATACADAO - MAUA;BOBINA 25X35;ATACADAO SP;ATIVO 
243 ATACADAO - MAUA;BOBINA 30X40;ATACADAO SP;ATIVO 
243 ATACADAO - MAUA;BRAMIL LIXO 100L;ATACADAO SP;ATIVO 
243 ATACADAO - MAUA;BRAMIL LIXO 100L REF ;ATACADAO SP;ATIVO 
243 ATACADAO - MAUA;BRAMIL LIXO 15L;ATACADAO SP;ATIVO 
243 ATACADAO - MAUA;BRAMIL LIXO 200L REF ;ATACADAO SP;ATIVO 
243 ATACADAO - MAUA;BRAMIL LIXO 30L;ATACADAO SP;ATIVO 
243 ATACADAO - MAUA;BRAMIL LIXO 50L ;ATACADAO SP;ATIVO 
243 ATACADAO - MAUA;ECONOMICO 100L;ATACADAO SP;ATIVO 
243 ATACADAO - MAUA;ECONOMICO 100L ;ATACADAO SP;ATIVO 
243 ATACADAO - MAUA;ECONOMICO 15L;ATACADAO SP;ATIVO 
243 ATACADAO - MAUA;ECONOMICO 30L;ATACADAO SP;ATIVO 
243 ATACADAO - MAUA;ECONOMICO 50L;ATACADAO SP;ATIVO 
243 ATACADAO - MAUA;HIPERROLL 100L;ATACADAO SP;ATIVO 
243 ATACADAO - MAUA;HIPERROLL 15L;ATACADAO SP;ATIVO 
243 ATACADAO - MAUA;HIPERROLL 30L;ATACADAO SP;ATIVO 
243 ATACADAO - MAUA;HIPERROLL 50L;ATACADAO SP;ATIVO 
243 ATACADAO - MAUA;REFORCADO 100L;ATACADAO SP;ATIVO 
243 ATACADAO - MAUA;REFORCADO 200L;ATACADAO SP;ATIVO 
243 ATACADAO - MAUA;SACOLA 29X39;ATACADAO SP;ATIVO 
243 ATACADAO - MAUA;SACOLA 29X39 ;ATACADAO SP;ATIVO 
243 ATACADAO - MAUA;SACOLA 38X48;ATACADAO SP;ATIVO 
243 ATACADAO - MAUA;SACOLA 38X48 ;ATACADAO SP;ATIVO 
243 ATACADAO - MAUA;SACOLA VERDE 38X50;ATACADAO SP;ATIVO 
243 ATACADAO - MAUA;SACOLA VERDE 40X50;ATACADAO SP;ATIVO 
244 ATACADAO - MAUA JOAO RAMALHO;BOBINA 20X30;ATACADAO SP;ATIVO 
244 ATACADAO - MAUA JOAO RAMALHO;BOBINA 25X35;ATACADAO SP;ATIVO 
244 ATACADAO - MAUA JOAO RAMALHO;BOBINA 30X40;ATACADAO SP;ATIVO 
244 ATACADAO - MAUA JOAO RAMALHO;BRAMIL LIXO 100L;ATACADAO SP;ATIVO 
244 ATACADAO - MAUA JOAO RAMALHO;BRAMIL LIXO 100L REF ;ATACADAO SP;ATIVO 
244 ATACADAO - MAUA JOAO RAMALHO;BRAMIL LIXO 15L;ATACADAO SP;ATIVO 
244 ATACADAO - MAUA JOAO RAMALHO;BRAMIL LIXO 200L REF ;ATACADAO SP;ATIVO 
244 ATACADAO - MAUA JOAO RAMALHO;BRAMIL LIXO 30L;ATACADAO SP;ATIVO 
244 ATACADAO - MAUA JOAO RAMALHO;BRAMIL LIXO 50L ;ATACADAO SP;ATIVO 
244 ATACADAO - MAUA JOAO RAMALHO;ECONOMICO 100L;ATACADAO SP;ATIVO 
244 ATACADAO - MAUA JOAO RAMALHO;ECONOMICO 100L ;ATACADAO SP;ATIVO 
244 ATACADAO - MAUA JOAO RAMALHO;ECONOMICO 15L;ATACADAO SP;ATIVO 
244 ATACADAO - MAUA JOAO RAMALHO;ECONOMICO 30L;ATACADAO SP;ATIVO 
244 ATACADAO - MAUA JOAO RAMALHO;ECONOMICO 50L;ATACADAO SP;ATIVO 
244 ATACADAO - MAUA JOAO RAMALHO;HIPERROLL 100L;ATACADAO SP;ATIVO 
244 ATACADAO - MAUA JOAO RAMALHO;HIPERROLL 15L;ATACADAO SP;ATIVO 
244 ATACADAO - MAUA JOAO RAMALHO;HIPERROLL 30L;ATACADAO SP;ATIVO 
244 ATACADAO - MAUA JOAO RAMALHO;HIPERROLL 50L;ATACADAO SP;ATIVO 
244 ATACADAO - MAUA JOAO RAMALHO;REFORCADO 100L;ATACADAO SP;ATIVO 
244 ATACADAO - MAUA JOAO RAMALHO;REFORCADO 200L;ATACADAO SP;ATIVO 
244 ATACADAO - MAUA JOAO RAMALHO;SACOLA 29X39;ATACADAO SP;ATIVO 
244 ATACADAO - MAUA JOAO RAMALHO;SACOLA 29X39 ;ATACADAO SP;ATIVO 
244 ATACADAO - MAUA JOAO RAMALHO;SACOLA 38X48;ATACADAO SP;ATIVO 
244 ATACADAO - MAUA JOAO RAMALHO;SACOLA 38X48 ;ATACADAO SP;ATIVO 
244 ATACADAO - MAUA JOAO RAMALHO;SACOLA VERDE 38X50;ATACADAO SP;ATIVO 
244 ATACADAO - MAUA JOAO RAMALHO;SACOLA VERDE 40X50;ATACADAO SP;ATIVO 
245 ATACADAO - RIBEIRAO PIRES;BOBINA 20X30;ATACADAO SP;ATIVO 
245 ATACADAO - RIBEIRAO PIRES;BOBINA 25X35;ATACADAO SP;ATIVO 
245 ATACADAO - RIBEIRAO PIRES;BOBINA 30X40;ATACADAO SP;ATIVO 
245 ATACADAO - RIBEIRAO PIRES;BRAMIL LIXO 100L;ATACADAO SP;ATIVO 
245 ATACADAO - RIBEIRAO PIRES;BRAMIL LIXO 100L REF ;ATACADAO SP;ATIVO 
245 ATACADAO - RIBEIRAO PIRES;BRAMIL LIXO 15L;ATACADAO SP;ATIVO 
245 ATACADAO - RIBEIRAO PIRES;BRAMIL LIXO 200L REF ;ATACADAO SP;ATIVO 
245 ATACADAO - RIBEIRAO PIRES;BRAMIL LIXO 30L;ATACADAO SP;ATIVO 
245 ATACADAO - RIBEIRAO PIRES;BRAMIL LIXO 50L ;ATACADAO SP;ATIVO 
245 ATACADAO - RIBEIRAO PIRES;ECONOMICO 100L;ATACADAO SP;ATIVO 
245 ATACADAO - RIBEIRAO PIRES;ECONOMICO 100L ;ATACADAO SP;ATIVO 
245 ATACADAO - RIBEIRAO PIRES;ECONOMICO 15L;ATACADAO SP;ATIVO 
245 ATACADAO - RIBEIRAO PIRES;ECONOMICO 30L;ATACADAO SP;ATIVO 
245 ATACADAO - RIBEIRAO PIRES;ECONOMICO 50L;ATACADAO SP;ATIVO 
245 ATACADAO - RIBEIRAO PIRES;HIPERROLL 100L;ATACADAO SP;ATIVO 
245 ATACADAO - RIBEIRAO PIRES;HIPERROLL 15L;ATACADAO SP;ATIVO 
245 ATACADAO - RIBEIRAO PIRES;HIPERROLL 30L;ATACADAO SP;ATIVO 
245 ATACADAO - RIBEIRAO PIRES;HIPERROLL 50L;ATACADAO SP;ATIVO 
245 ATACADAO - RIBEIRAO PIRES;REFORCADO 100L;ATACADAO SP;ATIVO 
245 ATACADAO - RIBEIRAO PIRES;REFORCADO 200L;ATACADAO SP;ATIVO 
245 ATACADAO - RIBEIRAO PIRES;SACOLA 29X39;ATACADAO SP;ATIVO 
245 ATACADAO - RIBEIRAO PIRES;SACOLA 29X39 ;ATACADAO SP;ATIVO 
245 ATACADAO - RIBEIRAO PIRES;SACOLA 38X48;ATACADAO SP;ATIVO 
245 ATACADAO - RIBEIRAO PIRES;SACOLA 38X48 ;ATACADAO SP;ATIVO 
245 ATACADAO - RIBEIRAO PIRES;SACOLA VERDE 38X50;ATACADAO SP;ATIVO 
245 ATACADAO - RIBEIRAO PIRES;SACOLA VERDE 40X50;ATACADAO SP;ATIVO 
246 ATACADAO - GUARULHOS AEROPORTO;BOBINA 20X30;ATACADAO SP;ATIVO 
246 ATACADAO - GUARULHOS AEROPORTO;BOBINA 25X35;ATACADAO SP;ATIVO 
246 ATACADAO - GUARULHOS AEROPORTO;BOBINA 30X40;ATACADAO SP;ATIVO 
246 ATACADAO - GUARULHOS AEROPORTO;BRAMIL LIXO 100L;ATACADAO SP;ATIVO 
246 ATACADAO - GUARULHOS AEROPORTO;BRAMIL LIXO 100L REF ;ATACADAO SP;ATIVO 
246 ATACADAO - GUARULHOS AEROPORTO;BRAMIL LIXO 15L;ATACADAO SP;ATIVO 
246 ATACADAO - GUARULHOS AEROPORTO;BRAMIL LIXO 200L REF ;ATACADAO SP;ATIVO 
246 ATACADAO - GUARULHOS AEROPORTO;BRAMIL LIXO 30L;ATACADAO SP;ATIVO 
246 ATACADAO - GUARULHOS AEROPORTO;BRAMIL LIXO 50L ;ATACADAO SP;ATIVO 
246 ATACADAO - GUARULHOS AEROPORTO;ECONOMICO 100L;ATACADAO SP;ATIVO 
246 ATACADAO - GUARULHOS AEROPORTO;ECONOMICO 100L ;ATACADAO SP;ATIVO 
246 ATACADAO - GUARULHOS AEROPORTO;ECONOMICO 15L;ATACADAO SP;ATIVO 
246 ATACADAO - GUARULHOS AEROPORTO;ECONOMICO 30L;ATACADAO SP;ATIVO 
246 ATACADAO - GUARULHOS AEROPORTO;ECONOMICO 50L;ATACADAO SP;ATIVO 
246 ATACADAO - GUARULHOS AEROPORTO;HIPERROLL 100L;ATACADAO SP;ATIVO 
246 ATACADAO - GUARULHOS AEROPORTO;HIPERROLL 15L;ATACADAO SP;ATIVO 
246 ATACADAO - GUARULHOS AEROPORTO;HIPERROLL 30L;ATACADAO SP;ATIVO 
246 ATACADAO - GUARULHOS AEROPORTO;HIPERROLL 50L;ATACADAO SP;ATIVO 
246 ATACADAO - GUARULHOS AEROPORTO;REFORCADO 100L;ATACADAO SP;ATIVO 
246 ATACADAO - GUARULHOS AEROPORTO;REFORCADO 200L;ATACADAO SP;ATIVO 
246 ATACADAO - GUARULHOS AEROPORTO;SACOLA 29X39;ATACADAO SP;ATIVO 
246 ATACADAO - GUARULHOS AEROPORTO;SACOLA 29X39 ;ATACADAO SP;ATIVO 
246 ATACADAO - GUARULHOS AEROPORTO;SACOLA 38X48;ATACADAO SP;ATIVO 
246 ATACADAO - GUARULHOS AEROPORTO;SACOLA 38X48 ;ATACADAO SP;ATIVO 
246 ATACADAO - GUARULHOS AEROPORTO;SACOLA VERDE 38X50;ATACADAO SP;ATIVO 
246 ATACADAO - GUARULHOS AEROPORTO;SACOLA VERDE 40X50;ATACADAO SP;ATIVO 
247 ATACADAO - VILA MARIA;BOBINA 20X30;ATACADAO SP;ATIVO 
247 ATACADAO - VILA MARIA;BOBINA 25X35;ATACADAO SP;ATIVO 
247 ATACADAO - VILA MARIA;BOBINA 30X40;ATACADAO SP;ATIVO 
247 ATACADAO - VILA MARIA;BRAMIL LIXO 100L;ATACADAO SP;ATIVO 
247 ATACADAO - VILA MARIA;BRAMIL LIXO 100L REF ;ATACADAO SP;ATIVO 
247 ATACADAO - VILA MARIA;BRAMIL LIXO 15L;ATACADAO SP;ATIVO 
247 ATACADAO - VILA MARIA;BRAMIL LIXO 200L REF ;ATACADAO SP;ATIVO 
247 ATACADAO - VILA MARIA;BRAMIL LIXO 30L;ATACADAO SP;ATIVO 
247 ATACADAO - VILA MARIA;BRAMIL LIXO 50L ;ATACADAO SP;ATIVO 
247 ATACADAO - VILA MARIA;ECONOMICO 100L;ATACADAO SP;ATIVO 
247 ATACADAO - VILA MARIA;ECONOMICO 100L ;ATACADAO SP;ATIVO 
247 ATACADAO - VILA MARIA;ECONOMICO 15L;ATACADAO SP;ATIVO 
247 ATACADAO - VILA MARIA;ECONOMICO 30L;ATACADAO SP;ATIVO 
247 ATACADAO - VILA MARIA;ECONOMICO 50L;ATACADAO SP;ATIVO 
247 ATACADAO - VILA MARIA;HIPERROLL 100L;ATACADAO SP;ATIVO 
247 ATACADAO - VILA MARIA;HIPERROLL 15L;ATACADAO SP;ATIVO 
247 ATACADAO - VILA MARIA;HIPERROLL 30L;ATACADAO SP;ATIVO 
247 ATACADAO - VILA MARIA;HIPERROLL 50L;ATACADAO SP;ATIVO 
247 ATACADAO - VILA MARIA;REFORCADO 100L;ATACADAO SP;ATIVO 
247 ATACADAO - VILA MARIA;REFORCADO 200L;ATACADAO SP;ATIVO 
247 ATACADAO - VILA MARIA;SACOLA 29X39;ATACADAO SP;ATIVO 
247 ATACADAO - VILA MARIA;SACOLA 29X39 ;ATACADAO SP;ATIVO 
247 ATACADAO - VILA MARIA;SACOLA 38X48;ATACADAO SP;ATIVO 
247 ATACADAO - VILA MARIA;SACOLA 38X48 ;ATACADAO SP;ATIVO 
247 ATACADAO - VILA MARIA;SACOLA VERDE 38X50;ATACADAO SP;ATIVO 
247 ATACADAO - VILA MARIA;SACOLA VERDE 40X50;ATACADAO SP;ATIVO 
249 ATACADAO - ITAQUERA;BOBINA 20X30;ATACADAO SP;ATIVO 
249 ATACADAO - ITAQUERA;BOBINA 25X35;ATACADAO SP;ATIVO 
249 ATACADAO - ITAQUERA;BOBINA 30X40;ATACADAO SP;ATIVO 
249 ATACADAO - ITAQUERA;BRAMIL LIXO 100L;ATACADAO SP;ATIVO 
249 ATACADAO - ITAQUERA;BRAMIL LIXO 100L REF ;ATACADAO SP;ATIVO 
249 ATACADAO - ITAQUERA;BRAMIL LIXO 15L;ATACADAO SP;ATIVO 
249 ATACADAO - ITAQUERA;BRAMIL LIXO 200L REF ;ATACADAO SP;ATIVO 
249 ATACADAO - ITAQUERA;BRAMIL LIXO 30L;ATACADAO SP;ATIVO 
249 ATACADAO - ITAQUERA;BRAMIL LIXO 50L ;ATACADAO SP;ATIVO 
249 ATACADAO - ITAQUERA;ECONOMICO 100L;ATACADAO SP;ATIVO 
249 ATACADAO - ITAQUERA;ECONOMICO 100L ;ATACADAO SP;ATIVO 
249 ATACADAO - ITAQUERA;ECONOMICO 15L;ATACADAO SP;ATIVO 
249 ATACADAO - ITAQUERA;ECONOMICO 30L;ATACADAO SP;ATIVO 
249 ATACADAO - ITAQUERA;ECONOMICO 50L;ATACADAO SP;ATIVO 
249 ATACADAO - ITAQUERA;HIPERROLL 100L;ATACADAO SP;ATIVO 
249 ATACADAO - ITAQUERA;HIPERROLL 15L;ATACADAO SP;ATIVO 
249 ATACADAO - ITAQUERA;HIPERROLL 30L;ATACADAO SP;ATIVO 
249 ATACADAO - ITAQUERA;HIPERROLL 50L;ATACADAO SP;ATIVO 
249 ATACADAO - ITAQUERA;REFORCADO 100L;ATACADAO SP;ATIVO 
249 ATACADAO - ITAQUERA;REFORCADO 200L;ATACADAO SP;ATIVO 
249 ATACADAO - ITAQUERA;SACOLA 29X39;ATACADAO SP;ATIVO 
249 ATACADAO - ITAQUERA;SACOLA 29X39 ;ATACADAO SP;ATIVO 
249 ATACADAO - ITAQUERA;SACOLA 38X48;ATACADAO SP;ATIVO 
249 ATACADAO - ITAQUERA;SACOLA 38X48 ;ATACADAO SP;ATIVO 
249 ATACADAO - ITAQUERA;SACOLA VERDE 38X50;ATACADAO SP;ATIVO 
249 ATACADAO - ITAQUERA;SACOLA VERDE 40X50;ATACADAO SP;ATIVO 
250 ATACADAO - PRAIA GRANDE;BOBINA 20X30;ATACADAO SP;ATIVO 
250 ATACADAO - PRAIA GRANDE;BOBINA 25X35;ATACADAO SP;ATIVO 
250 ATACADAO - PRAIA GRANDE;BOBINA 30X40;ATACADAO SP;ATIVO 
250 ATACADAO - PRAIA GRANDE;BRAMIL LIXO 100L;ATACADAO SP;ATIVO 
250 ATACADAO - PRAIA GRANDE;BRAMIL LIXO 100L REF ;ATACADAO SP;ATIVO 
250 ATACADAO - PRAIA GRANDE;BRAMIL LIXO 15L;ATACADAO SP;ATIVO 
250 ATACADAO - PRAIA GRANDE;BRAMIL LIXO 200L REF ;ATACADAO SP;ATIVO 
250 ATACADAO - PRAIA GRANDE;BRAMIL LIXO 30L;ATACADAO SP;ATIVO 
250 ATACADAO - PRAIA GRANDE;BRAMIL LIXO 50L ;ATACADAO SP;ATIVO 
250 ATACADAO - PRAIA GRANDE;ECONOMICO 100L;ATACADAO SP;ATIVO 
250 ATACADAO - PRAIA GRANDE;ECONOMICO 100L ;ATACADAO SP;ATIVO 
250 ATACADAO - PRAIA GRANDE;ECONOMICO 15L;ATACADAO SP;ATIVO 
250 ATACADAO - PRAIA GRANDE;ECONOMICO 30L;ATACADAO SP;ATIVO 
250 ATACADAO - PRAIA GRANDE;ECONOMICO 50L;ATACADAO SP;ATIVO 
250 ATACADAO - PRAIA GRANDE;HIPERROLL 100L;ATACADAO SP;ATIVO 
250 ATACADAO - PRAIA GRANDE;HIPERROLL 15L;ATACADAO SP;ATIVO 
250 ATACADAO - PRAIA GRANDE;HIPERROLL 30L;ATACADAO SP;ATIVO 
250 ATACADAO - PRAIA GRANDE;HIPERROLL 50L;ATACADAO SP;ATIVO 
250 ATACADAO - PRAIA GRANDE;REFORCADO 100L;ATACADAO SP;ATIVO 
250 ATACADAO - PRAIA GRANDE;REFORCADO 200L;ATACADAO SP;ATIVO 
250 ATACADAO - PRAIA GRANDE;SACOLA 29X39;ATACADAO SP;ATIVO 
250 ATACADAO - PRAIA GRANDE;SACOLA 29X39 ;ATACADAO SP;ATIVO 
250 ATACADAO - PRAIA GRANDE;SACOLA 38X48;ATACADAO SP;ATIVO 
250 ATACADAO - PRAIA GRANDE;SACOLA 38X48 ;ATACADAO SP;ATIVO 
250 ATACADAO - PRAIA GRANDE;SACOLA VERDE 38X50;ATACADAO SP;ATIVO 
250 ATACADAO - PRAIA GRANDE;SACOLA VERDE 40X50;ATACADAO SP;ATIVO 
251 ATACADAO - SANTOS;BOBINA 20X30;ATACADAO SP;ATIVO 
251 ATACADAO - SANTOS;BOBINA 25X35;ATACADAO SP;ATIVO 
251 ATACADAO - SANTOS;BOBINA 30X40;ATACADAO SP;ATIVO 
251 ATACADAO - SANTOS;BRAMIL LIXO 100L;ATACADAO SP;ATIVO 
251 ATACADAO - SANTOS;BRAMIL LIXO 100L REF ;ATACADAO SP;ATIVO 
251 ATACADAO - SANTOS;BRAMIL LIXO 15L;ATACADAO SP;ATIVO 
251 ATACADAO - SANTOS;BRAMIL LIXO 200L REF ;ATACADAO SP;ATIVO 
251 ATACADAO - SANTOS;BRAMIL LIXO 30L;ATACADAO SP;ATIVO 
251 ATACADAO - SANTOS;BRAMIL LIXO 50L ;ATACADAO SP;ATIVO 
251 ATACADAO - SANTOS;ECONOMICO 100L;ATACADAO SP;ATIVO 
251 ATACADAO - SANTOS;ECONOMICO 100L ;ATACADAO SP;ATIVO 
251 ATACADAO - SANTOS;ECONOMICO 15L;ATACADAO SP;ATIVO 
251 ATACADAO - SANTOS;ECONOMICO 30L;ATACADAO SP;ATIVO 
251 ATACADAO - SANTOS;ECONOMICO 50L;ATACADAO SP;ATIVO 
251 ATACADAO - SANTOS;HIPERROLL 100L;ATACADAO SP;ATIVO 
251 ATACADAO - SANTOS;HIPERROLL 15L;ATACADAO SP;ATIVO 
251 ATACADAO - SANTOS;HIPERROLL 30L;ATACADAO SP;ATIVO 
251 ATACADAO - SANTOS;HIPERROLL 50L;ATACADAO SP;ATIVO 
251 ATACADAO - SANTOS;REFORCADO 100L;ATACADAO SP;ATIVO 
251 ATACADAO - SANTOS;REFORCADO 200L;ATACADAO SP;ATIVO 
251 ATACADAO - SANTOS;SACOLA 29X39;ATACADAO SP;ATIVO 
251 ATACADAO - SANTOS;SACOLA 29X39 ;ATACADAO SP;ATIVO 
251 ATACADAO - SANTOS;SACOLA 38X48;ATACADAO SP;ATIVO 
251 ATACADAO - SANTOS;SACOLA 38X48 ;ATACADAO SP;ATIVO 
251 ATACADAO - SANTOS;SACOLA VERDE 38X50;ATACADAO SP;ATIVO 
251 ATACADAO - SANTOS;SACOLA VERDE 40X50;ATACADAO SP;ATIVO 
252 ATACADAO - GUARUJA;BOBINA 20X30;ATACADAO SP;ATIVO 
252 ATACADAO - GUARUJA;BOBINA 25X35;ATACADAO SP;ATIVO 
252 ATACADAO - GUARUJA;BOBINA 30X40;ATACADAO SP;ATIVO 
252 ATACADAO - GUARUJA;BRAMIL LIXO 100L;ATACADAO SP;ATIVO 
252 ATACADAO - GUARUJA;BRAMIL LIXO 100L REF ;ATACADAO SP;ATIVO 
252 ATACADAO - GUARUJA;BRAMIL LIXO 15L;ATACADAO SP;ATIVO 
252 ATACADAO - GUARUJA;BRAMIL LIXO 200L REF ;ATACADAO SP;ATIVO 
252 ATACADAO - GUARUJA;BRAMIL LIXO 30L;ATACADAO SP;ATIVO 
252 ATACADAO - GUARUJA;BRAMIL LIXO 50L ;ATACADAO SP;ATIVO 
252 ATACADAO - GUARUJA;ECONOMICO 100L;ATACADAO SP;ATIVO 
252 ATACADAO - GUARUJA;ECONOMICO 100L ;ATACADAO SP;ATIVO 
252 ATACADAO - GUARUJA;ECONOMICO 15L;ATACADAO SP;ATIVO 
252 ATACADAO - GUARUJA;ECONOMICO 30L;ATACADAO SP;ATIVO 
252 ATACADAO - GUARUJA;ECONOMICO 50L;ATACADAO SP;ATIVO 
252 ATACADAO - GUARUJA;HIPERROLL 100L;ATACADAO SP;ATIVO 
252 ATACADAO - GUARUJA;HIPERROLL 15L;ATACADAO SP;ATIVO 
252 ATACADAO - GUARUJA;HIPERROLL 30L;ATACADAO SP;ATIVO 
252 ATACADAO - GUARUJA;HIPERROLL 50L;ATACADAO SP;ATIVO 
252 ATACADAO - GUARUJA;REFORCADO 100L;ATACADAO SP;ATIVO 
252 ATACADAO - GUARUJA;REFORCADO 200L;ATACADAO SP;ATIVO 
252 ATACADAO - GUARUJA;SACOLA 29X39;ATACADAO SP;ATIVO 
252 ATACADAO - GUARUJA;SACOLA 29X39 ;ATACADAO SP;ATIVO 
252 ATACADAO - GUARUJA;SACOLA 38X48;ATACADAO SP;ATIVO 
252 ATACADAO - GUARUJA;SACOLA 38X48 ;ATACADAO SP;ATIVO 
252 ATACADAO - GUARUJA;SACOLA VERDE 38X50;ATACADAO SP;ATIVO 
252 ATACADAO - GUARUJA;SACOLA VERDE 40X50;ATACADAO SP;ATIVO 
253 ATACADAO - ARICANDUVA;BOBINA 20X30;ATACADAO SP;ATIVO 
253 ATACADAO - ARICANDUVA;BOBINA 25X35;ATACADAO SP;ATIVO 
253 ATACADAO - ARICANDUVA;BOBINA 30X40;ATACADAO SP;ATIVO 
253 ATACADAO - ARICANDUVA;BRAMIL LIXO 100L;ATACADAO SP;ATIVO 
253 ATACADAO - ARICANDUVA;BRAMIL LIXO 100L REF ;ATACADAO SP;ATIVO 
253 ATACADAO - ARICANDUVA;BRAMIL LIXO 15L;ATACADAO SP;ATIVO 
253 ATACADAO - ARICANDUVA;BRAMIL LIXO 200L REF ;ATACADAO SP;ATIVO 
253 ATACADAO - ARICANDUVA;BRAMIL LIXO 30L;ATACADAO SP;ATIVO 
253 ATACADAO - ARICANDUVA;BRAMIL LIXO 50L ;ATACADAO SP;ATIVO 
253 ATACADAO - ARICANDUVA;ECONOMICO 100L;ATACADAO SP;ATIVO 
253 ATACADAO - ARICANDUVA;ECONOMICO 100L ;ATACADAO SP;ATIVO 
253 ATACADAO - ARICANDUVA;ECONOMICO 15L;ATACADAO SP;ATIVO 
253 ATACADAO - ARICANDUVA;ECONOMICO 30L;ATACADAO SP;ATIVO 
253 ATACADAO - ARICANDUVA;ECONOMICO 50L;ATACADAO SP;ATIVO 
253 ATACADAO - ARICANDUVA;HIPERROLL 100L;ATACADAO SP;ATIVO 
253 ATACADAO - ARICANDUVA;HIPERROLL 15L;ATACADAO SP;ATIVO 
253 ATACADAO - ARICANDUVA;HIPERROLL 30L;ATACADAO SP;ATIVO 
253 ATACADAO - ARICANDUVA;HIPERROLL 50L;ATACADAO SP;ATIVO 
253 ATACADAO - ARICANDUVA;REFORCADO 100L;ATACADAO SP;ATIVO 
253 ATACADAO - ARICANDUVA;REFORCADO 200L;ATACADAO SP;ATIVO 
253 ATACADAO - ARICANDUVA;SACOLA 29X39;ATACADAO SP;ATIVO 
253 ATACADAO - ARICANDUVA;SACOLA 29X39 ;ATACADAO SP;ATIVO 
253 ATACADAO - ARICANDUVA;SACOLA 38X48;ATACADAO SP;ATIVO 
253 ATACADAO - ARICANDUVA;SACOLA 38X48 ;ATACADAO SP;ATIVO 
253 ATACADAO - ARICANDUVA;SACOLA VERDE 38X50;ATACADAO SP;ATIVO 
253 ATACADAO - ARICANDUVA;SACOLA VERDE 40X50;ATACADAO SP;ATIVO 
254 ATACADAO - IPIRANGA;BOBINA 20X30;ATACADAO SP;ATIVO 
254 ATACADAO - IPIRANGA;BOBINA 25X35;ATACADAO SP;ATIVO 
254 ATACADAO - IPIRANGA;BOBINA 30X40;ATACADAO SP;ATIVO 
254 ATACADAO - IPIRANGA;BRAMIL LIXO 100L;ATACADAO SP;ATIVO 
254 ATACADAO - IPIRANGA;BRAMIL LIXO 100L REF ;ATACADAO SP;ATIVO 
254 ATACADAO - IPIRANGA;BRAMIL LIXO 15L;ATACADAO SP;ATIVO 
254 ATACADAO - IPIRANGA;BRAMIL LIXO 200L REF ;ATACADAO SP;ATIVO 
254 ATACADAO - IPIRANGA;BRAMIL LIXO 30L;ATACADAO SP;ATIVO 
254 ATACADAO - IPIRANGA;BRAMIL LIXO 50L ;ATACADAO SP;ATIVO 
254 ATACADAO - IPIRANGA;ECONOMICO 100L;ATACADAO SP;ATIVO 
254 ATACADAO - IPIRANGA;ECONOMICO 100L ;ATACADAO SP;ATIVO 
254 ATACADAO - IPIRANGA;ECONOMICO 15L;ATACADAO SP;ATIVO 
254 ATACADAO - IPIRANGA;ECONOMICO 30L;ATACADAO SP;ATIVO 
254 ATACADAO - IPIRANGA;ECONOMICO 50L;ATACADAO SP;ATIVO 
254 ATACADAO - IPIRANGA;HIPERROLL 100L;ATACADAO SP;ATIVO 
254 ATACADAO - IPIRANGA;HIPERROLL 15L;ATACADAO SP;ATIVO 
254 ATACADAO - IPIRANGA;HIPERROLL 30L;ATACADAO SP;ATIVO 
254 ATACADAO - IPIRANGA;HIPERROLL 50L;ATACADAO SP;ATIVO 
254 ATACADAO - IPIRANGA;REFORCADO 100L;ATACADAO SP;ATIVO 
254 ATACADAO - IPIRANGA;REFORCADO 200L;ATACADAO SP;ATIVO 
254 ATACADAO - IPIRANGA;SACOLA 29X39;ATACADAO SP;ATIVO 
254 ATACADAO - IPIRANGA;SACOLA 29X39 ;ATACADAO SP;ATIVO 
254 ATACADAO - IPIRANGA;SACOLA 38X48;ATACADAO SP;ATIVO 
254 ATACADAO - IPIRANGA;SACOLA 38X48 ;ATACADAO SP;ATIVO 
254 ATACADAO - IPIRANGA;SACOLA VERDE 38X50;ATACADAO SP;ATIVO 
254 ATACADAO - IPIRANGA;SACOLA VERDE 40X50;ATACADAO SP;ATIVO 
255 ATACADAO - VILA JACUI;BOBINA 20X30;ATACADAO SP;ATIVO 
255 ATACADAO - VILA JACUI;BOBINA 25X35;ATACADAO SP;ATIVO 
255 ATACADAO - VILA JACUI;BOBINA 30X40;ATACADAO SP;ATIVO 
255 ATACADAO - VILA JACUI;BRAMIL LIXO 100L;ATACADAO SP;ATIVO 
255 ATACADAO - VILA JACUI;BRAMIL LIXO 100L REF ;ATACADAO SP;ATIVO 
255 ATACADAO - VILA JACUI;BRAMIL LIXO 15L;ATACADAO SP;ATIVO 
255 ATACADAO - VILA JACUI;BRAMIL LIXO 200L REF ;ATACADAO SP;ATIVO 
255 ATACADAO - VILA JACUI;BRAMIL LIXO 30L;ATACADAO SP;ATIVO 
255 ATACADAO - VILA JACUI;BRAMIL LIXO 50L ;ATACADAO SP;ATIVO 
255 ATACADAO - VILA JACUI;ECONOMICO 100L;ATACADAO SP;ATIVO 
255 ATACADAO - VILA JACUI;ECONOMICO 100L ;ATACADAO SP;ATIVO 
255 ATACADAO - VILA JACUI;ECONOMICO 15L;ATACADAO SP;ATIVO 
255 ATACADAO - VILA JACUI;ECONOMICO 30L;ATACADAO SP;ATIVO 
255 ATACADAO - VILA JACUI;ECONOMICO 50L;ATACADAO SP;ATIVO 
255 ATACADAO - VILA JACUI;HIPERROLL 100L;ATACADAO SP;ATIVO 
255 ATACADAO - VILA JACUI;HIPERROLL 15L;ATACADAO SP;ATIVO 
255 ATACADAO - VILA JACUI;HIPERROLL 30L;ATACADAO SP;ATIVO 
255 ATACADAO - VILA JACUI;HIPERROLL 50L;ATACADAO SP;ATIVO 
255 ATACADAO - VILA JACUI;REFORCADO 100L;ATACADAO SP;ATIVO 
255 ATACADAO - VILA JACUI;REFORCADO 200L;ATACADAO SP;ATIVO 
255 ATACADAO - VILA JACUI;SACOLA 29X39;ATACADAO SP;ATIVO 
255 ATACADAO - VILA JACUI;SACOLA 29X39 ;ATACADAO SP;ATIVO 
255 ATACADAO - VILA JACUI;SACOLA 38X48;ATACADAO SP;ATIVO 
255 ATACADAO - VILA JACUI;SACOLA 38X48 ;ATACADAO SP;ATIVO 
255 ATACADAO - VILA JACUI;SACOLA VERDE 38X50;ATACADAO SP;ATIVO 
255 ATACADAO - VILA JACUI;SACOLA VERDE 40X50;ATACADAO SP;ATIVO 
256 ATACADAO - AQUARIOS DULTRA SAO JOSE DOS CAMPOS;BOBINA 20X30;ATACADAO SP;ATIVO 
256 ATACADAO - AQUARIOS DULTRA SAO JOSE DOS CAMPOS;BOBINA 25X35;ATACADAO SP;ATIVO 
256 ATACADAO - AQUARIOS DULTRA SAO JOSE DOS CAMPOS;BOBINA 30X40;ATACADAO SP;ATIVO 
256 ATACADAO - AQUARIOS DULTRA SAO JOSE DOS CAMPOS;BRAMIL LIXO 100L;ATACADAO SP;ATIVO 
256 ATACADAO - AQUARIOS DULTRA SAO JOSE DOS CAMPOS;BRAMIL LIXO 100L REF ;ATACADAO SP;ATIVO 
256 ATACADAO - AQUARIOS DULTRA SAO JOSE DOS CAMPOS;BRAMIL LIXO 15L;ATACADAO SP;ATIVO 
256 ATACADAO - AQUARIOS DULTRA SAO JOSE DOS CAMPOS;BRAMIL LIXO 200L REF ;ATACADAO SP;ATIVO 
256 ATACADAO - AQUARIOS DULTRA SAO JOSE DOS CAMPOS;BRAMIL LIXO 30L;ATACADAO SP;ATIVO 
256 ATACADAO - AQUARIOS DULTRA SAO JOSE DOS CAMPOS;BRAMIL LIXO 50L ;ATACADAO SP;ATIVO 
256 ATACADAO - AQUARIOS DULTRA SAO JOSE DOS CAMPOS;ECONOMICO 100L;ATACADAO SP;ATIVO 
256 ATACADAO - AQUARIOS DULTRA SAO JOSE DOS CAMPOS;ECONOMICO 100L ;ATACADAO SP;ATIVO 
256 ATACADAO - AQUARIOS DULTRA SAO JOSE DOS CAMPOS;ECONOMICO 15L;ATACADAO SP;ATIVO 
256 ATACADAO - AQUARIOS DULTRA SAO JOSE DOS CAMPOS;ECONOMICO 30L;ATACADAO SP;ATIVO 
256 ATACADAO - AQUARIOS DULTRA SAO JOSE DOS CAMPOS;ECONOMICO 50L;ATACADAO SP;ATIVO 
256 ATACADAO - AQUARIOS DULTRA SAO JOSE DOS CAMPOS;HIPERROLL 100L;ATACADAO SP;ATIVO 
256 ATACADAO - AQUARIOS DULTRA SAO JOSE DOS CAMPOS;HIPERROLL 15L;ATACADAO SP;ATIVO 
256 ATACADAO - AQUARIOS DULTRA SAO JOSE DOS CAMPOS;HIPERROLL 30L;ATACADAO SP;ATIVO 
256 ATACADAO - AQUARIOS DULTRA SAO JOSE DOS CAMPOS;HIPERROLL 50L;ATACADAO SP;ATIVO 
256 ATACADAO - AQUARIOS DULTRA SAO JOSE DOS CAMPOS;REFORCADO 100L;ATACADAO SP;ATIVO 
256 ATACADAO - AQUARIOS DULTRA SAO JOSE DOS CAMPOS;REFORCADO 200L;ATACADAO SP;ATIVO 
256 ATACADAO - AQUARIOS DULTRA SAO JOSE DOS CAMPOS;SACOLA 29X39;ATACADAO SP;ATIVO 
256 ATACADAO - AQUARIOS DULTRA SAO JOSE DOS CAMPOS;SACOLA 29X39 ;ATACADAO SP;ATIVO 
256 ATACADAO - AQUARIOS DULTRA SAO JOSE DOS CAMPOS;SACOLA 38X48;ATACADAO SP;ATIVO 
256 ATACADAO - AQUARIOS DULTRA SAO JOSE DOS CAMPOS;SACOLA 38X48 ;ATACADAO SP;ATIVO 
256 ATACADAO - AQUARIOS DULTRA SAO JOSE DOS CAMPOS;SACOLA VERDE 38X50;ATACADAO SP;ATIVO 
256 ATACADAO - AQUARIOS DULTRA SAO JOSE DOS CAMPOS;SACOLA VERDE 40X50;ATACADAO SP;ATIVO 
257 ATACADAO - ATIBAIA;BOBINA 20X30;ATACADAO SP;ATIVO 
257 ATACADAO - ATIBAIA;BOBINA 25X35;ATACADAO SP;ATIVO 
257 ATACADAO - ATIBAIA;BOBINA 30X40;ATACADAO SP;ATIVO 
257 ATACADAO - ATIBAIA;BRAMIL LIXO 100L;ATACADAO SP;ATIVO 
257 ATACADAO - ATIBAIA;BRAMIL LIXO 100L REF ;ATACADAO SP;ATIVO 
257 ATACADAO - ATIBAIA;BRAMIL LIXO 15L;ATACADAO SP;ATIVO 
257 ATACADAO - ATIBAIA;BRAMIL LIXO 200L REF ;ATACADAO SP;ATIVO 
257 ATACADAO - ATIBAIA;BRAMIL LIXO 30L;ATACADAO SP;ATIVO 
257 ATACADAO - ATIBAIA;BRAMIL LIXO 50L ;ATACADAO SP;ATIVO 
257 ATACADAO - ATIBAIA;ECONOMICO 100L;ATACADAO SP;ATIVO 
257 ATACADAO - ATIBAIA;ECONOMICO 100L ;ATACADAO SP;ATIVO 
257 ATACADAO - ATIBAIA;ECONOMICO 15L;ATACADAO SP;ATIVO 
257 ATACADAO - ATIBAIA;ECONOMICO 30L;ATACADAO SP;ATIVO 
257 ATACADAO - ATIBAIA;ECONOMICO 50L;ATACADAO SP;ATIVO 
257 ATACADAO - ATIBAIA;HIPERROLL 100L;ATACADAO SP;ATIVO 
257 ATACADAO - ATIBAIA;HIPERROLL 15L;ATACADAO SP;ATIVO 
257 ATACADAO - ATIBAIA;HIPERROLL 30L;ATACADAO SP;ATIVO 
257 ATACADAO - ATIBAIA;HIPERROLL 50L;ATACADAO SP;ATIVO 
257 ATACADAO - ATIBAIA;REFORCADO 100L;ATACADAO SP;ATIVO 
257 ATACADAO - ATIBAIA;REFORCADO 200L;ATACADAO SP;ATIVO 
257 ATACADAO - ATIBAIA;SACOLA 29X39;ATACADAO SP;ATIVO 
257 ATACADAO - ATIBAIA;SACOLA 29X39 ;ATACADAO SP;ATIVO 
257 ATACADAO - ATIBAIA;SACOLA 38X48;ATACADAO SP;ATIVO 
257 ATACADAO - ATIBAIA;SACOLA 38X48 ;ATACADAO SP;ATIVO 
257 ATACADAO - ATIBAIA;SACOLA VERDE 38X50;ATACADAO SP;ATIVO 
257 ATACADAO - ATIBAIA;SACOLA VERDE 40X50;ATACADAO SP;ATIVO 
261 ATACADAO - SAO JOSE CAMPOS JK;BOBINA 20X30;ATACADAO SP;ATIVO 
261 ATACADAO - SAO JOSE CAMPOS JK;BOBINA 25X35;ATACADAO SP;ATIVO 
261 ATACADAO - SAO JOSE CAMPOS JK;BOBINA 30X40;ATACADAO SP;ATIVO 
261 ATACADAO - SAO JOSE CAMPOS JK;BRAMIL LIXO 100L;ATACADAO SP;ATIVO 
261 ATACADAO - SAO JOSE CAMPOS JK;BRAMIL LIXO 100L REF ;ATACADAO SP;ATIVO 
261 ATACADAO - SAO JOSE CAMPOS JK;BRAMIL LIXO 15L;ATACADAO SP;ATIVO 
261 ATACADAO - SAO JOSE CAMPOS JK;BRAMIL LIXO 200L REF ;ATACADAO SP;ATIVO 
261 ATACADAO - SAO JOSE CAMPOS JK;BRAMIL LIXO 30L;ATACADAO SP;ATIVO 
261 ATACADAO - SAO JOSE CAMPOS JK;BRAMIL LIXO 50L ;ATACADAO SP;ATIVO 
261 ATACADAO - SAO JOSE CAMPOS JK;ECONOMICO 100L;ATACADAO SP;ATIVO 
261 ATACADAO - SAO JOSE CAMPOS JK;ECONOMICO 100L ;ATACADAO SP;ATIVO 
261 ATACADAO - SAO JOSE CAMPOS JK;ECONOMICO 15L;ATACADAO SP;ATIVO 
261 ATACADAO - SAO JOSE CAMPOS JK;ECONOMICO 30L;ATACADAO SP;ATIVO 
261 ATACADAO - SAO JOSE CAMPOS JK;ECONOMICO 50L;ATACADAO SP;ATIVO 
261 ATACADAO - SAO JOSE CAMPOS JK;HIPERROLL 100L;ATACADAO SP;ATIVO 
261 ATACADAO - SAO JOSE CAMPOS JK;HIPERROLL 15L;ATACADAO SP;ATIVO 
261 ATACADAO - SAO JOSE CAMPOS JK;HIPERROLL 30L;ATACADAO SP;ATIVO 
261 ATACADAO - SAO JOSE CAMPOS JK;HIPERROLL 50L;ATACADAO SP;ATIVO 
261 ATACADAO - SAO JOSE CAMPOS JK;REFORCADO 100L;ATACADAO SP;ATIVO 
261 ATACADAO - SAO JOSE CAMPOS JK;REFORCADO 200L;ATACADAO SP;ATIVO 
261 ATACADAO - SAO JOSE CAMPOS JK;SACOLA 29X39;ATACADAO SP;ATIVO 
261 ATACADAO - SAO JOSE CAMPOS JK;SACOLA 29X39 ;ATACADAO SP;ATIVO 
261 ATACADAO - SAO JOSE CAMPOS JK;SACOLA 38X48;ATACADAO SP;ATIVO 
261 ATACADAO - SAO JOSE CAMPOS JK;SACOLA 38X48 ;ATACADAO SP;ATIVO 
261 ATACADAO - SAO JOSE CAMPOS JK;SACOLA VERDE 38X50;ATACADAO SP;ATIVO 
261 ATACADAO - SAO JOSE CAMPOS JK;SACOLA VERDE 40X50;ATACADAO SP;ATIVO 
262 ATACADAO - TAUBATE;BOBINA 20X30;ATACADAO SP;ATIVO 
262 ATACADAO - TAUBATE;BOBINA 25X35;ATACADAO SP;ATIVO 
262 ATACADAO - TAUBATE;BOBINA 30X40;ATACADAO SP;ATIVO 
262 ATACADAO - TAUBATE;BRAMIL LIXO 100L;ATACADAO SP;ATIVO 
262 ATACADAO - TAUBATE;BRAMIL LIXO 100L REF ;ATACADAO SP;ATIVO 
262 ATACADAO - TAUBATE;BRAMIL LIXO 15L;ATACADAO SP;ATIVO 
262 ATACADAO - TAUBATE;BRAMIL LIXO 200L REF ;ATACADAO SP;ATIVO 
262 ATACADAO - TAUBATE;BRAMIL LIXO 30L;ATACADAO SP;ATIVO 
262 ATACADAO - TAUBATE;BRAMIL LIXO 50L ;ATACADAO SP;ATIVO 
262 ATACADAO - TAUBATE;ECONOMICO 100L;ATACADAO SP;ATIVO 
262 ATACADAO - TAUBATE;ECONOMICO 100L ;ATACADAO SP;ATIVO 
262 ATACADAO - TAUBATE;ECONOMICO 15L;ATACADAO SP;ATIVO 
262 ATACADAO - TAUBATE;ECONOMICO 30L;ATACADAO SP;ATIVO 
262 ATACADAO - TAUBATE;ECONOMICO 50L;ATACADAO SP;ATIVO 
262 ATACADAO - TAUBATE;HIPERROLL 100L;ATACADAO SP;ATIVO 
262 ATACADAO - TAUBATE;HIPERROLL 15L;ATACADAO SP;ATIVO 
262 ATACADAO - TAUBATE;HIPERROLL 30L;ATACADAO SP;ATIVO 
262 ATACADAO - TAUBATE;HIPERROLL 50L;ATACADAO SP;ATIVO 
262 ATACADAO - TAUBATE;REFORCADO 100L;ATACADAO SP;ATIVO 
262 ATACADAO - TAUBATE;REFORCADO 200L;ATACADAO SP;ATIVO 
262 ATACADAO - TAUBATE;SACOLA 29X39;ATACADAO SP;ATIVO 
262 ATACADAO - TAUBATE;SACOLA 29X39 ;ATACADAO SP;ATIVO 
262 ATACADAO - TAUBATE;SACOLA 38X48;ATACADAO SP;ATIVO 
262 ATACADAO - TAUBATE;SACOLA 38X48 ;ATACADAO SP;ATIVO 
262 ATACADAO - TAUBATE;SACOLA VERDE 38X50;ATACADAO SP;ATIVO 
262 ATACADAO - TAUBATE;SACOLA VERDE 40X50;ATACADAO SP;ATIVO 
274 ATACADAO - SANTA BARBARA;BOBINA 20X30;ATACADAO SP;ATIVO 
274 ATACADAO - SANTA BARBARA;BOBINA 25X35;ATACADAO SP;ATIVO 
274 ATACADAO - SANTA BARBARA;BOBINA 30X40;ATACADAO SP;ATIVO 
274 ATACADAO - SANTA BARBARA;BRAMIL LIXO 100L;ATACADAO SP;ATIVO 
274 ATACADAO - SANTA BARBARA;BRAMIL LIXO 100L REF ;ATACADAO SP;ATIVO 
274 ATACADAO - SANTA BARBARA;BRAMIL LIXO 15L;ATACADAO SP;ATIVO 
274 ATACADAO - SANTA BARBARA;BRAMIL LIXO 200L REF ;ATACADAO SP;ATIVO 
274 ATACADAO - SANTA BARBARA;BRAMIL LIXO 30L;ATACADAO SP;ATIVO 
274 ATACADAO - SANTA BARBARA;BRAMIL LIXO 50L ;ATACADAO SP;ATIVO 
274 ATACADAO - SANTA BARBARA;ECONOMICO 100L;ATACADAO SP;ATIVO 
274 ATACADAO - SANTA BARBARA;ECONOMICO 100L ;ATACADAO SP;ATIVO 
274 ATACADAO - SANTA BARBARA;ECONOMICO 15L;ATACADAO SP;ATIVO 
274 ATACADAO - SANTA BARBARA;ECONOMICO 30L;ATACADAO SP;ATIVO 
274 ATACADAO - SANTA BARBARA;ECONOMICO 50L;ATACADAO SP;ATIVO 
274 ATACADAO - SANTA BARBARA;HIPERROLL 100L;ATACADAO SP;ATIVO 
274 ATACADAO - SANTA BARBARA;HIPERROLL 15L;ATACADAO SP;ATIVO 
274 ATACADAO - SANTA BARBARA;HIPERROLL 30L;ATACADAO SP;ATIVO 
274 ATACADAO - SANTA BARBARA;HIPERROLL 50L;ATACADAO SP;ATIVO 
274 ATACADAO - SANTA BARBARA;REFORCADO 100L;ATACADAO SP;ATIVO 
274 ATACADAO - SANTA BARBARA;REFORCADO 200L;ATACADAO SP;ATIVO 
274 ATACADAO - SANTA BARBARA;SACOLA 29X39;ATACADAO SP;ATIVO 
274 ATACADAO - SANTA BARBARA;SACOLA 29X39 ;ATACADAO SP;ATIVO 
274 ATACADAO - SANTA BARBARA;SACOLA 38X48;ATACADAO SP;ATIVO 
274 ATACADAO - SANTA BARBARA;SACOLA 38X48 ;ATACADAO SP;ATIVO 
274 ATACADAO - SANTA BARBARA;SACOLA VERDE 38X50;ATACADAO SP;ATIVO 
274 ATACADAO - SANTA BARBARA;SACOLA VERDE 40X50;ATACADAO SP;ATIVO 
282 ATACADAO - DIADEMA;BOBINA 20X30;ATACADAO SP;ATIVO 
282 ATACADAO - DIADEMA;BOBINA 25X35;ATACADAO SP;ATIVO 
282 ATACADAO - DIADEMA;BOBINA 30X40;ATACADAO SP;ATIVO 
282 ATACADAO - DIADEMA;BRAMIL LIXO 100L;ATACADAO SP;ATIVO 
282 ATACADAO - DIADEMA;BRAMIL LIXO 100L REF ;ATACADAO SP;ATIVO 
282 ATACADAO - DIADEMA;BRAMIL LIXO 15L;ATACADAO SP;ATIVO 
282 ATACADAO - DIADEMA;BRAMIL LIXO 200L REF ;ATACADAO SP;ATIVO 
282 ATACADAO - DIADEMA;BRAMIL LIXO 30L;ATACADAO SP;ATIVO 
282 ATACADAO - DIADEMA;BRAMIL LIXO 50L ;ATACADAO SP;ATIVO 
282 ATACADAO - DIADEMA;ECONOMICO 100L;ATACADAO SP;ATIVO 
282 ATACADAO - DIADEMA;ECONOMICO 100L ;ATACADAO SP;ATIVO 
282 ATACADAO - DIADEMA;ECONOMICO 15L;ATACADAO SP;ATIVO 
282 ATACADAO - DIADEMA;ECONOMICO 30L;ATACADAO SP;ATIVO 
282 ATACADAO - DIADEMA;ECONOMICO 50L;ATACADAO SP;ATIVO 
282 ATACADAO - DIADEMA;HIPERROLL 100L;ATACADAO SP;ATIVO 
282 ATACADAO - DIADEMA;HIPERROLL 15L;ATACADAO SP;ATIVO 
282 ATACADAO - DIADEMA;HIPERROLL 30L;ATACADAO SP;ATIVO 
282 ATACADAO - DIADEMA;HIPERROLL 50L;ATACADAO SP;ATIVO 
282 ATACADAO - DIADEMA;REFORCADO 100L;ATACADAO SP;ATIVO 
282 ATACADAO - DIADEMA;REFORCADO 200L;ATACADAO SP;ATIVO 
282 ATACADAO - DIADEMA;SACOLA 29X39;ATACADAO SP;ATIVO 
282 ATACADAO - DIADEMA;SACOLA 29X39 ;ATACADAO SP;ATIVO 
282 ATACADAO - DIADEMA;SACOLA 38X48;ATACADAO SP;ATIVO 
282 ATACADAO - DIADEMA;SACOLA 38X48 ;ATACADAO SP;ATIVO 
282 ATACADAO - DIADEMA;SACOLA VERDE 38X50;ATACADAO SP;ATIVO 
282 ATACADAO - DIADEMA;SACOLA VERDE 40X50;ATACADAO SP;ATIVO 
283 ATACADAO - GUARULHOS;BOBINA 20X30;ATACADAO SP;ATIVO 
283 ATACADAO - GUARULHOS;BOBINA 25X35;ATACADAO SP;ATIVO 
283 ATACADAO - GUARULHOS;BOBINA 30X40;ATACADAO SP;ATIVO 
283 ATACADAO - GUARULHOS;BRAMIL LIXO 100L;ATACADAO SP;ATIVO 
283 ATACADAO - GUARULHOS;BRAMIL LIXO 100L REF ;ATACADAO SP;ATIVO 
283 ATACADAO - GUARULHOS;BRAMIL LIXO 15L;ATACADAO SP;ATIVO 
283 ATACADAO - GUARULHOS;BRAMIL LIXO 200L REF ;ATACADAO SP;ATIVO 
283 ATACADAO - GUARULHOS;BRAMIL LIXO 30L;ATACADAO SP;ATIVO 
283 ATACADAO - GUARULHOS;BRAMIL LIXO 50L ;ATACADAO SP;ATIVO 
283 ATACADAO - GUARULHOS;ECONOMICO 100L;ATACADAO SP;ATIVO 
283 ATACADAO - GUARULHOS;ECONOMICO 100L ;ATACADAO SP;ATIVO 
283 ATACADAO - GUARULHOS;ECONOMICO 15L;ATACADAO SP;ATIVO 
283 ATACADAO - GUARULHOS;ECONOMICO 30L;ATACADAO SP;ATIVO 
283 ATACADAO - GUARULHOS;ECONOMICO 50L;ATACADAO SP;ATIVO 
283 ATACADAO - GUARULHOS;HIPERROLL 100L;ATACADAO SP;ATIVO 
283 ATACADAO - GUARULHOS;HIPERROLL 15L;ATACADAO SP;ATIVO 
283 ATACADAO - GUARULHOS;HIPERROLL 30L;ATACADAO SP;ATIVO 
283 ATACADAO - GUARULHOS;HIPERROLL 50L;ATACADAO SP;ATIVO 
283 ATACADAO - GUARULHOS;REFORCADO 100L;ATACADAO SP;ATIVO 
283 ATACADAO - GUARULHOS;REFORCADO 200L;ATACADAO SP;ATIVO 
283 ATACADAO - GUARULHOS;SACOLA 29X39;ATACADAO SP;ATIVO 
283 ATACADAO - GUARULHOS;SACOLA 29X39 ;ATACADAO SP;ATIVO 
283 ATACADAO - GUARULHOS;SACOLA 38X48;ATACADAO SP;ATIVO 
283 ATACADAO - GUARULHOS;SACOLA 38X48 ;ATACADAO SP;ATIVO 
283 ATACADAO - GUARULHOS;SACOLA VERDE 38X50;ATACADAO SP;ATIVO 
283 ATACADAO - GUARULHOS;SACOLA VERDE 40X50;ATACADAO SP;ATIVO 
285 ATACADAO - ITANHAEM;BOBINA 20X30;ATACADAO SP;ATIVO 
285 ATACADAO - ITANHAEM;BOBINA 25X35;ATACADAO SP;ATIVO 
285 ATACADAO - ITANHAEM;BOBINA 30X40;ATACADAO SP;ATIVO 
285 ATACADAO - ITANHAEM;BRAMIL LIXO 100L;ATACADAO SP;ATIVO 
285 ATACADAO - ITANHAEM;BRAMIL LIXO 100L REF ;ATACADAO SP;ATIVO 
285 ATACADAO - ITANHAEM;BRAMIL LIXO 15L;ATACADAO SP;ATIVO 
285 ATACADAO - ITANHAEM;BRAMIL LIXO 200L REF ;ATACADAO SP;ATIVO 
285 ATACADAO - ITANHAEM;BRAMIL LIXO 30L;ATACADAO SP;ATIVO 
285 ATACADAO - ITANHAEM;BRAMIL LIXO 50L ;ATACADAO SP;ATIVO 
285 ATACADAO - ITANHAEM;ECONOMICO 100L;ATACADAO SP;ATIVO 
285 ATACADAO - ITANHAEM;ECONOMICO 100L ;ATACADAO SP;ATIVO 
285 ATACADAO - ITANHAEM;ECONOMICO 15L;ATACADAO SP;ATIVO 
285 ATACADAO - ITANHAEM;ECONOMICO 30L;ATACADAO SP;ATIVO 
285 ATACADAO - ITANHAEM;ECONOMICO 50L;ATACADAO SP;ATIVO 
285 ATACADAO - ITANHAEM;HIPERROLL 100L;ATACADAO SP;ATIVO 
285 ATACADAO - ITANHAEM;HIPERROLL 15L;ATACADAO SP;ATIVO 
285 ATACADAO - ITANHAEM;HIPERROLL 30L;ATACADAO SP;ATIVO 
285 ATACADAO - ITANHAEM;HIPERROLL 50L;ATACADAO SP;ATIVO 
285 ATACADAO - ITANHAEM;REFORCADO 100L;ATACADAO SP;ATIVO 
285 ATACADAO - ITANHAEM;REFORCADO 200L;ATACADAO SP;ATIVO 
285 ATACADAO - ITANHAEM;SACOLA 29X39;ATACADAO SP;ATIVO 
285 ATACADAO - ITANHAEM;SACOLA 29X39 ;ATACADAO SP;ATIVO 
285 ATACADAO - ITANHAEM;SACOLA 38X48;ATACADAO SP;ATIVO 
285 ATACADAO - ITANHAEM;SACOLA 38X48 ;ATACADAO SP;ATIVO 
285 ATACADAO - ITANHAEM;SACOLA VERDE 38X50;ATACADAO SP;ATIVO 
285 ATACADAO - ITANHAEM;SACOLA VERDE 40X50;ATACADAO SP;ATIVO 
287 ATACADAO - POA;BOBINA 20X30;ATACADAO SP;ATIVO 
287 ATACADAO - POA;BOBINA 25X35;ATACADAO SP;ATIVO 
287 ATACADAO - POA;BOBINA 30X40;ATACADAO SP;ATIVO 
287 ATACADAO - POA;BRAMIL LIXO 100L;ATACADAO SP;ATIVO 
287 ATACADAO - POA;BRAMIL LIXO 100L REF ;ATACADAO SP;ATIVO 
287 ATACADAO - POA;BRAMIL LIXO 15L;ATACADAO SP;ATIVO 
287 ATACADAO - POA;BRAMIL LIXO 200L REF ;ATACADAO SP;ATIVO 
287 ATACADAO - POA;BRAMIL LIXO 30L;ATACADAO SP;ATIVO 
287 ATACADAO - POA;BRAMIL LIXO 50L ;ATACADAO SP;ATIVO 
287 ATACADAO - POA;ECONOMICO 100L;ATACADAO SP;ATIVO 
287 ATACADAO - POA;ECONOMICO 100L ;ATACADAO SP;ATIVO 
287 ATACADAO - POA;ECONOMICO 15L;ATACADAO SP;ATIVO 
287 ATACADAO - POA;ECONOMICO 30L;ATACADAO SP;ATIVO 
287 ATACADAO - POA;ECONOMICO 50L;ATACADAO SP;ATIVO 
287 ATACADAO - POA;HIPERROLL 100L;ATACADAO SP;ATIVO 
287 ATACADAO - POA;HIPERROLL 15L;ATACADAO SP;ATIVO 
287 ATACADAO - POA;HIPERROLL 30L;ATACADAO SP;ATIVO 
287 ATACADAO - POA;HIPERROLL 50L;ATACADAO SP;ATIVO 
287 ATACADAO - POA;REFORCADO 100L;ATACADAO SP;ATIVO 
287 ATACADAO - POA;REFORCADO 200L;ATACADAO SP;ATIVO 
287 ATACADAO - POA;SACOLA 29X39;ATACADAO SP;ATIVO 
287 ATACADAO - POA;SACOLA 29X39 ;ATACADAO SP;ATIVO 
287 ATACADAO - POA;SACOLA 38X48;ATACADAO SP;ATIVO 
287 ATACADAO - POA;SACOLA 38X48 ;ATACADAO SP;ATIVO 
287 ATACADAO - POA;SACOLA VERDE 38X50;ATACADAO SP;ATIVO 
287 ATACADAO - POA;SACOLA VERDE 40X50;ATACADAO SP;ATIVO 
288 ATACADAO - SANTO ANDRE 1;BOBINA 20X30;ATACADAO SP;ATIVO 
288 ATACADAO - SANTO ANDRE 1;BOBINA 25X35;ATACADAO SP;ATIVO 
288 ATACADAO - SANTO ANDRE 1;BOBINA 30X40;ATACADAO SP;ATIVO 
288 ATACADAO - SANTO ANDRE 1;BRAMIL LIXO 100L;ATACADAO SP;ATIVO 
288 ATACADAO - SANTO ANDRE 1;BRAMIL LIXO 100L REF ;ATACADAO SP;ATIVO 
288 ATACADAO - SANTO ANDRE 1;BRAMIL LIXO 15L;ATACADAO SP;ATIVO 
288 ATACADAO - SANTO ANDRE 1;BRAMIL LIXO 200L REF ;ATACADAO SP;ATIVO 
288 ATACADAO - SANTO ANDRE 1;BRAMIL LIXO 30L;ATACADAO SP;ATIVO 
288 ATACADAO - SANTO ANDRE 1;BRAMIL LIXO 50L ;ATACADAO SP;ATIVO 
288 ATACADAO - SANTO ANDRE 1;ECONOMICO 100L;ATACADAO SP;ATIVO 
288 ATACADAO - SANTO ANDRE 1;ECONOMICO 100L ;ATACADAO SP;ATIVO 
288 ATACADAO - SANTO ANDRE 1;ECONOMICO 15L;ATACADAO SP;ATIVO 
288 ATACADAO - SANTO ANDRE 1;ECONOMICO 30L;ATACADAO SP;ATIVO 
288 ATACADAO - SANTO ANDRE 1;ECONOMICO 50L;ATACADAO SP;ATIVO 
288 ATACADAO - SANTO ANDRE 1;HIPERROLL 100L;ATACADAO SP;ATIVO 
288 ATACADAO - SANTO ANDRE 1;HIPERROLL 15L;ATACADAO SP;ATIVO 
288 ATACADAO - SANTO ANDRE 1;HIPERROLL 30L;ATACADAO SP;ATIVO 
288 ATACADAO - SANTO ANDRE 1;HIPERROLL 50L;ATACADAO SP;ATIVO 
288 ATACADAO - SANTO ANDRE 1;REFORCADO 100L;ATACADAO SP;ATIVO 
288 ATACADAO - SANTO ANDRE 1;REFORCADO 200L;ATACADAO SP;ATIVO 
288 ATACADAO - SANTO ANDRE 1;SACOLA 29X39;ATACADAO SP;ATIVO 
288 ATACADAO - SANTO ANDRE 1;SACOLA 29X39 ;ATACADAO SP;ATIVO 
288 ATACADAO - SANTO ANDRE 1;SACOLA 38X48;ATACADAO SP;ATIVO 
288 ATACADAO - SANTO ANDRE 1;SACOLA 38X48 ;ATACADAO SP;ATIVO 
288 ATACADAO - SANTO ANDRE 1;SACOLA VERDE 38X50;ATACADAO SP;ATIVO 
288 ATACADAO - SANTO ANDRE 1;SACOLA VERDE 40X50;ATACADAO SP;ATIVO 
289 ATACADAO - SANTO ANDRE 2;BOBINA 20X30;ATACADAO SP;ATIVO 
289 ATACADAO - SANTO ANDRE 2;BOBINA 25X35;ATACADAO SP;ATIVO 
289 ATACADAO - SANTO ANDRE 2;BOBINA 30X40;ATACADAO SP;ATIVO 
289 ATACADAO - SANTO ANDRE 2;BRAMIL LIXO 100L;ATACADAO SP;ATIVO 
289 ATACADAO - SANTO ANDRE 2;BRAMIL LIXO 100L REF ;ATACADAO SP;ATIVO 
289 ATACADAO - SANTO ANDRE 2;BRAMIL LIXO 15L;ATACADAO SP;ATIVO 
289 ATACADAO - SANTO ANDRE 2;BRAMIL LIXO 200L REF ;ATACADAO SP;ATIVO 
289 ATACADAO - SANTO ANDRE 2;BRAMIL LIXO 30L;ATACADAO SP;ATIVO 
289 ATACADAO - SANTO ANDRE 2;BRAMIL LIXO 50L ;ATACADAO SP;ATIVO 
289 ATACADAO - SANTO ANDRE 2;ECONOMICO 100L;ATACADAO SP;ATIVO 
289 ATACADAO - SANTO ANDRE 2;ECONOMICO 100L ;ATACADAO SP;ATIVO 
289 ATACADAO - SANTO ANDRE 2;ECONOMICO 15L;ATACADAO SP;ATIVO 
289 ATACADAO - SANTO ANDRE 2;ECONOMICO 30L;ATACADAO SP;ATIVO 
289 ATACADAO - SANTO ANDRE 2;ECONOMICO 50L;ATACADAO SP;ATIVO 
289 ATACADAO - SANTO ANDRE 2;HIPERROLL 100L;ATACADAO SP;ATIVO 
289 ATACADAO - SANTO ANDRE 2;HIPERROLL 15L;ATACADAO SP;ATIVO 
289 ATACADAO - SANTO ANDRE 2;HIPERROLL 30L;ATACADAO SP;ATIVO 
289 ATACADAO - SANTO ANDRE 2;HIPERROLL 50L;ATACADAO SP;ATIVO 
289 ATACADAO - SANTO ANDRE 2;REFORCADO 100L;ATACADAO SP;ATIVO 
289 ATACADAO - SANTO ANDRE 2;REFORCADO 200L;ATACADAO SP;ATIVO 
289 ATACADAO - SANTO ANDRE 2;SACOLA 29X39;ATACADAO SP;ATIVO 
289 ATACADAO - SANTO ANDRE 2;SACOLA 29X39 ;ATACADAO SP;ATIVO 
289 ATACADAO - SANTO ANDRE 2;SACOLA 38X48;ATACADAO SP;ATIVO 
289 ATACADAO - SANTO ANDRE 2;SACOLA 38X48 ;ATACADAO SP;ATIVO 
289 ATACADAO - SANTO ANDRE 2;SACOLA VERDE 38X50;ATACADAO SP;ATIVO 
289 ATACADAO - SANTO ANDRE 2;SACOLA VERDE 40X50;ATACADAO SP;ATIVO 
290 ATACADAO - TATUAPE;BOBINA 20X30;ATACADAO SP;ATIVO 
290 ATACADAO - TATUAPE;BOBINA 25X35;ATACADAO SP;ATIVO 
290 ATACADAO - TATUAPE;BOBINA 30X40;ATACADAO SP;ATIVO 
290 ATACADAO - TATUAPE;BRAMIL LIXO 100L;ATACADAO SP;ATIVO 
290 ATACADAO - TATUAPE;BRAMIL LIXO 100L REF ;ATACADAO SP;ATIVO 
290 ATACADAO - TATUAPE;BRAMIL LIXO 15L;ATACADAO SP;ATIVO 
290 ATACADAO - TATUAPE;BRAMIL LIXO 200L REF ;ATACADAO SP;ATIVO 
290 ATACADAO - TATUAPE;BRAMIL LIXO 30L;ATACADAO SP;ATIVO 
290 ATACADAO - TATUAPE;BRAMIL LIXO 50L ;ATACADAO SP;ATIVO 
290 ATACADAO - TATUAPE;ECONOMICO 100L;ATACADAO SP;ATIVO 
290 ATACADAO - TATUAPE;ECONOMICO 100L ;ATACADAO SP;ATIVO 
290 ATACADAO - TATUAPE;ECONOMICO 15L;ATACADAO SP;ATIVO 
290 ATACADAO - TATUAPE;ECONOMICO 30L;ATACADAO SP;ATIVO 
290 ATACADAO - TATUAPE;ECONOMICO 50L;ATACADAO SP;ATIVO 
290 ATACADAO - TATUAPE;HIPERROLL 100L;ATACADAO SP;ATIVO 
290 ATACADAO - TATUAPE;HIPERROLL 15L;ATACADAO SP;ATIVO 
290 ATACADAO - TATUAPE;HIPERROLL 30L;ATACADAO SP;ATIVO 
290 ATACADAO - TATUAPE;HIPERROLL 50L;ATACADAO SP;ATIVO 
290 ATACADAO - TATUAPE;REFORCADO 100L;ATACADAO SP;ATIVO 
290 ATACADAO - TATUAPE;REFORCADO 200L;ATACADAO SP;ATIVO 
290 ATACADAO - TATUAPE;SACOLA 29X39;ATACADAO SP;ATIVO 
290 ATACADAO - TATUAPE;SACOLA 29X39 ;ATACADAO SP;ATIVO 
290 ATACADAO - TATUAPE;SACOLA 38X48;ATACADAO SP;ATIVO 
290 ATACADAO - TATUAPE;SACOLA 38X48 ;ATACADAO SP;ATIVO 
290 ATACADAO - TATUAPE;SACOLA VERDE 38X50;ATACADAO SP;ATIVO 
290 ATACADAO - TATUAPE;SACOLA VERDE 40X50;ATACADAO SP;ATIVO 
294 ATACADAO - CAMBUCI;BOBINA 20X30;ATACADAO SP;ATIVO 
294 ATACADAO - CAMBUCI;BOBINA 25X35;ATACADAO SP;ATIVO 
294 ATACADAO - CAMBUCI;BOBINA 30X40;ATACADAO SP;ATIVO 
294 ATACADAO - CAMBUCI;BRAMIL LIXO 100L;ATACADAO SP;ATIVO 
294 ATACADAO - CAMBUCI;BRAMIL LIXO 100L REF ;ATACADAO SP;ATIVO 
294 ATACADAO - CAMBUCI;BRAMIL LIXO 15L;ATACADAO SP;ATIVO 
294 ATACADAO - CAMBUCI;BRAMIL LIXO 200L REF ;ATACADAO SP;ATIVO 
294 ATACADAO - CAMBUCI;BRAMIL LIXO 30L;ATACADAO SP;ATIVO 
294 ATACADAO - CAMBUCI;BRAMIL LIXO 50L ;ATACADAO SP;ATIVO 
294 ATACADAO - CAMBUCI;ECONOMICO 100L;ATACADAO SP;ATIVO 
294 ATACADAO - CAMBUCI;ECONOMICO 100L ;ATACADAO SP;ATIVO 
294 ATACADAO - CAMBUCI;ECONOMICO 15L;ATACADAO SP;ATIVO 
294 ATACADAO - CAMBUCI;ECONOMICO 30L;ATACADAO SP;ATIVO 
294 ATACADAO - CAMBUCI;ECONOMICO 50L;ATACADAO SP;ATIVO 
294 ATACADAO - CAMBUCI;HIPERROLL 100L;ATACADAO SP;ATIVO 
294 ATACADAO - CAMBUCI;HIPERROLL 15L;ATACADAO SP;ATIVO 
294 ATACADAO - CAMBUCI;HIPERROLL 30L;ATACADAO SP;ATIVO 
294 ATACADAO - CAMBUCI;HIPERROLL 50L;ATACADAO SP;ATIVO 
294 ATACADAO - CAMBUCI;REFORCADO 100L;ATACADAO SP;ATIVO 
294 ATACADAO - CAMBUCI;REFORCADO 200L;ATACADAO SP;ATIVO 
294 ATACADAO - CAMBUCI;SACOLA 29X39;ATACADAO SP;ATIVO 
294 ATACADAO - CAMBUCI;SACOLA 29X39 ;ATACADAO SP;ATIVO 
294 ATACADAO - CAMBUCI;SACOLA 38X48;ATACADAO SP;ATIVO 
294 ATACADAO - CAMBUCI;SACOLA 38X48 ;ATACADAO SP;ATIVO 
294 ATACADAO - CAMBUCI;SACOLA VERDE 38X50;ATACADAO SP;ATIVO 
294 ATACADAO - CAMBUCI;SACOLA VERDE 40X50;ATACADAO SP;ATIVO 
300 ATACADAO - GUARULHOS BONSUCESSO;BOBINA 20X30;ATACADAO SP;ATIVO 
300 ATACADAO - GUARULHOS BONSUCESSO;BOBINA 25X35;ATACADAO SP;ATIVO 
300 ATACADAO - GUARULHOS BONSUCESSO;BOBINA 30X40;ATACADAO SP;ATIVO 
300 ATACADAO - GUARULHOS BONSUCESSO;BRAMIL LIXO 100L;ATACADAO SP;ATIVO 
300 ATACADAO - GUARULHOS BONSUCESSO;BRAMIL LIXO 100L REF ;ATACADAO SP;ATIVO 
300 ATACADAO - GUARULHOS BONSUCESSO;BRAMIL LIXO 15L;ATACADAO SP;ATIVO 
300 ATACADAO - GUARULHOS BONSUCESSO;BRAMIL LIXO 200L REF ;ATACADAO SP;ATIVO 
300 ATACADAO - GUARULHOS BONSUCESSO;BRAMIL LIXO 30L;ATACADAO SP;ATIVO 
300 ATACADAO - GUARULHOS BONSUCESSO;BRAMIL LIXO 50L ;ATACADAO SP;ATIVO 
300 ATACADAO - GUARULHOS BONSUCESSO;ECONOMICO 100L;ATACADAO SP;ATIVO 
300 ATACADAO - GUARULHOS BONSUCESSO;ECONOMICO 100L ;ATACADAO SP;ATIVO 
300 ATACADAO - GUARULHOS BONSUCESSO;ECONOMICO 15L;ATACADAO SP;ATIVO 
300 ATACADAO - GUARULHOS BONSUCESSO;ECONOMICO 30L;ATACADAO SP;ATIVO 
300 ATACADAO - GUARULHOS BONSUCESSO;ECONOMICO 50L;ATACADAO SP;ATIVO 
300 ATACADAO - GUARULHOS BONSUCESSO;HIPERROLL 100L;ATACADAO SP;ATIVO 
300 ATACADAO - GUARULHOS BONSUCESSO;HIPERROLL 15L;ATACADAO SP;ATIVO 
300 ATACADAO - GUARULHOS BONSUCESSO;HIPERROLL 30L;ATACADAO SP;ATIVO 
300 ATACADAO - GUARULHOS BONSUCESSO;HIPERROLL 50L;ATACADAO SP;ATIVO 
300 ATACADAO - GUARULHOS BONSUCESSO;REFORCADO 100L;ATACADAO SP;ATIVO 
300 ATACADAO - GUARULHOS BONSUCESSO;REFORCADO 200L;ATACADAO SP;ATIVO 
300 ATACADAO - GUARULHOS BONSUCESSO;SACOLA 29X39;ATACADAO SP;ATIVO 
300 ATACADAO - GUARULHOS BONSUCESSO;SACOLA 29X39 ;ATACADAO SP;ATIVO 
300 ATACADAO - GUARULHOS BONSUCESSO;SACOLA 38X48;ATACADAO SP;ATIVO 
300 ATACADAO - GUARULHOS BONSUCESSO;SACOLA 38X48 ;ATACADAO SP;ATIVO 
300 ATACADAO - GUARULHOS BONSUCESSO;SACOLA VERDE 38X50;ATACADAO SP;ATIVO 
300 ATACADAO - GUARULHOS BONSUCESSO;SACOLA VERDE 40X50;ATACADAO SP;ATIVO 
301 ATACADAO - GUARULHOS CENTRO;BOBINA 20X30;ATACADAO SP;ATIVO 
301 ATACADAO - GUARULHOS CENTRO;BOBINA 25X35;ATACADAO SP;ATIVO 
301 ATACADAO - GUARULHOS CENTRO;BOBINA 30X40;ATACADAO SP;ATIVO 
301 ATACADAO - GUARULHOS CENTRO;BRAMIL LIXO 100L;ATACADAO SP;ATIVO 
301 ATACADAO - GUARULHOS CENTRO;BRAMIL LIXO 100L REF ;ATACADAO SP;ATIVO 
301 ATACADAO - GUARULHOS CENTRO;BRAMIL LIXO 15L;ATACADAO SP;ATIVO 
301 ATACADAO - GUARULHOS CENTRO;BRAMIL LIXO 200L REF ;ATACADAO SP;ATIVO 
301 ATACADAO - GUARULHOS CENTRO;BRAMIL LIXO 30L;ATACADAO SP;ATIVO 
301 ATACADAO - GUARULHOS CENTRO;BRAMIL LIXO 50L ;ATACADAO SP;ATIVO 
301 ATACADAO - GUARULHOS CENTRO;ECONOMICO 100L;ATACADAO SP;ATIVO 
301 ATACADAO - GUARULHOS CENTRO;ECONOMICO 100L ;ATACADAO SP;ATIVO 
301 ATACADAO - GUARULHOS CENTRO;ECONOMICO 15L;ATACADAO SP;ATIVO 
301 ATACADAO - GUARULHOS CENTRO;ECONOMICO 30L;ATACADAO SP;ATIVO 
301 ATACADAO - GUARULHOS CENTRO;ECONOMICO 50L;ATACADAO SP;ATIVO 
301 ATACADAO - GUARULHOS CENTRO;HIPERROLL 100L;ATACADAO SP;ATIVO 
301 ATACADAO - GUARULHOS CENTRO;HIPERROLL 15L;ATACADAO SP;ATIVO 
301 ATACADAO - GUARULHOS CENTRO;HIPERROLL 30L;ATACADAO SP;ATIVO 
301 ATACADAO - GUARULHOS CENTRO;HIPERROLL 50L;ATACADAO SP;ATIVO 
301 ATACADAO - GUARULHOS CENTRO;REFORCADO 100L;ATACADAO SP;ATIVO 
301 ATACADAO - GUARULHOS CENTRO;REFORCADO 200L;ATACADAO SP;ATIVO 
301 ATACADAO - GUARULHOS CENTRO;SACOLA 29X39;ATACADAO SP;ATIVO 
301 ATACADAO - GUARULHOS CENTRO;SACOLA 29X39 ;ATACADAO SP;ATIVO 
301 ATACADAO - GUARULHOS CENTRO;SACOLA 38X48;ATACADAO SP;ATIVO 
301 ATACADAO - GUARULHOS CENTRO;SACOLA 38X48 ;ATACADAO SP;ATIVO 
301 ATACADAO - GUARULHOS CENTRO;SACOLA VERDE 38X50;ATACADAO SP;ATIVO 
301 ATACADAO - GUARULHOS CENTRO;SACOLA VERDE 40X50;ATACADAO SP;ATIVO 
307 ATACADAO - ITAQUAQUECETUBA;BOBINA 20X30;ATACADAO SP;ATIVO 
307 ATACADAO - ITAQUAQUECETUBA;BOBINA 25X35;ATACADAO SP;ATIVO 
307 ATACADAO - ITAQUAQUECETUBA;BOBINA 30X40;ATACADAO SP;ATIVO 
307 ATACADAO - ITAQUAQUECETUBA;BRAMIL LIXO 100L;ATACADAO SP;ATIVO 
307 ATACADAO - ITAQUAQUECETUBA;BRAMIL LIXO 100L REF ;ATACADAO SP;ATIVO 
307 ATACADAO - ITAQUAQUECETUBA;BRAMIL LIXO 15L;ATACADAO SP;ATIVO 
307 ATACADAO - ITAQUAQUECETUBA;BRAMIL LIXO 200L REF ;ATACADAO SP;ATIVO 
307 ATACADAO - ITAQUAQUECETUBA;BRAMIL LIXO 30L;ATACADAO SP;ATIVO 
307 ATACADAO - ITAQUAQUECETUBA;BRAMIL LIXO 50L ;ATACADAO SP;ATIVO 
307 ATACADAO - ITAQUAQUECETUBA;ECONOMICO 100L;ATACADAO SP;ATIVO 
307 ATACADAO - ITAQUAQUECETUBA;ECONOMICO 100L ;ATACADAO SP;ATIVO 
307 ATACADAO - ITAQUAQUECETUBA;ECONOMICO 15L;ATACADAO SP;ATIVO 
307 ATACADAO - ITAQUAQUECETUBA;ECONOMICO 30L;ATACADAO SP;ATIVO 
307 ATACADAO - ITAQUAQUECETUBA;ECONOMICO 50L;ATACADAO SP;ATIVO 
307 ATACADAO - ITAQUAQUECETUBA;HIPERROLL 100L;ATACADAO SP;ATIVO 
307 ATACADAO - ITAQUAQUECETUBA;HIPERROLL 15L;ATACADAO SP;ATIVO 
307 ATACADAO - ITAQUAQUECETUBA;HIPERROLL 30L;ATACADAO SP;ATIVO 
307 ATACADAO - ITAQUAQUECETUBA;HIPERROLL 50L;ATACADAO SP;ATIVO 
307 ATACADAO - ITAQUAQUECETUBA;REFORCADO 100L;ATACADAO SP;ATIVO 
307 ATACADAO - ITAQUAQUECETUBA;REFORCADO 200L;ATACADAO SP;ATIVO 
307 ATACADAO - ITAQUAQUECETUBA;SACOLA 29X39;ATACADAO SP;ATIVO 
307 ATACADAO - ITAQUAQUECETUBA;SACOLA 29X39 ;ATACADAO SP;ATIVO 
307 ATACADAO - ITAQUAQUECETUBA;SACOLA 38X48;ATACADAO SP;ATIVO 
307 ATACADAO - ITAQUAQUECETUBA;SACOLA 38X48 ;ATACADAO SP;ATIVO 
307 ATACADAO - ITAQUAQUECETUBA;SACOLA VERDE 38X50;ATACADAO SP;ATIVO 
307 ATACADAO - ITAQUAQUECETUBA;SACOLA VERDE 40X50;ATACADAO SP;ATIVO 
308 ATACADAO - MOGI DAS CRUZES;BOBINA 20X30;ATACADAO SP;ATIVO 
308 ATACADAO - MOGI DAS CRUZES;BOBINA 25X35;ATACADAO SP;ATIVO 
308 ATACADAO - MOGI DAS CRUZES;BOBINA 30X40;ATACADAO SP;ATIVO 
308 ATACADAO - MOGI DAS CRUZES;BRAMIL LIXO 100L;ATACADAO SP;ATIVO 
308 ATACADAO - MOGI DAS CRUZES;BRAMIL LIXO 100L REF ;ATACADAO SP;ATIVO 
308 ATACADAO - MOGI DAS CRUZES;BRAMIL LIXO 15L;ATACADAO SP;ATIVO 
308 ATACADAO - MOGI DAS CRUZES;BRAMIL LIXO 200L REF ;ATACADAO SP;ATIVO 
308 ATACADAO - MOGI DAS CRUZES;BRAMIL LIXO 30L;ATACADAO SP;ATIVO 
308 ATACADAO - MOGI DAS CRUZES;BRAMIL LIXO 50L ;ATACADAO SP;ATIVO 
308 ATACADAO - MOGI DAS CRUZES;ECONOMICO 100L;ATACADAO SP;ATIVO 
308 ATACADAO - MOGI DAS CRUZES;ECONOMICO 100L ;ATACADAO SP;ATIVO 
308 ATACADAO - MOGI DAS CRUZES;ECONOMICO 15L;ATACADAO SP;ATIVO 
308 ATACADAO - MOGI DAS CRUZES;ECONOMICO 30L;ATACADAO SP;ATIVO 
308 ATACADAO - MOGI DAS CRUZES;ECONOMICO 50L;ATACADAO SP;ATIVO 
308 ATACADAO - MOGI DAS CRUZES;HIPERROLL 100L;ATACADAO SP;ATIVO 
308 ATACADAO - MOGI DAS CRUZES;HIPERROLL 15L;ATACADAO SP;ATIVO 
308 ATACADAO - MOGI DAS CRUZES;HIPERROLL 30L;ATACADAO SP;ATIVO 
308 ATACADAO - MOGI DAS CRUZES;HIPERROLL 50L;ATACADAO SP;ATIVO 
308 ATACADAO - MOGI DAS CRUZES;REFORCADO 100L;ATACADAO SP;ATIVO 
308 ATACADAO - MOGI DAS CRUZES;REFORCADO 200L;ATACADAO SP;ATIVO 
308 ATACADAO - MOGI DAS CRUZES;SACOLA 29X39;ATACADAO SP;ATIVO 
308 ATACADAO - MOGI DAS CRUZES;SACOLA 29X39 ;ATACADAO SP;ATIVO 
308 ATACADAO - MOGI DAS CRUZES;SACOLA 38X48;ATACADAO SP;ATIVO 
308 ATACADAO - MOGI DAS CRUZES;SACOLA 38X48 ;ATACADAO SP;ATIVO 
308 ATACADAO - MOGI DAS CRUZES;SACOLA VERDE 38X50;ATACADAO SP;ATIVO 
308 ATACADAO - MOGI DAS CRUZES;SACOLA VERDE 40X50;ATACADAO SP;ATIVO 
311 ATACADAO - PENHA;BOBINA 20X30;ATACADAO SP;ATIVO 
311 ATACADAO - PENHA;BOBINA 25X35;ATACADAO SP;ATIVO 
311 ATACADAO - PENHA;BOBINA 30X40;ATACADAO SP;ATIVO 
311 ATACADAO - PENHA;BRAMIL LIXO 100L;ATACADAO SP;ATIVO 
311 ATACADAO - PENHA;BRAMIL LIXO 100L REF ;ATACADAO SP;ATIVO 
311 ATACADAO - PENHA;BRAMIL LIXO 15L;ATACADAO SP;ATIVO 
311 ATACADAO - PENHA;BRAMIL LIXO 200L REF ;ATACADAO SP;ATIVO 
311 ATACADAO - PENHA;BRAMIL LIXO 30L;ATACADAO SP;ATIVO 
311 ATACADAO - PENHA;BRAMIL LIXO 50L ;ATACADAO SP;ATIVO 
311 ATACADAO - PENHA;ECONOMICO 100L;ATACADAO SP;ATIVO 
311 ATACADAO - PENHA;ECONOMICO 100L ;ATACADAO SP;ATIVO 
311 ATACADAO - PENHA;ECONOMICO 15L;ATACADAO SP;ATIVO 
311 ATACADAO - PENHA;ECONOMICO 30L;ATACADAO SP;ATIVO 
311 ATACADAO - PENHA;ECONOMICO 50L;ATACADAO SP;ATIVO 
311 ATACADAO - PENHA;HIPERROLL 100L;ATACADAO SP;ATIVO 
311 ATACADAO - PENHA;HIPERROLL 15L;ATACADAO SP;ATIVO 
311 ATACADAO - PENHA;HIPERROLL 30L;ATACADAO SP;ATIVO 
311 ATACADAO - PENHA;HIPERROLL 50L;ATACADAO SP;ATIVO 
311 ATACADAO - PENHA;REFORCADO 100L;ATACADAO SP;ATIVO 
311 ATACADAO - PENHA;REFORCADO 200L;ATACADAO SP;ATIVO 
311 ATACADAO - PENHA;SACOLA 29X39;ATACADAO SP;ATIVO 
311 ATACADAO - PENHA;SACOLA 29X39 ;ATACADAO SP;ATIVO 
311 ATACADAO - PENHA;SACOLA 38X48;ATACADAO SP;ATIVO 
311 ATACADAO - PENHA;SACOLA 38X48 ;ATACADAO SP;ATIVO 
311 ATACADAO - PENHA;SACOLA VERDE 38X50;ATACADAO SP;ATIVO 
311 ATACADAO - PENHA;SACOLA VERDE 40X50;ATACADAO SP;ATIVO 
313 ATACADAO - SANTO ANDRE CENTRO;BOBINA 20X30;ATACADAO SP;ATIVO 
313 ATACADAO - SANTO ANDRE CENTRO;BOBINA 25X35;ATACADAO SP;ATIVO 
313 ATACADAO - SANTO ANDRE CENTRO;BOBINA 30X40;ATACADAO SP;ATIVO 
313 ATACADAO - SANTO ANDRE CENTRO;BRAMIL LIXO 100L;ATACADAO SP;ATIVO 
313 ATACADAO - SANTO ANDRE CENTRO;BRAMIL LIXO 100L REF ;ATACADAO SP;ATIVO 
313 ATACADAO - SANTO ANDRE CENTRO;BRAMIL LIXO 15L;ATACADAO SP;ATIVO 
313 ATACADAO - SANTO ANDRE CENTRO;BRAMIL LIXO 200L REF ;ATACADAO SP;ATIVO 
313 ATACADAO - SANTO ANDRE CENTRO;BRAMIL LIXO 30L;ATACADAO SP;ATIVO 
313 ATACADAO - SANTO ANDRE CENTRO;BRAMIL LIXO 50L ;ATACADAO SP;ATIVO 
313 ATACADAO - SANTO ANDRE CENTRO;ECONOMICO 100L;ATACADAO SP;ATIVO 
313 ATACADAO - SANTO ANDRE CENTRO;ECONOMICO 100L ;ATACADAO SP;ATIVO 
313 ATACADAO - SANTO ANDRE CENTRO;ECONOMICO 15L;ATACADAO SP;ATIVO 
313 ATACADAO - SANTO ANDRE CENTRO;ECONOMICO 30L;ATACADAO SP;ATIVO 
313 ATACADAO - SANTO ANDRE CENTRO;ECONOMICO 50L;ATACADAO SP;ATIVO 
313 ATACADAO - SANTO ANDRE CENTRO;HIPERROLL 100L;ATACADAO SP;ATIVO 
313 ATACADAO - SANTO ANDRE CENTRO;HIPERROLL 15L;ATACADAO SP;ATIVO 
313 ATACADAO - SANTO ANDRE CENTRO;HIPERROLL 30L;ATACADAO SP;ATIVO 
313 ATACADAO - SANTO ANDRE CENTRO;HIPERROLL 50L;ATACADAO SP;ATIVO 
313 ATACADAO - SANTO ANDRE CENTRO;REFORCADO 100L;ATACADAO SP;ATIVO 
313 ATACADAO - SANTO ANDRE CENTRO;REFORCADO 200L;ATACADAO SP;ATIVO 
313 ATACADAO - SANTO ANDRE CENTRO;SACOLA 29X39;ATACADAO SP;ATIVO 
313 ATACADAO - SANTO ANDRE CENTRO;SACOLA 29X39 ;ATACADAO SP;ATIVO 
313 ATACADAO - SANTO ANDRE CENTRO;SACOLA 38X48;ATACADAO SP;ATIVO 
313 ATACADAO - SANTO ANDRE CENTRO;SACOLA 38X48 ;ATACADAO SP;ATIVO 
313 ATACADAO - SANTO ANDRE CENTRO;SACOLA VERDE 38X50;ATACADAO SP;ATIVO 
313 ATACADAO - SANTO ANDRE CENTRO;SACOLA VERDE 40X50;ATACADAO SP;ATIVO 
314 ATACADAO - SAO BERNARDO CENTRO;BOBINA 20X30;ATACADAO SP;ATIVO 
314 ATACADAO - SAO BERNARDO CENTRO;BOBINA 25X35;ATACADAO SP;ATIVO 
314 ATACADAO - SAO BERNARDO CENTRO;BOBINA 30X40;ATACADAO SP;ATIVO 
314 ATACADAO - SAO BERNARDO CENTRO;BRAMIL LIXO 100L;ATACADAO SP;ATIVO 
314 ATACADAO - SAO BERNARDO CENTRO;BRAMIL LIXO 100L REF ;ATACADAO SP;ATIVO 
314 ATACADAO - SAO BERNARDO CENTRO;BRAMIL LIXO 15L;ATACADAO SP;ATIVO 
314 ATACADAO - SAO BERNARDO CENTRO;BRAMIL LIXO 200L REF ;ATACADAO SP;ATIVO 
314 ATACADAO - SAO BERNARDO CENTRO;BRAMIL LIXO 30L;ATACADAO SP;ATIVO 
314 ATACADAO - SAO BERNARDO CENTRO;BRAMIL LIXO 50L ;ATACADAO SP;ATIVO 
314 ATACADAO - SAO BERNARDO CENTRO;ECONOMICO 100L;ATACADAO SP;ATIVO 
314 ATACADAO - SAO BERNARDO CENTRO;ECONOMICO 100L ;ATACADAO SP;ATIVO 
314 ATACADAO - SAO BERNARDO CENTRO;ECONOMICO 15L;ATACADAO SP;ATIVO 
314 ATACADAO - SAO BERNARDO CENTRO;ECONOMICO 30L;ATACADAO SP;ATIVO 
314 ATACADAO - SAO BERNARDO CENTRO;ECONOMICO 50L;ATACADAO SP;ATIVO 
314 ATACADAO - SAO BERNARDO CENTRO;HIPERROLL 100L;ATACADAO SP;ATIVO 
314 ATACADAO - SAO BERNARDO CENTRO;HIPERROLL 15L;ATACADAO SP;ATIVO 
314 ATACADAO - SAO BERNARDO CENTRO;HIPERROLL 30L;ATACADAO SP;ATIVO 
314 ATACADAO - SAO BERNARDO CENTRO;HIPERROLL 50L;ATACADAO SP;ATIVO 
314 ATACADAO - SAO BERNARDO CENTRO;REFORCADO 100L;ATACADAO SP;ATIVO 
314 ATACADAO - SAO BERNARDO CENTRO;REFORCADO 200L;ATACADAO SP;ATIVO 
314 ATACADAO - SAO BERNARDO CENTRO;SACOLA 29X39;ATACADAO SP;ATIVO 
314 ATACADAO - SAO BERNARDO CENTRO;SACOLA 29X39 ;ATACADAO SP;ATIVO 
314 ATACADAO - SAO BERNARDO CENTRO;SACOLA 38X48;ATACADAO SP;ATIVO 
314 ATACADAO - SAO BERNARDO CENTRO;SACOLA 38X48 ;ATACADAO SP;ATIVO 
314 ATACADAO - SAO BERNARDO CENTRO;SACOLA VERDE 38X50;ATACADAO SP;ATIVO 
314 ATACADAO - SAO BERNARDO CENTRO;SACOLA VERDE 40X50;ATACADAO SP;ATIVO 
315 ATACADAO - SAO BERNARDO DEMARCHI;BOBINA 20X30;ATACADAO SP;ATIVO 
315 ATACADAO - SAO BERNARDO DEMARCHI;BOBINA 25X35;ATACADAO SP;ATIVO 
315 ATACADAO - SAO BERNARDO DEMARCHI;BOBINA 30X40;ATACADAO SP;ATIVO 
315 ATACADAO - SAO BERNARDO DEMARCHI;BRAMIL LIXO 100L;ATACADAO SP;ATIVO 
315 ATACADAO - SAO BERNARDO DEMARCHI;BRAMIL LIXO 100L REF ;ATACADAO SP;ATIVO 
315 ATACADAO - SAO BERNARDO DEMARCHI;BRAMIL LIXO 15L;ATACADAO SP;ATIVO 
315 ATACADAO - SAO BERNARDO DEMARCHI;BRAMIL LIXO 200L REF ;ATACADAO SP;ATIVO 
315 ATACADAO - SAO BERNARDO DEMARCHI;BRAMIL LIXO 30L;ATACADAO SP;ATIVO 
315 ATACADAO - SAO BERNARDO DEMARCHI;BRAMIL LIXO 50L ;ATACADAO SP;ATIVO 
315 ATACADAO - SAO BERNARDO DEMARCHI;ECONOMICO 100L;ATACADAO SP;ATIVO 
315 ATACADAO - SAO BERNARDO DEMARCHI;ECONOMICO 100L ;ATACADAO SP;ATIVO 
315 ATACADAO - SAO BERNARDO DEMARCHI;ECONOMICO 15L;ATACADAO SP;ATIVO 
315 ATACADAO - SAO BERNARDO DEMARCHI;ECONOMICO 30L;ATACADAO SP;ATIVO 
315 ATACADAO - SAO BERNARDO DEMARCHI;ECONOMICO 50L;ATACADAO SP;ATIVO 
315 ATACADAO - SAO BERNARDO DEMARCHI;HIPERROLL 100L;ATACADAO SP;ATIVO 
315 ATACADAO - SAO BERNARDO DEMARCHI;HIPERROLL 15L;ATACADAO SP;ATIVO 
315 ATACADAO - SAO BERNARDO DEMARCHI;HIPERROLL 30L;ATACADAO SP;ATIVO 
315 ATACADAO - SAO BERNARDO DEMARCHI;HIPERROLL 50L;ATACADAO SP;ATIVO 
315 ATACADAO - SAO BERNARDO DEMARCHI;REFORCADO 100L;ATACADAO SP;ATIVO 
315 ATACADAO - SAO BERNARDO DEMARCHI;REFORCADO 200L;ATACADAO SP;ATIVO 
315 ATACADAO - SAO BERNARDO DEMARCHI;SACOLA 29X39;ATACADAO SP;ATIVO 
315 ATACADAO - SAO BERNARDO DEMARCHI;SACOLA 29X39 ;ATACADAO SP;ATIVO 
315 ATACADAO - SAO BERNARDO DEMARCHI;SACOLA 38X48;ATACADAO SP;ATIVO 
315 ATACADAO - SAO BERNARDO DEMARCHI;SACOLA 38X48 ;ATACADAO SP;ATIVO 
315 ATACADAO - SAO BERNARDO DEMARCHI;SACOLA VERDE 38X50;ATACADAO SP;ATIVO 
315 ATACADAO - SAO BERNARDO DEMARCHI;SACOLA VERDE 40X50;ATACADAO SP;ATIVO 
316 ATACADAO - SAO BERNARDO PIRAPORINHA;BOBINA 20X30;ATACADAO SP;ATIVO 
316 ATACADAO - SAO BERNARDO PIRAPORINHA;BOBINA 25X35;ATACADAO SP;ATIVO 
316 ATACADAO - SAO BERNARDO PIRAPORINHA;BOBINA 30X40;ATACADAO SP;ATIVO 
316 ATACADAO - SAO BERNARDO PIRAPORINHA;BRAMIL LIXO 100L;ATACADAO SP;ATIVO 
316 ATACADAO - SAO BERNARDO PIRAPORINHA;BRAMIL LIXO 100L REF ;ATACADAO SP;ATIVO 
316 ATACADAO - SAO BERNARDO PIRAPORINHA;BRAMIL LIXO 15L;ATACADAO SP;ATIVO 
316 ATACADAO - SAO BERNARDO PIRAPORINHA;BRAMIL LIXO 200L REF ;ATACADAO SP;ATIVO 
316 ATACADAO - SAO BERNARDO PIRAPORINHA;BRAMIL LIXO 30L;ATACADAO SP;ATIVO 
316 ATACADAO - SAO BERNARDO PIRAPORINHA;BRAMIL LIXO 50L ;ATACADAO SP;ATIVO 
316 ATACADAO - SAO BERNARDO PIRAPORINHA;ECONOMICO 100L;ATACADAO SP;ATIVO 
316 ATACADAO - SAO BERNARDO PIRAPORINHA;ECONOMICO 100L ;ATACADAO SP;ATIVO 
316 ATACADAO - SAO BERNARDO PIRAPORINHA;ECONOMICO 15L;ATACADAO SP;ATIVO 
316 ATACADAO - SAO BERNARDO PIRAPORINHA;ECONOMICO 30L;ATACADAO SP;ATIVO 
316 ATACADAO - SAO BERNARDO PIRAPORINHA;ECONOMICO 50L;ATACADAO SP;ATIVO 
316 ATACADAO - SAO BERNARDO PIRAPORINHA;HIPERROLL 100L;ATACADAO SP;ATIVO 
316 ATACADAO - SAO BERNARDO PIRAPORINHA;HIPERROLL 15L;ATACADAO SP;ATIVO 
316 ATACADAO - SAO BERNARDO PIRAPORINHA;HIPERROLL 30L;ATACADAO SP;ATIVO 
316 ATACADAO - SAO BERNARDO PIRAPORINHA;HIPERROLL 50L;ATACADAO SP;ATIVO 
316 ATACADAO - SAO BERNARDO PIRAPORINHA;REFORCADO 100L;ATACADAO SP;ATIVO 
316 ATACADAO - SAO BERNARDO PIRAPORINHA;REFORCADO 200L;ATACADAO SP;ATIVO 
316 ATACADAO - SAO BERNARDO PIRAPORINHA;SACOLA 29X39;ATACADAO SP;ATIVO 
316 ATACADAO - SAO BERNARDO PIRAPORINHA;SACOLA 29X39 ;ATACADAO SP;ATIVO 
316 ATACADAO - SAO BERNARDO PIRAPORINHA;SACOLA 38X48;ATACADAO SP;ATIVO 
316 ATACADAO - SAO BERNARDO PIRAPORINHA;SACOLA 38X48 ;ATACADAO SP;ATIVO 
316 ATACADAO - SAO BERNARDO PIRAPORINHA;SACOLA VERDE 38X50;ATACADAO SP;ATIVO 
316 ATACADAO - SAO BERNARDO PIRAPORINHA;SACOLA VERDE 40X50;ATACADAO SP;ATIVO 
317 ATACADAO - SAO CAETANO DO SUL;BOBINA 20X30;ATACADAO SP;ATIVO 
317 ATACADAO - SAO CAETANO DO SUL;BOBINA 25X35;ATACADAO SP;ATIVO 
317 ATACADAO - SAO CAETANO DO SUL;BOBINA 30X40;ATACADAO SP;ATIVO 
317 ATACADAO - SAO CAETANO DO SUL;BRAMIL LIXO 100L;ATACADAO SP;ATIVO 
317 ATACADAO - SAO CAETANO DO SUL;BRAMIL LIXO 100L REF ;ATACADAO SP;ATIVO 
317 ATACADAO - SAO CAETANO DO SUL;BRAMIL LIXO 15L;ATACADAO SP;ATIVO 
317 ATACADAO - SAO CAETANO DO SUL;BRAMIL LIXO 200L REF ;ATACADAO SP;ATIVO 
317 ATACADAO - SAO CAETANO DO SUL;BRAMIL LIXO 30L;ATACADAO SP;ATIVO 
317 ATACADAO - SAO CAETANO DO SUL;BRAMIL LIXO 50L ;ATACADAO SP;ATIVO 
317 ATACADAO - SAO CAETANO DO SUL;ECONOMICO 100L;ATACADAO SP;ATIVO 
317 ATACADAO - SAO CAETANO DO SUL;ECONOMICO 100L ;ATACADAO SP;ATIVO 
317 ATACADAO - SAO CAETANO DO SUL;ECONOMICO 15L;ATACADAO SP;ATIVO 
317 ATACADAO - SAO CAETANO DO SUL;ECONOMICO 30L;ATACADAO SP;ATIVO 
317 ATACADAO - SAO CAETANO DO SUL;ECONOMICO 50L;ATACADAO SP;ATIVO 
317 ATACADAO - SAO CAETANO DO SUL;HIPERROLL 100L;ATACADAO SP;ATIVO 
317 ATACADAO - SAO CAETANO DO SUL;HIPERROLL 15L;ATACADAO SP;ATIVO 
317 ATACADAO - SAO CAETANO DO SUL;HIPERROLL 30L;ATACADAO SP;ATIVO 
317 ATACADAO - SAO CAETANO DO SUL;HIPERROLL 50L;ATACADAO SP;ATIVO 
317 ATACADAO - SAO CAETANO DO SUL;REFORCADO 100L;ATACADAO SP;ATIVO 
317 ATACADAO - SAO CAETANO DO SUL;REFORCADO 200L;ATACADAO SP;ATIVO 
317 ATACADAO - SAO CAETANO DO SUL;SACOLA 29X39;ATACADAO SP;ATIVO 
317 ATACADAO - SAO CAETANO DO SUL;SACOLA 29X39 ;ATACADAO SP;ATIVO 
317 ATACADAO - SAO CAETANO DO SUL;SACOLA 38X48;ATACADAO SP;ATIVO 
317 ATACADAO - SAO CAETANO DO SUL;SACOLA 38X48 ;ATACADAO SP;ATIVO 
317 ATACADAO - SAO CAETANO DO SUL;SACOLA VERDE 38X50;ATACADAO SP;ATIVO 
317 ATACADAO - SAO CAETANO DO SUL;SACOLA VERDE 40X50;ATACADAO SP;ATIVO 
318 ATACADAO - SAO VICENTE;BOBINA 20X30;ATACADAO SP;ATIVO 
318 ATACADAO - SAO VICENTE;BOBINA 25X35;ATACADAO SP;ATIVO 
318 ATACADAO - SAO VICENTE;BOBINA 30X40;ATACADAO SP;ATIVO 
318 ATACADAO - SAO VICENTE;BRAMIL LIXO 100L;ATACADAO SP;ATIVO 
318 ATACADAO - SAO VICENTE;BRAMIL LIXO 100L REF ;ATACADAO SP;ATIVO 
318 ATACADAO - SAO VICENTE;BRAMIL LIXO 15L;ATACADAO SP;ATIVO 
318 ATACADAO - SAO VICENTE;BRAMIL LIXO 200L REF ;ATACADAO SP;ATIVO 
318 ATACADAO - SAO VICENTE;BRAMIL LIXO 30L;ATACADAO SP;ATIVO 
318 ATACADAO - SAO VICENTE;BRAMIL LIXO 50L ;ATACADAO SP;ATIVO 
318 ATACADAO - SAO VICENTE;ECONOMICO 100L;ATACADAO SP;ATIVO 
318 ATACADAO - SAO VICENTE;ECONOMICO 100L ;ATACADAO SP;ATIVO 
318 ATACADAO - SAO VICENTE;ECONOMICO 15L;ATACADAO SP;ATIVO 
318 ATACADAO - SAO VICENTE;ECONOMICO 30L;ATACADAO SP;ATIVO 
318 ATACADAO - SAO VICENTE;ECONOMICO 50L;ATACADAO SP;ATIVO 
318 ATACADAO - SAO VICENTE;HIPERROLL 100L;ATACADAO SP;ATIVO 
318 ATACADAO - SAO VICENTE;HIPERROLL 15L;ATACADAO SP;ATIVO 
318 ATACADAO - SAO VICENTE;HIPERROLL 30L;ATACADAO SP;ATIVO 
318 ATACADAO - SAO VICENTE;HIPERROLL 50L;ATACADAO SP;ATIVO 
318 ATACADAO - SAO VICENTE;REFORCADO 100L;ATACADAO SP;ATIVO 
318 ATACADAO - SAO VICENTE;REFORCADO 200L;ATACADAO SP;ATIVO 
318 ATACADAO - SAO VICENTE;SACOLA 29X39;ATACADAO SP;ATIVO 
318 ATACADAO - SAO VICENTE;SACOLA 29X39 ;ATACADAO SP;ATIVO 
318 ATACADAO - SAO VICENTE;SACOLA 38X48;ATACADAO SP;ATIVO 
318 ATACADAO - SAO VICENTE;SACOLA 38X48 ;ATACADAO SP;ATIVO 
318 ATACADAO - SAO VICENTE;SACOLA VERDE 38X50;ATACADAO SP;ATIVO 
318 ATACADAO - SAO VICENTE;SACOLA VERDE 40X50;ATACADAO SP;ATIVO 
324 ATACADAO - VILA GUILHERME;BOBINA 20X30;ATACADAO SP;ATIVO 
324 ATACADAO - VILA GUILHERME;BOBINA 25X35;ATACADAO SP;ATIVO 
324 ATACADAO - VILA GUILHERME;BOBINA 30X40;ATACADAO SP;ATIVO 
324 ATACADAO - VILA GUILHERME;BRAMIL LIXO 100L;ATACADAO SP;ATIVO 
324 ATACADAO - VILA GUILHERME;BRAMIL LIXO 100L REF ;ATACADAO SP;ATIVO 
324 ATACADAO - VILA GUILHERME;BRAMIL LIXO 15L;ATACADAO SP;ATIVO 
324 ATACADAO - VILA GUILHERME;BRAMIL LIXO 200L REF ;ATACADAO SP;ATIVO 
324 ATACADAO - VILA GUILHERME;BRAMIL LIXO 30L;ATACADAO SP;ATIVO 
324 ATACADAO - VILA GUILHERME;BRAMIL LIXO 50L ;ATACADAO SP;ATIVO 
324 ATACADAO - VILA GUILHERME;ECONOMICO 100L;ATACADAO SP;ATIVO 
324 ATACADAO - VILA GUILHERME;ECONOMICO 100L ;ATACADAO SP;ATIVO 
324 ATACADAO - VILA GUILHERME;ECONOMICO 15L;ATACADAO SP;ATIVO 
324 ATACADAO - VILA GUILHERME;ECONOMICO 30L;ATACADAO SP;ATIVO 
324 ATACADAO - VILA GUILHERME;ECONOMICO 50L;ATACADAO SP;ATIVO 
324 ATACADAO - VILA GUILHERME;HIPERROLL 100L;ATACADAO SP;ATIVO 
324 ATACADAO - VILA GUILHERME;HIPERROLL 15L;ATACADAO SP;ATIVO 
324 ATACADAO - VILA GUILHERME;HIPERROLL 30L;ATACADAO SP;ATIVO 
324 ATACADAO - VILA GUILHERME;HIPERROLL 50L;ATACADAO SP;ATIVO 
324 ATACADAO - VILA GUILHERME;REFORCADO 100L;ATACADAO SP;ATIVO 
324 ATACADAO - VILA GUILHERME;REFORCADO 200L;ATACADAO SP;ATIVO 
324 ATACADAO - VILA GUILHERME;SACOLA 29X39;ATACADAO SP;ATIVO 
324 ATACADAO - VILA GUILHERME;SACOLA 29X39 ;ATACADAO SP;ATIVO 
324 ATACADAO - VILA GUILHERME;SACOLA 38X48;ATACADAO SP;ATIVO 
324 ATACADAO - VILA GUILHERME;SACOLA 38X48 ;ATACADAO SP;ATIVO 
324 ATACADAO - VILA GUILHERME;SACOLA VERDE 38X50;ATACADAO SP;ATIVO 
324 ATACADAO - VILA GUILHERME;SACOLA VERDE 40X50;ATACADAO SP;ATIVO 
327 ATACADAO - SAO JOSE DOS CAMPOS SHOPPING;BOBINA 20X30;ATACADAO SP;ATIVO 
327 ATACADAO - SAO JOSE DOS CAMPOS SHOPPING;BOBINA 25X35;ATACADAO SP;ATIVO 
327 ATACADAO - SAO JOSE DOS CAMPOS SHOPPING;BOBINA 30X40;ATACADAO SP;ATIVO 
327 ATACADAO - SAO JOSE DOS CAMPOS SHOPPING;BRAMIL LIXO 100L;ATACADAO SP;ATIVO 
327 ATACADAO - SAO JOSE DOS CAMPOS SHOPPING;BRAMIL LIXO 100L REF ;ATACADAO SP;ATIVO 
327 ATACADAO - SAO JOSE DOS CAMPOS SHOPPING;BRAMIL LIXO 15L;ATACADAO SP;ATIVO 
327 ATACADAO - SAO JOSE DOS CAMPOS SHOPPING;BRAMIL LIXO 200L REF ;ATACADAO SP;ATIVO 
327 ATACADAO - SAO JOSE DOS CAMPOS SHOPPING;BRAMIL LIXO 30L;ATACADAO SP;ATIVO 
327 ATACADAO - SAO JOSE DOS CAMPOS SHOPPING;BRAMIL LIXO 50L ;ATACADAO SP;ATIVO 
327 ATACADAO - SAO JOSE DOS CAMPOS SHOPPING;ECONOMICO 100L;ATACADAO SP;ATIVO 
327 ATACADAO - SAO JOSE DOS CAMPOS SHOPPING;ECONOMICO 100L ;ATACADAO SP;ATIVO 
327 ATACADAO - SAO JOSE DOS CAMPOS SHOPPING;ECONOMICO 15L;ATACADAO SP;ATIVO 
327 ATACADAO - SAO JOSE DOS CAMPOS SHOPPING;ECONOMICO 30L;ATACADAO SP;ATIVO 
327 ATACADAO - SAO JOSE DOS CAMPOS SHOPPING;ECONOMICO 50L;ATACADAO SP;ATIVO 
327 ATACADAO - SAO JOSE DOS CAMPOS SHOPPING;HIPERROLL 100L;ATACADAO SP;ATIVO 
327 ATACADAO - SAO JOSE DOS CAMPOS SHOPPING;HIPERROLL 15L;ATACADAO SP;ATIVO 
327 ATACADAO - SAO JOSE DOS CAMPOS SHOPPING;HIPERROLL 30L;ATACADAO SP;ATIVO 
327 ATACADAO - SAO JOSE DOS CAMPOS SHOPPING;HIPERROLL 50L;ATACADAO SP;ATIVO 
327 ATACADAO - SAO JOSE DOS CAMPOS SHOPPING;REFORCADO 100L;ATACADAO SP;ATIVO 
327 ATACADAO - SAO JOSE DOS CAMPOS SHOPPING;REFORCADO 200L;ATACADAO SP;ATIVO 
327 ATACADAO - SAO JOSE DOS CAMPOS SHOPPING;SACOLA 29X39;ATACADAO SP;ATIVO 
327 ATACADAO - SAO JOSE DOS CAMPOS SHOPPING;SACOLA 29X39 ;ATACADAO SP;ATIVO 
327 ATACADAO - SAO JOSE DOS CAMPOS SHOPPING;SACOLA 38X48;ATACADAO SP;ATIVO 
327 ATACADAO - SAO JOSE DOS CAMPOS SHOPPING;SACOLA 38X48 ;ATACADAO SP;ATIVO 
327 ATACADAO - SAO JOSE DOS CAMPOS SHOPPING;SACOLA VERDE 38X50;ATACADAO SP;ATIVO 
327 ATACADAO - SAO JOSE DOS CAMPOS SHOPPING;SACOLA VERDE 40X50;ATACADAO SP;ATIVO 
365 ATACADAO - ARACATUBA;BOBINA 20X30;ATACADAO SP;ATIVO 
365 ATACADAO - ARACATUBA;BOBINA 25X35;ATACADAO SP;ATIVO 
365 ATACADAO - ARACATUBA;BOBINA 30X40;ATACADAO SP;ATIVO 
365 ATACADAO - ARACATUBA;BRAMIL LIXO 100L;ATACADAO SP;ATIVO 
365 ATACADAO - ARACATUBA;BRAMIL LIXO 100L REF ;ATACADAO SP;ATIVO 
365 ATACADAO - ARACATUBA;BRAMIL LIXO 15L;ATACADAO SP;ATIVO 
365 ATACADAO - ARACATUBA;BRAMIL LIXO 200L REF ;ATACADAO SP;ATIVO 
365 ATACADAO - ARACATUBA;BRAMIL LIXO 30L;ATACADAO SP;ATIVO 
365 ATACADAO - ARACATUBA;BRAMIL LIXO 50L ;ATACADAO SP;ATIVO 
365 ATACADAO - ARACATUBA;ECONOMICO 100L;ATACADAO SP;ATIVO 
365 ATACADAO - ARACATUBA;ECONOMICO 100L ;ATACADAO SP;ATIVO 
365 ATACADAO - ARACATUBA;ECONOMICO 15L;ATACADAO SP;ATIVO 
365 ATACADAO - ARACATUBA;ECONOMICO 30L;ATACADAO SP;ATIVO 
365 ATACADAO - ARACATUBA;ECONOMICO 50L;ATACADAO SP;ATIVO 
365 ATACADAO - ARACATUBA;HIPERROLL 100L;ATACADAO SP;ATIVO 
365 ATACADAO - ARACATUBA;HIPERROLL 15L;ATACADAO SP;ATIVO 
365 ATACADAO - ARACATUBA;HIPERROLL 30L;ATACADAO SP;ATIVO 
365 ATACADAO - ARACATUBA;HIPERROLL 50L;ATACADAO SP;ATIVO 
365 ATACADAO - ARACATUBA;REFORCADO 100L;ATACADAO SP;ATIVO 
365 ATACADAO - ARACATUBA;REFORCADO 200L;ATACADAO SP;ATIVO 
365 ATACADAO - ARACATUBA;SACOLA 29X39;ATACADAO SP;ATIVO 
365 ATACADAO - ARACATUBA;SACOLA 29X39 ;ATACADAO SP;ATIVO 
365 ATACADAO - ARACATUBA;SACOLA 38X48;ATACADAO SP;ATIVO 
365 ATACADAO - ARACATUBA;SACOLA 38X48 ;ATACADAO SP;ATIVO 
365 ATACADAO - ARACATUBA;SACOLA VERDE 38X50;ATACADAO SP;ATIVO 
365 ATACADAO - ARACATUBA;SACOLA VERDE 40X50;ATACADAO SP;ATIVO 
366 ATACADAO - ARARAS;BOBINA 20X30;ATACADAO SP;ATIVO 
366 ATACADAO - ARARAS;BOBINA 25X35;ATACADAO SP;ATIVO 
366 ATACADAO - ARARAS;BOBINA 30X40;ATACADAO SP;ATIVO 
366 ATACADAO - ARARAS;BRAMIL LIXO 100L;ATACADAO SP;ATIVO 
366 ATACADAO - ARARAS;BRAMIL LIXO 100L REF ;ATACADAO SP;ATIVO 
366 ATACADAO - ARARAS;BRAMIL LIXO 15L;ATACADAO SP;ATIVO 
366 ATACADAO - ARARAS;BRAMIL LIXO 200L REF ;ATACADAO SP;ATIVO 
366 ATACADAO - ARARAS;BRAMIL LIXO 30L;ATACADAO SP;ATIVO 
366 ATACADAO - ARARAS;BRAMIL LIXO 50L ;ATACADAO SP;ATIVO 
366 ATACADAO - ARARAS;ECONOMICO 100L;ATACADAO SP;ATIVO 
366 ATACADAO - ARARAS;ECONOMICO 100L ;ATACADAO SP;ATIVO 
366 ATACADAO - ARARAS;ECONOMICO 15L;ATACADAO SP;ATIVO 
366 ATACADAO - ARARAS;ECONOMICO 30L;ATACADAO SP;ATIVO 
366 ATACADAO - ARARAS;ECONOMICO 50L;ATACADAO SP;ATIVO 
366 ATACADAO - ARARAS;HIPERROLL 100L;ATACADAO SP;ATIVO 
366 ATACADAO - ARARAS;HIPERROLL 15L;ATACADAO SP;ATIVO 
366 ATACADAO - ARARAS;HIPERROLL 30L;ATACADAO SP;ATIVO 
366 ATACADAO - ARARAS;HIPERROLL 50L;ATACADAO SP;ATIVO 
366 ATACADAO - ARARAS;REFORCADO 100L;ATACADAO SP;ATIVO 
366 ATACADAO - ARARAS;REFORCADO 200L;ATACADAO SP;ATIVO 
366 ATACADAO - ARARAS;SACOLA 29X39;ATACADAO SP;ATIVO 
366 ATACADAO - ARARAS;SACOLA 29X39 ;ATACADAO SP;ATIVO 
366 ATACADAO - ARARAS;SACOLA 38X48;ATACADAO SP;ATIVO 
366 ATACADAO - ARARAS;SACOLA 38X48 ;ATACADAO SP;ATIVO 
366 ATACADAO - ARARAS;SACOLA VERDE 38X50;ATACADAO SP;ATIVO 
366 ATACADAO - ARARAS;SACOLA VERDE 40X50;ATACADAO SP;ATIVO 
367 ATACADAO - ASSIS;BOBINA 20X30;ATACADAO SP;ATIVO 
367 ATACADAO - ASSIS;BOBINA 25X35;ATACADAO SP;ATIVO 
367 ATACADAO - ASSIS;BOBINA 30X40;ATACADAO SP;ATIVO 
367 ATACADAO - ASSIS;BRAMIL LIXO 100L;ATACADAO SP;ATIVO 
367 ATACADAO - ASSIS;BRAMIL LIXO 100L REF ;ATACADAO SP;ATIVO 
367 ATACADAO - ASSIS;BRAMIL LIXO 15L;ATACADAO SP;ATIVO 
367 ATACADAO - ASSIS;BRAMIL LIXO 200L REF ;ATACADAO SP;ATIVO 
367 ATACADAO - ASSIS;BRAMIL LIXO 30L;ATACADAO SP;ATIVO 
367 ATACADAO - ASSIS;BRAMIL LIXO 50L ;ATACADAO SP;ATIVO 
367 ATACADAO - ASSIS;ECONOMICO 100L;ATACADAO SP;ATIVO 
367 ATACADAO - ASSIS;ECONOMICO 100L ;ATACADAO SP;ATIVO 
367 ATACADAO - ASSIS;ECONOMICO 15L;ATACADAO SP;ATIVO 
367 ATACADAO - ASSIS;ECONOMICO 30L;ATACADAO SP;ATIVO 
367 ATACADAO - ASSIS;ECONOMICO 50L;ATACADAO SP;ATIVO 
367 ATACADAO - ASSIS;HIPERROLL 100L;ATACADAO SP;ATIVO 
367 ATACADAO - ASSIS;HIPERROLL 15L;ATACADAO SP;ATIVO 
367 ATACADAO - ASSIS;HIPERROLL 30L;ATACADAO SP;ATIVO 
367 ATACADAO - ASSIS;HIPERROLL 50L;ATACADAO SP;ATIVO 
367 ATACADAO - ASSIS;REFORCADO 100L;ATACADAO SP;ATIVO 
367 ATACADAO - ASSIS;REFORCADO 200L;ATACADAO SP;ATIVO 
367 ATACADAO - ASSIS;SACOLA 29X39;ATACADAO SP;ATIVO 
367 ATACADAO - ASSIS;SACOLA 29X39 ;ATACADAO SP;ATIVO 
367 ATACADAO - ASSIS;SACOLA 38X48;ATACADAO SP;ATIVO 
367 ATACADAO - ASSIS;SACOLA 38X48 ;ATACADAO SP;ATIVO 
367 ATACADAO - ASSIS;SACOLA VERDE 38X50;ATACADAO SP;ATIVO 
367 ATACADAO - ASSIS;SACOLA VERDE 40X50;ATACADAO SP;ATIVO 
370 ATACADAO - BARRETOS;BOBINA 20X30;ATACADAO SP;ATIVO 
370 ATACADAO - BARRETOS;BOBINA 25X35;ATACADAO SP;ATIVO 
370 ATACADAO - BARRETOS;BOBINA 30X40;ATACADAO SP;ATIVO 
370 ATACADAO - BARRETOS;BRAMIL LIXO 100L;ATACADAO SP;ATIVO 
370 ATACADAO - BARRETOS;BRAMIL LIXO 100L REF ;ATACADAO SP;ATIVO 
370 ATACADAO - BARRETOS;BRAMIL LIXO 15L;ATACADAO SP;ATIVO 
370 ATACADAO - BARRETOS;BRAMIL LIXO 200L REF ;ATACADAO SP;ATIVO 
370 ATACADAO - BARRETOS;BRAMIL LIXO 30L;ATACADAO SP;ATIVO 
370 ATACADAO - BARRETOS;BRAMIL LIXO 50L ;ATACADAO SP;ATIVO 
370 ATACADAO - BARRETOS;ECONOMICO 100L;ATACADAO SP;ATIVO 
370 ATACADAO - BARRETOS;ECONOMICO 100L ;ATACADAO SP;ATIVO 
370 ATACADAO - BARRETOS;ECONOMICO 15L;ATACADAO SP;ATIVO 
370 ATACADAO - BARRETOS;ECONOMICO 30L;ATACADAO SP;ATIVO 
370 ATACADAO - BARRETOS;ECONOMICO 50L;ATACADAO SP;ATIVO 
370 ATACADAO - BARRETOS;HIPERROLL 100L;ATACADAO SP;ATIVO 
370 ATACADAO - BARRETOS;HIPERROLL 15L;ATACADAO SP;ATIVO 
370 ATACADAO - BARRETOS;HIPERROLL 30L;ATACADAO SP;ATIVO 
370 ATACADAO - BARRETOS;HIPERROLL 50L;ATACADAO SP;ATIVO 
370 ATACADAO - BARRETOS;REFORCADO 100L;ATACADAO SP;ATIVO 
370 ATACADAO - BARRETOS;REFORCADO 200L;ATACADAO SP;ATIVO 
370 ATACADAO - BARRETOS;SACOLA 29X39;ATACADAO SP;ATIVO 
370 ATACADAO - BARRETOS;SACOLA 29X39 ;ATACADAO SP;ATIVO 
370 ATACADAO - BARRETOS;SACOLA 38X48;ATACADAO SP;ATIVO 
370 ATACADAO - BARRETOS;SACOLA 38X48 ;ATACADAO SP;ATIVO 
370 ATACADAO - BARRETOS;SACOLA VERDE 38X50;ATACADAO SP;ATIVO 
370 ATACADAO - BARRETOS;SACOLA VERDE 40X50;ATACADAO SP;ATIVO 
371 ATACADAO - BAURU;BOBINA 20X30;ATACADAO SP;ATIVO 
371 ATACADAO - BAURU;BOBINA 25X35;ATACADAO SP;ATIVO 
371 ATACADAO - BAURU;BOBINA 30X40;ATACADAO SP;ATIVO 
371 ATACADAO - BAURU;BRAMIL LIXO 100L;ATACADAO SP;ATIVO 
371 ATACADAO - BAURU;BRAMIL LIXO 100L REF ;ATACADAO SP;ATIVO 
371 ATACADAO - BAURU;BRAMIL LIXO 15L;ATACADAO SP;ATIVO 
371 ATACADAO - BAURU;BRAMIL LIXO 200L REF ;ATACADAO SP;ATIVO 
371 ATACADAO - BAURU;BRAMIL LIXO 30L;ATACADAO SP;ATIVO 
371 ATACADAO - BAURU;BRAMIL LIXO 50L ;ATACADAO SP;ATIVO 
371 ATACADAO - BAURU;ECONOMICO 100L;ATACADAO SP;ATIVO 
371 ATACADAO - BAURU;ECONOMICO 100L ;ATACADAO SP;ATIVO 
371 ATACADAO - BAURU;ECONOMICO 15L;ATACADAO SP;ATIVO 
371 ATACADAO - BAURU;ECONOMICO 30L;ATACADAO SP;ATIVO 
371 ATACADAO - BAURU;ECONOMICO 50L;ATACADAO SP;ATIVO 
371 ATACADAO - BAURU;HIPERROLL 100L;ATACADAO SP;ATIVO 
371 ATACADAO - BAURU;HIPERROLL 15L;ATACADAO SP;ATIVO 
371 ATACADAO - BAURU;HIPERROLL 30L;ATACADAO SP;ATIVO 
371 ATACADAO - BAURU;HIPERROLL 50L;ATACADAO SP;ATIVO 
371 ATACADAO - BAURU;REFORCADO 100L;ATACADAO SP;ATIVO 
371 ATACADAO - BAURU;REFORCADO 200L;ATACADAO SP;ATIVO 
371 ATACADAO - BAURU;SACOLA 29X39;ATACADAO SP;ATIVO 
371 ATACADAO - BAURU;SACOLA 29X39 ;ATACADAO SP;ATIVO 
371 ATACADAO - BAURU;SACOLA 38X48;ATACADAO SP;ATIVO 
371 ATACADAO - BAURU;SACOLA 38X48 ;ATACADAO SP;ATIVO 
371 ATACADAO - BAURU;SACOLA VERDE 38X50;ATACADAO SP;ATIVO 
371 ATACADAO - BAURU;SACOLA VERDE 40X50;ATACADAO SP;ATIVO 
376 ATACADAO - CATANDUVA;BOBINA 20X30;ATACADAO SP;ATIVO 
376 ATACADAO - CATANDUVA;BOBINA 25X35;ATACADAO SP;ATIVO 
376 ATACADAO - CATANDUVA;BOBINA 30X40;ATACADAO SP;ATIVO 
376 ATACADAO - CATANDUVA;BRAMIL LIXO 100L;ATACADAO SP;ATIVO 
376 ATACADAO - CATANDUVA;BRAMIL LIXO 100L REF ;ATACADAO SP;ATIVO 
376 ATACADAO - CATANDUVA;BRAMIL LIXO 15L;ATACADAO SP;ATIVO 
376 ATACADAO - CATANDUVA;BRAMIL LIXO 200L REF ;ATACADAO SP;ATIVO 
376 ATACADAO - CATANDUVA;BRAMIL LIXO 30L;ATACADAO SP;ATIVO 
376 ATACADAO - CATANDUVA;BRAMIL LIXO 50L ;ATACADAO SP;ATIVO 
376 ATACADAO - CATANDUVA;ECONOMICO 100L;ATACADAO SP;ATIVO 
376 ATACADAO - CATANDUVA;ECONOMICO 100L ;ATACADAO SP;ATIVO 
376 ATACADAO - CATANDUVA;ECONOMICO 15L;ATACADAO SP;ATIVO 
376 ATACADAO - CATANDUVA;ECONOMICO 30L;ATACADAO SP;ATIVO 
376 ATACADAO - CATANDUVA;ECONOMICO 50L;ATACADAO SP;ATIVO 
376 ATACADAO - CATANDUVA;HIPERROLL 100L;ATACADAO SP;ATIVO 
376 ATACADAO - CATANDUVA;HIPERROLL 15L;ATACADAO SP;ATIVO 
376 ATACADAO - CATANDUVA;HIPERROLL 30L;ATACADAO SP;ATIVO 
376 ATACADAO - CATANDUVA;HIPERROLL 50L;ATACADAO SP;ATIVO 
376 ATACADAO - CATANDUVA;REFORCADO 100L;ATACADAO SP;ATIVO 
376 ATACADAO - CATANDUVA;REFORCADO 200L;ATACADAO SP;ATIVO 
376 ATACADAO - CATANDUVA;SACOLA 29X39;ATACADAO SP;ATIVO 
376 ATACADAO - CATANDUVA;SACOLA 29X39 ;ATACADAO SP;ATIVO 
376 ATACADAO - CATANDUVA;SACOLA 38X48;ATACADAO SP;ATIVO 
376 ATACADAO - CATANDUVA;SACOLA 38X48 ;ATACADAO SP;ATIVO 
376 ATACADAO - CATANDUVA;SACOLA VERDE 38X50;ATACADAO SP;ATIVO 
376 ATACADAO - CATANDUVA;SACOLA VERDE 40X50;ATACADAO SP;ATIVO 
386 ATACADAO - FRANCA;BOBINA 20X30;ATACADAO SP;ATIVO 
386 ATACADAO - FRANCA;BOBINA 25X35;ATACADAO SP;ATIVO 
386 ATACADAO - FRANCA;BOBINA 30X40;ATACADAO SP;ATIVO 
386 ATACADAO - FRANCA;BRAMIL LIXO 100L;ATACADAO SP;ATIVO 
386 ATACADAO - FRANCA;BRAMIL LIXO 100L REF ;ATACADAO SP;ATIVO 
386 ATACADAO - FRANCA;BRAMIL LIXO 15L;ATACADAO SP;ATIVO 
386 ATACADAO - FRANCA;BRAMIL LIXO 200L REF ;ATACADAO SP;ATIVO 
386 ATACADAO - FRANCA;BRAMIL LIXO 30L;ATACADAO SP;ATIVO 
386 ATACADAO - FRANCA;BRAMIL LIXO 50L ;ATACADAO SP;ATIVO 
386 ATACADAO - FRANCA;ECONOMICO 100L;ATACADAO SP;ATIVO 
386 ATACADAO - FRANCA;ECONOMICO 100L ;ATACADAO SP;ATIVO 
386 ATACADAO - FRANCA;ECONOMICO 15L;ATACADAO SP;ATIVO 
386 ATACADAO - FRANCA;ECONOMICO 30L;ATACADAO SP;ATIVO 
386 ATACADAO - FRANCA;ECONOMICO 50L;ATACADAO SP;ATIVO 
386 ATACADAO - FRANCA;HIPERROLL 100L;ATACADAO SP;ATIVO 
386 ATACADAO - FRANCA;HIPERROLL 15L;ATACADAO SP;ATIVO 
386 ATACADAO - FRANCA;HIPERROLL 30L;ATACADAO SP;ATIVO 
386 ATACADAO - FRANCA;HIPERROLL 50L;ATACADAO SP;ATIVO 
386 ATACADAO - FRANCA;REFORCADO 100L;ATACADAO SP;ATIVO 
386 ATACADAO - FRANCA;REFORCADO 200L;ATACADAO SP;ATIVO 
386 ATACADAO - FRANCA;SACOLA 29X39;ATACADAO SP;ATIVO 
386 ATACADAO - FRANCA;SACOLA 29X39 ;ATACADAO SP;ATIVO 
386 ATACADAO - FRANCA;SACOLA 38X48;ATACADAO SP;ATIVO 
386 ATACADAO - FRANCA;SACOLA 38X48 ;ATACADAO SP;ATIVO 
386 ATACADAO - FRANCA;SACOLA VERDE 38X50;ATACADAO SP;ATIVO 
386 ATACADAO - FRANCA;SACOLA VERDE 40X50;ATACADAO SP;ATIVO 
391 ATACADAO - JACAREI;BOBINA 20X30;ATACADAO SP;ATIVO 
391 ATACADAO - JACAREI;BOBINA 25X35;ATACADAO SP;ATIVO 
391 ATACADAO - JACAREI;BOBINA 30X40;ATACADAO SP;ATIVO 
391 ATACADAO - JACAREI;BRAMIL LIXO 100L;ATACADAO SP;ATIVO 
391 ATACADAO - JACAREI;BRAMIL LIXO 100L REF ;ATACADAO SP;ATIVO 
391 ATACADAO - JACAREI;BRAMIL LIXO 15L;ATACADAO SP;ATIVO 
391 ATACADAO - JACAREI;BRAMIL LIXO 200L REF ;ATACADAO SP;ATIVO 
391 ATACADAO - JACAREI;BRAMIL LIXO 30L;ATACADAO SP;ATIVO 
391 ATACADAO - JACAREI;BRAMIL LIXO 50L ;ATACADAO SP;ATIVO 
391 ATACADAO - JACAREI;ECONOMICO 100L;ATACADAO SP;ATIVO 
391 ATACADAO - JACAREI;ECONOMICO 100L ;ATACADAO SP;ATIVO 
391 ATACADAO - JACAREI;ECONOMICO 15L;ATACADAO SP;ATIVO 
391 ATACADAO - JACAREI;ECONOMICO 30L;ATACADAO SP;ATIVO 
391 ATACADAO - JACAREI;ECONOMICO 50L;ATACADAO SP;ATIVO 
391 ATACADAO - JACAREI;HIPERROLL 100L;ATACADAO SP;ATIVO 
391 ATACADAO - JACAREI;HIPERROLL 15L;ATACADAO SP;ATIVO 
391 ATACADAO - JACAREI;HIPERROLL 30L;ATACADAO SP;ATIVO 
391 ATACADAO - JACAREI;HIPERROLL 50L;ATACADAO SP;ATIVO 
391 ATACADAO - JACAREI;REFORCADO 100L;ATACADAO SP;ATIVO 
391 ATACADAO - JACAREI;REFORCADO 200L;ATACADAO SP;ATIVO 
391 ATACADAO - JACAREI;SACOLA 29X39;ATACADAO SP;ATIVO 
391 ATACADAO - JACAREI;SACOLA 29X39 ;ATACADAO SP;ATIVO 
391 ATACADAO - JACAREI;SACOLA 38X48;ATACADAO SP;ATIVO 
391 ATACADAO - JACAREI;SACOLA 38X48 ;ATACADAO SP;ATIVO 
391 ATACADAO - JACAREI;SACOLA VERDE 38X50;ATACADAO SP;ATIVO 
391 ATACADAO - JACAREI;SACOLA VERDE 40X50;ATACADAO SP;ATIVO 
398 ATACADAO - MARILIA;BOBINA 20X30;ATACADAO SP;ATIVO 
398 ATACADAO - MARILIA;BOBINA 25X35;ATACADAO SP;ATIVO 
398 ATACADAO - MARILIA;BOBINA 30X40;ATACADAO SP;ATIVO 
398 ATACADAO - MARILIA;BRAMIL LIXO 100L;ATACADAO SP;ATIVO 
398 ATACADAO - MARILIA;BRAMIL LIXO 100L REF ;ATACADAO SP;ATIVO 
398 ATACADAO - MARILIA;BRAMIL LIXO 15L;ATACADAO SP;ATIVO 
398 ATACADAO - MARILIA;BRAMIL LIXO 200L REF ;ATACADAO SP;ATIVO 
398 ATACADAO - MARILIA;BRAMIL LIXO 30L;ATACADAO SP;ATIVO 
398 ATACADAO - MARILIA;BRAMIL LIXO 50L ;ATACADAO SP;ATIVO 
398 ATACADAO - MARILIA;ECONOMICO 100L;ATACADAO SP;ATIVO 
398 ATACADAO - MARILIA;ECONOMICO 100L ;ATACADAO SP;ATIVO 
398 ATACADAO - MARILIA;ECONOMICO 15L;ATACADAO SP;ATIVO 
398 ATACADAO - MARILIA;ECONOMICO 30L;ATACADAO SP;ATIVO 
398 ATACADAO - MARILIA;ECONOMICO 50L;ATACADAO SP;ATIVO 
398 ATACADAO - MARILIA;HIPERROLL 100L;ATACADAO SP;ATIVO 
398 ATACADAO - MARILIA;HIPERROLL 15L;ATACADAO SP;ATIVO 
398 ATACADAO - MARILIA;HIPERROLL 30L;ATACADAO SP;ATIVO 
398 ATACADAO - MARILIA;HIPERROLL 50L;ATACADAO SP;ATIVO 
398 ATACADAO - MARILIA;REFORCADO 100L;ATACADAO SP;ATIVO 
398 ATACADAO - MARILIA;REFORCADO 200L;ATACADAO SP;ATIVO 
398 ATACADAO - MARILIA;SACOLA 29X39;ATACADAO SP;ATIVO 
398 ATACADAO - MARILIA;SACOLA 29X39 ;ATACADAO SP;ATIVO 
398 ATACADAO - MARILIA;SACOLA 38X48;ATACADAO SP;ATIVO 
398 ATACADAO - MARILIA;SACOLA 38X48 ;ATACADAO SP;ATIVO 
398 ATACADAO - MARILIA;SACOLA VERDE 38X50;ATACADAO SP;ATIVO 
398 ATACADAO - MARILIA;SACOLA VERDE 40X50;ATACADAO SP;ATIVO 
399 ATACADAO - MOGI GUACU;BOBINA 20X30;ATACADAO SP;ATIVO 
399 ATACADAO - MOGI GUACU;BOBINA 25X35;ATACADAO SP;ATIVO 
399 ATACADAO - MOGI GUACU;BOBINA 30X40;ATACADAO SP;ATIVO 
399 ATACADAO - MOGI GUACU;BRAMIL LIXO 100L;ATACADAO SP;ATIVO 
399 ATACADAO - MOGI GUACU;BRAMIL LIXO 100L REF ;ATACADAO SP;ATIVO 
399 ATACADAO - MOGI GUACU;BRAMIL LIXO 15L;ATACADAO SP;ATIVO 
399 ATACADAO - MOGI GUACU;BRAMIL LIXO 200L REF ;ATACADAO SP;ATIVO 
399 ATACADAO - MOGI GUACU;BRAMIL LIXO 30L;ATACADAO SP;ATIVO 
399 ATACADAO - MOGI GUACU;BRAMIL LIXO 50L ;ATACADAO SP;ATIVO 
399 ATACADAO - MOGI GUACU;ECONOMICO 100L;ATACADAO SP;ATIVO 
399 ATACADAO - MOGI GUACU;ECONOMICO 100L ;ATACADAO SP;ATIVO 
399 ATACADAO - MOGI GUACU;ECONOMICO 15L;ATACADAO SP;ATIVO 
399 ATACADAO - MOGI GUACU;ECONOMICO 30L;ATACADAO SP;ATIVO 
399 ATACADAO - MOGI GUACU;ECONOMICO 50L;ATACADAO SP;ATIVO 
399 ATACADAO - MOGI GUACU;HIPERROLL 100L;ATACADAO SP;ATIVO 
399 ATACADAO - MOGI GUACU;HIPERROLL 15L;ATACADAO SP;ATIVO 
399 ATACADAO - MOGI GUACU;HIPERROLL 30L;ATACADAO SP;ATIVO 
399 ATACADAO - MOGI GUACU;HIPERROLL 50L;ATACADAO SP;ATIVO 
399 ATACADAO - MOGI GUACU;REFORCADO 100L;ATACADAO SP;ATIVO 
399 ATACADAO - MOGI GUACU;REFORCADO 200L;ATACADAO SP;ATIVO 
399 ATACADAO - MOGI GUACU;SACOLA 29X39;ATACADAO SP;ATIVO 
399 ATACADAO - MOGI GUACU;SACOLA 29X39 ;ATACADAO SP;ATIVO 
399 ATACADAO - MOGI GUACU;SACOLA 38X48;ATACADAO SP;ATIVO 
399 ATACADAO - MOGI GUACU;SACOLA 38X48 ;ATACADAO SP;ATIVO 
399 ATACADAO - MOGI GUACU;SACOLA VERDE 38X50;ATACADAO SP;ATIVO 
399 ATACADAO - MOGI GUACU;SACOLA VERDE 40X50;ATACADAO SP;ATIVO 
401 ATACADAO - OURINHOS;BOBINA 20X30;ATACADAO SP;ATIVO 
401 ATACADAO - OURINHOS;BOBINA 25X35;ATACADAO SP;ATIVO 
401 ATACADAO - OURINHOS;BOBINA 30X40;ATACADAO SP;ATIVO 
401 ATACADAO - OURINHOS;BRAMIL LIXO 100L;ATACADAO SP;ATIVO 
401 ATACADAO - OURINHOS;BRAMIL LIXO 100L REF ;ATACADAO SP;ATIVO 
401 ATACADAO - OURINHOS;BRAMIL LIXO 15L;ATACADAO SP;ATIVO 
401 ATACADAO - OURINHOS;BRAMIL LIXO 200L REF ;ATACADAO SP;ATIVO 
401 ATACADAO - OURINHOS;BRAMIL LIXO 30L;ATACADAO SP;ATIVO 
401 ATACADAO - OURINHOS;BRAMIL LIXO 50L ;ATACADAO SP;ATIVO 
401 ATACADAO - OURINHOS;ECONOMICO 100L;ATACADAO SP;ATIVO 
401 ATACADAO - OURINHOS;ECONOMICO 100L ;ATACADAO SP;ATIVO 
401 ATACADAO - OURINHOS;ECONOMICO 15L;ATACADAO SP;ATIVO 
401 ATACADAO - OURINHOS;ECONOMICO 30L;ATACADAO SP;ATIVO 
401 ATACADAO - OURINHOS;ECONOMICO 50L;ATACADAO SP;ATIVO 
401 ATACADAO - OURINHOS;HIPERROLL 100L;ATACADAO SP;ATIVO 
401 ATACADAO - OURINHOS;HIPERROLL 15L;ATACADAO SP;ATIVO 
401 ATACADAO - OURINHOS;HIPERROLL 30L;ATACADAO SP;ATIVO 
401 ATACADAO - OURINHOS;HIPERROLL 50L;ATACADAO SP;ATIVO 
401 ATACADAO - OURINHOS;REFORCADO 100L;ATACADAO SP;ATIVO 
401 ATACADAO - OURINHOS;REFORCADO 200L;ATACADAO SP;ATIVO 
401 ATACADAO - OURINHOS;SACOLA 29X39;ATACADAO SP;ATIVO 
401 ATACADAO - OURINHOS;SACOLA 29X39 ;ATACADAO SP;ATIVO 
401 ATACADAO - OURINHOS;SACOLA 38X48;ATACADAO SP;ATIVO 
401 ATACADAO - OURINHOS;SACOLA 38X48 ;ATACADAO SP;ATIVO 
401 ATACADAO - OURINHOS;SACOLA VERDE 38X50;ATACADAO SP;ATIVO 
401 ATACADAO - OURINHOS;SACOLA VERDE 40X50;ATACADAO SP;ATIVO 
407 ATACADAO - RIO CLARO;BOBINA 20X30;ATACADAO SP;ATIVO 
407 ATACADAO - RIO CLARO;BOBINA 25X35;ATACADAO SP;ATIVO 
407 ATACADAO - RIO CLARO;BOBINA 30X40;ATACADAO SP;ATIVO 
407 ATACADAO - RIO CLARO;BRAMIL LIXO 100L;ATACADAO SP;ATIVO 
407 ATACADAO - RIO CLARO;BRAMIL LIXO 100L REF ;ATACADAO SP;ATIVO 
407 ATACADAO - RIO CLARO;BRAMIL LIXO 15L;ATACADAO SP;ATIVO 
407 ATACADAO - RIO CLARO;BRAMIL LIXO 200L REF ;ATACADAO SP;ATIVO 
407 ATACADAO - RIO CLARO;BRAMIL LIXO 30L;ATACADAO SP;ATIVO 
407 ATACADAO - RIO CLARO;BRAMIL LIXO 50L ;ATACADAO SP;ATIVO 
407 ATACADAO - RIO CLARO;ECONOMICO 100L;ATACADAO SP;ATIVO 
407 ATACADAO - RIO CLARO;ECONOMICO 100L ;ATACADAO SP;ATIVO 
407 ATACADAO - RIO CLARO;ECONOMICO 15L;ATACADAO SP;ATIVO 
407 ATACADAO - RIO CLARO;ECONOMICO 30L;ATACADAO SP;ATIVO 
407 ATACADAO - RIO CLARO;ECONOMICO 50L;ATACADAO SP;ATIVO 
407 ATACADAO - RIO CLARO;HIPERROLL 100L;ATACADAO SP;ATIVO 
407 ATACADAO - RIO CLARO;HIPERROLL 15L;ATACADAO SP;ATIVO 
407 ATACADAO - RIO CLARO;HIPERROLL 30L;ATACADAO SP;ATIVO 
407 ATACADAO - RIO CLARO;HIPERROLL 50L;ATACADAO SP;ATIVO 
407 ATACADAO - RIO CLARO;REFORCADO 100L;ATACADAO SP;ATIVO 
407 ATACADAO - RIO CLARO;REFORCADO 200L;ATACADAO SP;ATIVO 
407 ATACADAO - RIO CLARO;SACOLA 29X39;ATACADAO SP;ATIVO 
407 ATACADAO - RIO CLARO;SACOLA 29X39 ;ATACADAO SP;ATIVO 
407 ATACADAO - RIO CLARO;SACOLA 38X48;ATACADAO SP;ATIVO 
407 ATACADAO - RIO CLARO;SACOLA 38X48 ;ATACADAO SP;ATIVO 
407 ATACADAO - RIO CLARO;SACOLA VERDE 38X50;ATACADAO SP;ATIVO 
407 ATACADAO - RIO CLARO;SACOLA VERDE 40X50;ATACADAO SP;ATIVO 
258 ATACADAO - CARAGUATATUBA;BOBINA 20X30;ATACADAO SP;ATIVO 
258 ATACADAO - CARAGUATATUBA;BOBINA 25X35;ATACADAO SP;ATIVO 
258 ATACADAO - CARAGUATATUBA;BOBINA 30X40;ATACADAO SP;ATIVO 
258 ATACADAO - CARAGUATATUBA;BRAMIL LIXO 100L;ATACADAO SP;ATIVO 
258 ATACADAO - CARAGUATATUBA;BRAMIL LIXO 100L REF ;ATACADAO SP;ATIVO 
258 ATACADAO - CARAGUATATUBA;BRAMIL LIXO 15L;ATACADAO SP;ATIVO 
258 ATACADAO - CARAGUATATUBA;BRAMIL LIXO 200L REF ;ATACADAO SP;ATIVO 
258 ATACADAO - CARAGUATATUBA;BRAMIL LIXO 30L;ATACADAO SP;ATIVO 
258 ATACADAO - CARAGUATATUBA;BRAMIL LIXO 50L ;ATACADAO SP;ATIVO 
258 ATACADAO - CARAGUATATUBA;ECONOMICO 100L;ATACADAO SP;ATIVO 
258 ATACADAO - CARAGUATATUBA;ECONOMICO 100L ;ATACADAO SP;ATIVO 
258 ATACADAO - CARAGUATATUBA;ECONOMICO 15L;ATACADAO SP;ATIVO 
258 ATACADAO - CARAGUATATUBA;ECONOMICO 30L;ATACADAO SP;ATIVO 
258 ATACADAO - CARAGUATATUBA;ECONOMICO 50L;ATACADAO SP;ATIVO 
258 ATACADAO - CARAGUATATUBA;HIPERROLL 100L;ATACADAO SP;ATIVO 
258 ATACADAO - CARAGUATATUBA;HIPERROLL 15L;ATACADAO SP;ATIVO 
258 ATACADAO - CARAGUATATUBA;HIPERROLL 30L;ATACADAO SP;ATIVO 
258 ATACADAO - CARAGUATATUBA;HIPERROLL 50L;ATACADAO SP;ATIVO 
258 ATACADAO - CARAGUATATUBA;REFORCADO 100L;ATACADAO SP;ATIVO 
258 ATACADAO - CARAGUATATUBA;REFORCADO 200L;ATACADAO SP;ATIVO 
258 ATACADAO - CARAGUATATUBA;SACOLA 29X39;ATACADAO SP;ATIVO 
258 ATACADAO - CARAGUATATUBA;SACOLA 29X39 ;ATACADAO SP;ATIVO 
258 ATACADAO - CARAGUATATUBA;SACOLA 38X48;ATACADAO SP;ATIVO 
258 ATACADAO - CARAGUATATUBA;SACOLA 38X48 ;ATACADAO SP;ATIVO 
258 ATACADAO - CARAGUATATUBA;SACOLA VERDE 38X50;ATACADAO SP;ATIVO 
258 ATACADAO - CARAGUATATUBA;SACOLA VERDE 40X50;ATACADAO SP;ATIVO 
259 ATACADAO - JACAREI;BOBINA 20X30;ATACADAO SP;ATIVO 
259 ATACADAO - JACAREI;BOBINA 25X35;ATACADAO SP;ATIVO 
259 ATACADAO - JACAREI;BOBINA 30X40;ATACADAO SP;ATIVO 
259 ATACADAO - JACAREI;BRAMIL LIXO 100L;ATACADAO SP;ATIVO 
259 ATACADAO - JACAREI;BRAMIL LIXO 100L REF ;ATACADAO SP;ATIVO 
259 ATACADAO - JACAREI;BRAMIL LIXO 15L;ATACADAO SP;ATIVO 
259 ATACADAO - JACAREI;BRAMIL LIXO 200L REF ;ATACADAO SP;ATIVO 
259 ATACADAO - JACAREI;BRAMIL LIXO 30L;ATACADAO SP;ATIVO 
259 ATACADAO - JACAREI;BRAMIL LIXO 50L ;ATACADAO SP;ATIVO 
259 ATACADAO - JACAREI;ECONOMICO 100L;ATACADAO SP;ATIVO 
259 ATACADAO - JACAREI;ECONOMICO 100L ;ATACADAO SP;ATIVO 
259 ATACADAO - JACAREI;ECONOMICO 15L;ATACADAO SP;ATIVO 
259 ATACADAO - JACAREI;ECONOMICO 30L;ATACADAO SP;ATIVO 
259 ATACADAO - JACAREI;ECONOMICO 50L;ATACADAO SP;ATIVO 
259 ATACADAO - JACAREI;HIPERROLL 100L;ATACADAO SP;ATIVO 
259 ATACADAO - JACAREI;HIPERROLL 15L;ATACADAO SP;ATIVO 
259 ATACADAO - JACAREI;HIPERROLL 30L;ATACADAO SP;ATIVO 
259 ATACADAO - JACAREI;HIPERROLL 50L;ATACADAO SP;ATIVO 
259 ATACADAO - JACAREI;REFORCADO 100L;ATACADAO SP;ATIVO 
259 ATACADAO - JACAREI;REFORCADO 200L;ATACADAO SP;ATIVO 
259 ATACADAO - JACAREI;SACOLA 29X39;ATACADAO SP;ATIVO 
259 ATACADAO - JACAREI;SACOLA 29X39 ;ATACADAO SP;ATIVO 
259 ATACADAO - JACAREI;SACOLA 38X48;ATACADAO SP;ATIVO 
259 ATACADAO - JACAREI;SACOLA 38X48 ;ATACADAO SP;ATIVO 
259 ATACADAO - JACAREI;SACOLA VERDE 38X50;ATACADAO SP;ATIVO 
259 ATACADAO - JACAREI;SACOLA VERDE 40X50;ATACADAO SP;ATIVO 
260 ATACADAO - MOGI MIRIM;BOBINA 20X30;ATACADAO SP;ATIVO 
260 ATACADAO - MOGI MIRIM;BOBINA 25X35;ATACADAO SP;ATIVO 
260 ATACADAO - MOGI MIRIM;BOBINA 30X40;ATACADAO SP;ATIVO 
260 ATACADAO - MOGI MIRIM;BRAMIL LIXO 100L;ATACADAO SP;ATIVO 
260 ATACADAO - MOGI MIRIM;BRAMIL LIXO 100L REF ;ATACADAO SP;ATIVO 
260 ATACADAO - MOGI MIRIM;BRAMIL LIXO 15L;ATACADAO SP;ATIVO 
260 ATACADAO - MOGI MIRIM;BRAMIL LIXO 200L REF ;ATACADAO SP;ATIVO 
260 ATACADAO - MOGI MIRIM;BRAMIL LIXO 30L;ATACADAO SP;ATIVO 
260 ATACADAO - MOGI MIRIM;BRAMIL LIXO 50L ;ATACADAO SP;ATIVO 
260 ATACADAO - MOGI MIRIM;ECONOMICO 100L;ATACADAO SP;ATIVO 
260 ATACADAO - MOGI MIRIM;ECONOMICO 100L ;ATACADAO SP;ATIVO 
260 ATACADAO - MOGI MIRIM;ECONOMICO 15L;ATACADAO SP;ATIVO 
260 ATACADAO - MOGI MIRIM;ECONOMICO 30L;ATACADAO SP;ATIVO 
260 ATACADAO - MOGI MIRIM;ECONOMICO 50L;ATACADAO SP;ATIVO 
260 ATACADAO - MOGI MIRIM;HIPERROLL 100L;ATACADAO SP;ATIVO 
260 ATACADAO - MOGI MIRIM;HIPERROLL 15L;ATACADAO SP;ATIVO 
260 ATACADAO - MOGI MIRIM;HIPERROLL 30L;ATACADAO SP;ATIVO 
260 ATACADAO - MOGI MIRIM;HIPERROLL 50L;ATACADAO SP;ATIVO 
260 ATACADAO - MOGI MIRIM;REFORCADO 100L;ATACADAO SP;ATIVO 
260 ATACADAO - MOGI MIRIM;REFORCADO 200L;ATACADAO SP;ATIVO 
260 ATACADAO - MOGI MIRIM;SACOLA 29X39;ATACADAO SP;ATIVO 
260 ATACADAO - MOGI MIRIM;SACOLA 29X39 ;ATACADAO SP;ATIVO 
260 ATACADAO - MOGI MIRIM;SACOLA 38X48;ATACADAO SP;ATIVO 
260 ATACADAO - MOGI MIRIM;SACOLA 38X48 ;ATACADAO SP;ATIVO 
260 ATACADAO - MOGI MIRIM;SACOLA VERDE 38X50;ATACADAO SP;ATIVO 
260 ATACADAO - MOGI MIRIM;SACOLA VERDE 40X50;ATACADAO SP;ATIVO 
268 ATACADAO - INDAIATUBA;BOBINA 20X30;ATACADAO SP;ATIVO 
268 ATACADAO - INDAIATUBA;BOBINA 25X35;ATACADAO SP;ATIVO 
268 ATACADAO - INDAIATUBA;BOBINA 30X40;ATACADAO SP;ATIVO 
268 ATACADAO - INDAIATUBA;BRAMIL LIXO 100L;ATACADAO SP;ATIVO 
268 ATACADAO - INDAIATUBA;BRAMIL LIXO 100L REF ;ATACADAO SP;ATIVO 
268 ATACADAO - INDAIATUBA;BRAMIL LIXO 15L;ATACADAO SP;ATIVO 
268 ATACADAO - INDAIATUBA;BRAMIL LIXO 200L REF ;ATACADAO SP;ATIVO 
268 ATACADAO - INDAIATUBA;BRAMIL LIXO 30L;ATACADAO SP;ATIVO 
268 ATACADAO - INDAIATUBA;BRAMIL LIXO 50L ;ATACADAO SP;ATIVO 
268 ATACADAO - INDAIATUBA;ECONOMICO 100L;ATACADAO SP;ATIVO 
268 ATACADAO - INDAIATUBA;ECONOMICO 100L ;ATACADAO SP;ATIVO 
268 ATACADAO - INDAIATUBA;ECONOMICO 15L;ATACADAO SP;ATIVO 
268 ATACADAO - INDAIATUBA;ECONOMICO 30L;ATACADAO SP;ATIVO 
268 ATACADAO - INDAIATUBA;ECONOMICO 50L;ATACADAO SP;ATIVO 
268 ATACADAO - INDAIATUBA;HIPERROLL 100L;ATACADAO SP;ATIVO 
268 ATACADAO - INDAIATUBA;HIPERROLL 15L;ATACADAO SP;ATIVO 
268 ATACADAO - INDAIATUBA;HIPERROLL 30L;ATACADAO SP;ATIVO 
268 ATACADAO - INDAIATUBA;HIPERROLL 50L;ATACADAO SP;ATIVO 
268 ATACADAO - INDAIATUBA;REFORCADO 100L;ATACADAO SP;ATIVO 
268 ATACADAO - INDAIATUBA;REFORCADO 200L;ATACADAO SP;ATIVO 
268 ATACADAO - INDAIATUBA;SACOLA 29X39;ATACADAO SP;ATIVO 
268 ATACADAO - INDAIATUBA;SACOLA 29X39 ;ATACADAO SP;ATIVO 
268 ATACADAO - INDAIATUBA;SACOLA 38X48;ATACADAO SP;ATIVO 
268 ATACADAO - INDAIATUBA;SACOLA 38X48 ;ATACADAO SP;ATIVO 
268 ATACADAO - INDAIATUBA;SACOLA VERDE 38X50;ATACADAO SP;ATIVO 
268 ATACADAO - INDAIATUBA;SACOLA VERDE 40X50;ATACADAO SP;ATIVO 
319 ATACADAO - SOROCABA CAMPOLIM;BOBINA 20X30;ATACADAO SP;ATIVO 
319 ATACADAO - SOROCABA CAMPOLIM;BOBINA 25X35;ATACADAO SP;ATIVO 
319 ATACADAO - SOROCABA CAMPOLIM;BOBINA 30X40;ATACADAO SP;ATIVO 
319 ATACADAO - SOROCABA CAMPOLIM;BRAMIL LIXO 100L;ATACADAO SP;ATIVO 
319 ATACADAO - SOROCABA CAMPOLIM;BRAMIL LIXO 100L REF ;ATACADAO SP;ATIVO 
319 ATACADAO - SOROCABA CAMPOLIM;BRAMIL LIXO 15L;ATACADAO SP;ATIVO 
319 ATACADAO - SOROCABA CAMPOLIM;BRAMIL LIXO 200L REF ;ATACADAO SP;ATIVO 
319 ATACADAO - SOROCABA CAMPOLIM;BRAMIL LIXO 30L;ATACADAO SP;ATIVO 
319 ATACADAO - SOROCABA CAMPOLIM;BRAMIL LIXO 50L ;ATACADAO SP;ATIVO 
319 ATACADAO - SOROCABA CAMPOLIM;ECONOMICO 100L;ATACADAO SP;ATIVO 
319 ATACADAO - SOROCABA CAMPOLIM;ECONOMICO 100L ;ATACADAO SP;ATIVO 
319 ATACADAO - SOROCABA CAMPOLIM;ECONOMICO 15L;ATACADAO SP;ATIVO 
319 ATACADAO - SOROCABA CAMPOLIM;ECONOMICO 30L;ATACADAO SP;ATIVO 
319 ATACADAO - SOROCABA CAMPOLIM;ECONOMICO 50L;ATACADAO SP;ATIVO 
319 ATACADAO - SOROCABA CAMPOLIM;HIPERROLL 100L;ATACADAO SP;ATIVO 
319 ATACADAO - SOROCABA CAMPOLIM;HIPERROLL 15L;ATACADAO SP;ATIVO 
319 ATACADAO - SOROCABA CAMPOLIM;HIPERROLL 30L;ATACADAO SP;ATIVO 
319 ATACADAO - SOROCABA CAMPOLIM;HIPERROLL 50L;ATACADAO SP;ATIVO 
319 ATACADAO - SOROCABA CAMPOLIM;REFORCADO 100L;ATACADAO SP;ATIVO 
319 ATACADAO - SOROCABA CAMPOLIM;REFORCADO 200L;ATACADAO SP;ATIVO 
319 ATACADAO - SOROCABA CAMPOLIM;SACOLA 29X39;ATACADAO SP;ATIVO 
319 ATACADAO - SOROCABA CAMPOLIM;SACOLA 29X39 ;ATACADAO SP;ATIVO 
319 ATACADAO - SOROCABA CAMPOLIM;SACOLA 38X48;ATACADAO SP;ATIVO 
319 ATACADAO - SOROCABA CAMPOLIM;SACOLA 38X48 ;ATACADAO SP;ATIVO 
319 ATACADAO - SOROCABA CAMPOLIM;SACOLA VERDE 38X50;ATACADAO SP;ATIVO 
319 ATACADAO - SOROCABA CAMPOLIM;SACOLA VERDE 40X50;ATACADAO SP;ATIVO 
328 ATACADAO - PRESIDENTE PRUDENTE;BOBINA 20X30;ATACADAO SP;ATIVO 
328 ATACADAO - PRESIDENTE PRUDENTE;BOBINA 25X35;ATACADAO SP;ATIVO 
328 ATACADAO - PRESIDENTE PRUDENTE;BOBINA 30X40;ATACADAO SP;ATIVO 
328 ATACADAO - PRESIDENTE PRUDENTE;BRAMIL LIXO 100L;ATACADAO SP;ATIVO 
328 ATACADAO - PRESIDENTE PRUDENTE;BRAMIL LIXO 100L REF ;ATACADAO SP;ATIVO 
328 ATACADAO - PRESIDENTE PRUDENTE;BRAMIL LIXO 15L;ATACADAO SP;ATIVO 
328 ATACADAO - PRESIDENTE PRUDENTE;BRAMIL LIXO 200L REF ;ATACADAO SP;ATIVO 
328 ATACADAO - PRESIDENTE PRUDENTE;BRAMIL LIXO 30L;ATACADAO SP;ATIVO 
328 ATACADAO - PRESIDENTE PRUDENTE;BRAMIL LIXO 50L ;ATACADAO SP;ATIVO 
328 ATACADAO - PRESIDENTE PRUDENTE;ECONOMICO 100L;ATACADAO SP;ATIVO 
328 ATACADAO - PRESIDENTE PRUDENTE;ECONOMICO 100L ;ATACADAO SP;ATIVO 
328 ATACADAO - PRESIDENTE PRUDENTE;ECONOMICO 15L;ATACADAO SP;ATIVO 
328 ATACADAO - PRESIDENTE PRUDENTE;ECONOMICO 30L;ATACADAO SP;ATIVO 
328 ATACADAO - PRESIDENTE PRUDENTE;ECONOMICO 50L;ATACADAO SP;ATIVO 
328 ATACADAO - PRESIDENTE PRUDENTE;HIPERROLL 100L;ATACADAO SP;ATIVO 
328 ATACADAO - PRESIDENTE PRUDENTE;HIPERROLL 15L;ATACADAO SP;ATIVO 
328 ATACADAO - PRESIDENTE PRUDENTE;HIPERROLL 30L;ATACADAO SP;ATIVO 
328 ATACADAO - PRESIDENTE PRUDENTE;HIPERROLL 50L;ATACADAO SP;ATIVO 
328 ATACADAO - PRESIDENTE PRUDENTE;REFORCADO 100L;ATACADAO SP;ATIVO 
328 ATACADAO - PRESIDENTE PRUDENTE;REFORCADO 200L;ATACADAO SP;ATIVO 
328 ATACADAO - PRESIDENTE PRUDENTE;SACOLA 29X39;ATACADAO SP;ATIVO 
328 ATACADAO - PRESIDENTE PRUDENTE;SACOLA 29X39 ;ATACADAO SP;ATIVO 
328 ATACADAO - PRESIDENTE PRUDENTE;SACOLA 38X48;ATACADAO SP;ATIVO 
328 ATACADAO - PRESIDENTE PRUDENTE;SACOLA 38X48 ;ATACADAO SP;ATIVO 
328 ATACADAO - PRESIDENTE PRUDENTE;SACOLA VERDE 38X50;ATACADAO SP;ATIVO 
328 ATACADAO - PRESIDENTE PRUDENTE;SACOLA VERDE 40X50;ATACADAO SP;ATIVO 
329 ATACADAO - PRESIDENTE PRUDENTE II - MONTE ALTO;BOBINA 20X30;ATACADAO SP;ATIVO 
329 ATACADAO - PRESIDENTE PRUDENTE II - MONTE ALTO;BOBINA 25X35;ATACADAO SP;ATIVO 
329 ATACADAO - PRESIDENTE PRUDENTE II - MONTE ALTO;BOBINA 30X40;ATACADAO SP;ATIVO 
329 ATACADAO - PRESIDENTE PRUDENTE II - MONTE ALTO;BRAMIL LIXO 100L;ATACADAO SP;ATIVO 
329 ATACADAO - PRESIDENTE PRUDENTE II - MONTE ALTO;BRAMIL LIXO 100L REF ;ATACADAO SP;ATIVO 
329 ATACADAO - PRESIDENTE PRUDENTE II - MONTE ALTO;BRAMIL LIXO 15L;ATACADAO SP;ATIVO 
329 ATACADAO - PRESIDENTE PRUDENTE II - MONTE ALTO;BRAMIL LIXO 200L REF ;ATACADAO SP;ATIVO 
329 ATACADAO - PRESIDENTE PRUDENTE II - MONTE ALTO;BRAMIL LIXO 30L;ATACADAO SP;ATIVO 
329 ATACADAO - PRESIDENTE PRUDENTE II - MONTE ALTO;BRAMIL LIXO 50L ;ATACADAO SP;ATIVO 
329 ATACADAO - PRESIDENTE PRUDENTE II - MONTE ALTO;ECONOMICO 100L;ATACADAO SP;ATIVO 
329 ATACADAO - PRESIDENTE PRUDENTE II - MONTE ALTO;ECONOMICO 100L ;ATACADAO SP;ATIVO 
329 ATACADAO - PRESIDENTE PRUDENTE II - MONTE ALTO;ECONOMICO 15L;ATACADAO SP;ATIVO 
329 ATACADAO - PRESIDENTE PRUDENTE II - MONTE ALTO;ECONOMICO 30L;ATACADAO SP;ATIVO 
329 ATACADAO - PRESIDENTE PRUDENTE II - MONTE ALTO;ECONOMICO 50L;ATACADAO SP;ATIVO 
329 ATACADAO - PRESIDENTE PRUDENTE II - MONTE ALTO;HIPERROLL 100L;ATACADAO SP;ATIVO 
329 ATACADAO - PRESIDENTE PRUDENTE II - MONTE ALTO;HIPERROLL 15L;ATACADAO SP;ATIVO 
329 ATACADAO - PRESIDENTE PRUDENTE II - MONTE ALTO;HIPERROLL 30L;ATACADAO SP;ATIVO 
329 ATACADAO - PRESIDENTE PRUDENTE II - MONTE ALTO;HIPERROLL 50L;ATACADAO SP;ATIVO 
329 ATACADAO - PRESIDENTE PRUDENTE II - MONTE ALTO;REFORCADO 100L;ATACADAO SP;ATIVO 
329 ATACADAO - PRESIDENTE PRUDENTE II - MONTE ALTO;REFORCADO 200L;ATACADAO SP;ATIVO 
329 ATACADAO - PRESIDENTE PRUDENTE II - MONTE ALTO;SACOLA 29X39;ATACADAO SP;ATIVO 
329 ATACADAO - PRESIDENTE PRUDENTE II - MONTE ALTO;SACOLA 29X39 ;ATACADAO SP;ATIVO 
329 ATACADAO - PRESIDENTE PRUDENTE II - MONTE ALTO;SACOLA 38X48;ATACADAO SP;ATIVO 
329 ATACADAO - PRESIDENTE PRUDENTE II - MONTE ALTO;SACOLA 38X48 ;ATACADAO SP;ATIVO 
329 ATACADAO - PRESIDENTE PRUDENTE II - MONTE ALTO;SACOLA VERDE 38X50;ATACADAO SP;ATIVO 
329 ATACADAO - PRESIDENTE PRUDENTE II - MONTE ALTO;SACOLA VERDE 40X50;ATACADAO SP;ATIVO 
330 ATACADAO - ARARAQUARA;BOBINA 20X30;ATACADAO SP;ATIVO 
330 ATACADAO - ARARAQUARA;BOBINA 25X35;ATACADAO SP;ATIVO 
330 ATACADAO - ARARAQUARA;BOBINA 30X40;ATACADAO SP;ATIVO 
330 ATACADAO - ARARAQUARA;BRAMIL LIXO 100L;ATACADAO SP;ATIVO 
330 ATACADAO - ARARAQUARA;BRAMIL LIXO 100L REF ;ATACADAO SP;ATIVO 
330 ATACADAO - ARARAQUARA;BRAMIL LIXO 15L;ATACADAO SP;ATIVO 
330 ATACADAO - ARARAQUARA;BRAMIL LIXO 200L REF ;ATACADAO SP;ATIVO 
330 ATACADAO - ARARAQUARA;BRAMIL LIXO 30L;ATACADAO SP;ATIVO 
330 ATACADAO - ARARAQUARA;BRAMIL LIXO 50L ;ATACADAO SP;ATIVO 
330 ATACADAO - ARARAQUARA;ECONOMICO 100L;ATACADAO SP;ATIVO 
330 ATACADAO - ARARAQUARA;ECONOMICO 100L ;ATACADAO SP;ATIVO 
330 ATACADAO - ARARAQUARA;ECONOMICO 15L;ATACADAO SP;ATIVO 
330 ATACADAO - ARARAQUARA;ECONOMICO 30L;ATACADAO SP;ATIVO 
330 ATACADAO - ARARAQUARA;ECONOMICO 50L;ATACADAO SP;ATIVO 
330 ATACADAO - ARARAQUARA;HIPERROLL 100L;ATACADAO SP;ATIVO 
330 ATACADAO - ARARAQUARA;HIPERROLL 15L;ATACADAO SP;ATIVO 
330 ATACADAO - ARARAQUARA;HIPERROLL 30L;ATACADAO SP;ATIVO 
330 ATACADAO - ARARAQUARA;HIPERROLL 50L;ATACADAO SP;ATIVO 
330 ATACADAO - ARARAQUARA;REFORCADO 100L;ATACADAO SP;ATIVO 
330 ATACADAO - ARARAQUARA;REFORCADO 200L;ATACADAO SP;ATIVO 
330 ATACADAO - ARARAQUARA;SACOLA 29X39;ATACADAO SP;ATIVO 
330 ATACADAO - ARARAQUARA;SACOLA 29X39 ;ATACADAO SP;ATIVO 
330 ATACADAO - ARARAQUARA;SACOLA 38X48;ATACADAO SP;ATIVO 
330 ATACADAO - ARARAQUARA;SACOLA 38X48 ;ATACADAO SP;ATIVO 
330 ATACADAO - ARARAQUARA;SACOLA VERDE 38X50;ATACADAO SP;ATIVO 
330 ATACADAO - ARARAQUARA;SACOLA VERDE 40X50;ATACADAO SP;ATIVO 
331 ATACADAO - RIBEIRAO PRETO VIA NORTE;BOBINA 20X30;ATACADAO SP;ATIVO 
331 ATACADAO - RIBEIRAO PRETO VIA NORTE;BOBINA 25X35;ATACADAO SP;ATIVO 
331 ATACADAO - RIBEIRAO PRETO VIA NORTE;BOBINA 30X40;ATACADAO SP;ATIVO 
331 ATACADAO - RIBEIRAO PRETO VIA NORTE;BRAMIL LIXO 100L;ATACADAO SP;ATIVO 
331 ATACADAO - RIBEIRAO PRETO VIA NORTE;BRAMIL LIXO 100L REF ;ATACADAO SP;ATIVO 
331 ATACADAO - RIBEIRAO PRETO VIA NORTE;BRAMIL LIXO 15L;ATACADAO SP;ATIVO 
331 ATACADAO - RIBEIRAO PRETO VIA NORTE;BRAMIL LIXO 200L REF ;ATACADAO SP;ATIVO 
331 ATACADAO - RIBEIRAO PRETO VIA NORTE;BRAMIL LIXO 30L;ATACADAO SP;ATIVO 
331 ATACADAO - RIBEIRAO PRETO VIA NORTE;BRAMIL LIXO 50L ;ATACADAO SP;ATIVO 
331 ATACADAO - RIBEIRAO PRETO VIA NORTE;ECONOMICO 100L;ATACADAO SP;ATIVO 
331 ATACADAO - RIBEIRAO PRETO VIA NORTE;ECONOMICO 100L ;ATACADAO SP;ATIVO 
331 ATACADAO - RIBEIRAO PRETO VIA NORTE;ECONOMICO 15L;ATACADAO SP;ATIVO 
331 ATACADAO - RIBEIRAO PRETO VIA NORTE;ECONOMICO 30L;ATACADAO SP;ATIVO 
331 ATACADAO - RIBEIRAO PRETO VIA NORTE;ECONOMICO 50L;ATACADAO SP;ATIVO 
331 ATACADAO - RIBEIRAO PRETO VIA NORTE;HIPERROLL 100L;ATACADAO SP;ATIVO 
331 ATACADAO - RIBEIRAO PRETO VIA NORTE;HIPERROLL 15L;ATACADAO SP;ATIVO 
331 ATACADAO - RIBEIRAO PRETO VIA NORTE;HIPERROLL 30L;ATACADAO SP;ATIVO 
331 ATACADAO - RIBEIRAO PRETO VIA NORTE;HIPERROLL 50L;ATACADAO SP;ATIVO 
331 ATACADAO - RIBEIRAO PRETO VIA NORTE;REFORCADO 100L;ATACADAO SP;ATIVO 
331 ATACADAO - RIBEIRAO PRETO VIA NORTE;REFORCADO 200L;ATACADAO SP;ATIVO 
331 ATACADAO - RIBEIRAO PRETO VIA NORTE;SACOLA 29X39;ATACADAO SP;ATIVO 
331 ATACADAO - RIBEIRAO PRETO VIA NORTE;SACOLA 29X39 ;ATACADAO SP;ATIVO 
331 ATACADAO - RIBEIRAO PRETO VIA NORTE;SACOLA 38X48;ATACADAO SP;ATIVO 
331 ATACADAO - RIBEIRAO PRETO VIA NORTE;SACOLA 38X48 ;ATACADAO SP;ATIVO 
331 ATACADAO - RIBEIRAO PRETO VIA NORTE;SACOLA VERDE 38X50;ATACADAO SP;ATIVO 
331 ATACADAO - RIBEIRAO PRETO VIA NORTE;SACOLA VERDE 40X50;ATACADAO SP;ATIVO 
388 ATACADAO - GUARATINGUETA;BOBINA 20X30;ATACADAO SP;ATIVO 
388 ATACADAO - GUARATINGUETA;BOBINA 25X35;ATACADAO SP;ATIVO 
388 ATACADAO - GUARATINGUETA;BOBINA 30X40;ATACADAO SP;ATIVO 
388 ATACADAO - GUARATINGUETA;BRAMIL LIXO 100L;ATACADAO SP;ATIVO 
388 ATACADAO - GUARATINGUETA;BRAMIL LIXO 100L REF ;ATACADAO SP;ATIVO 
388 ATACADAO - GUARATINGUETA;BRAMIL LIXO 15L;ATACADAO SP;ATIVO 
388 ATACADAO - GUARATINGUETA;BRAMIL LIXO 200L REF ;ATACADAO SP;ATIVO 
388 ATACADAO - GUARATINGUETA;BRAMIL LIXO 30L;ATACADAO SP;ATIVO 
388 ATACADAO - GUARATINGUETA;BRAMIL LIXO 50L ;ATACADAO SP;ATIVO 
388 ATACADAO - GUARATINGUETA;ECONOMICO 100L;ATACADAO SP;ATIVO 
388 ATACADAO - GUARATINGUETA;ECONOMICO 100L ;ATACADAO SP;ATIVO 
388 ATACADAO - GUARATINGUETA;ECONOMICO 15L;ATACADAO SP;ATIVO 
388 ATACADAO - GUARATINGUETA;ECONOMICO 30L;ATACADAO SP;ATIVO 
388 ATACADAO - GUARATINGUETA;ECONOMICO 50L;ATACADAO SP;ATIVO 
388 ATACADAO - GUARATINGUETA;HIPERROLL 100L;ATACADAO SP;ATIVO 
388 ATACADAO - GUARATINGUETA;HIPERROLL 15L;ATACADAO SP;ATIVO 
388 ATACADAO - GUARATINGUETA;HIPERROLL 30L;ATACADAO SP;ATIVO 
388 ATACADAO - GUARATINGUETA;HIPERROLL 50L;ATACADAO SP;ATIVO 
388 ATACADAO - GUARATINGUETA;REFORCADO 100L;ATACADAO SP;ATIVO 
388 ATACADAO - GUARATINGUETA;REFORCADO 200L;ATACADAO SP;ATIVO 
388 ATACADAO - GUARATINGUETA;SACOLA 29X39;ATACADAO SP;ATIVO 
388 ATACADAO - GUARATINGUETA;SACOLA 29X39 ;ATACADAO SP;ATIVO 
388 ATACADAO - GUARATINGUETA;SACOLA 38X48;ATACADAO SP;ATIVO 
388 ATACADAO - GUARATINGUETA;SACOLA 38X48 ;ATACADAO SP;ATIVO 
388 ATACADAO - GUARATINGUETA;SACOLA VERDE 38X50;ATACADAO SP;ATIVO 
388 ATACADAO - GUARATINGUETA;SACOLA VERDE 40X50;ATACADAO SP;ATIVO 
402 ATACADAO - PIRACICABA;BOBINA 20X30;ATACADAO SP;ATIVO 
402 ATACADAO - PIRACICABA;BOBINA 25X35;ATACADAO SP;ATIVO 
402 ATACADAO - PIRACICABA;BOBINA 30X40;ATACADAO SP;ATIVO 
402 ATACADAO - PIRACICABA;BRAMIL LIXO 100L;ATACADAO SP;ATIVO 
402 ATACADAO - PIRACICABA;BRAMIL LIXO 100L REF ;ATACADAO SP;ATIVO 
402 ATACADAO - PIRACICABA;BRAMIL LIXO 15L;ATACADAO SP;ATIVO 
402 ATACADAO - PIRACICABA;BRAMIL LIXO 200L REF ;ATACADAO SP;ATIVO 
402 ATACADAO - PIRACICABA;BRAMIL LIXO 30L;ATACADAO SP;ATIVO 
402 ATACADAO - PIRACICABA;BRAMIL LIXO 50L ;ATACADAO SP;ATIVO 
402 ATACADAO - PIRACICABA;ECONOMICO 100L;ATACADAO SP;ATIVO 
402 ATACADAO - PIRACICABA;ECONOMICO 100L ;ATACADAO SP;ATIVO 
402 ATACADAO - PIRACICABA;ECONOMICO 15L;ATACADAO SP;ATIVO 
402 ATACADAO - PIRACICABA;ECONOMICO 30L;ATACADAO SP;ATIVO 
402 ATACADAO - PIRACICABA;ECONOMICO 50L;ATACADAO SP;ATIVO 
402 ATACADAO - PIRACICABA;HIPERROLL 100L;ATACADAO SP;ATIVO 
402 ATACADAO - PIRACICABA;HIPERROLL 15L;ATACADAO SP;ATIVO 
402 ATACADAO - PIRACICABA;HIPERROLL 30L;ATACADAO SP;ATIVO 
402 ATACADAO - PIRACICABA;HIPERROLL 50L;ATACADAO SP;ATIVO 
402 ATACADAO - PIRACICABA;REFORCADO 100L;ATACADAO SP;ATIVO 
402 ATACADAO - PIRACICABA;REFORCADO 200L;ATACADAO SP;ATIVO 
402 ATACADAO - PIRACICABA;SACOLA 29X39;ATACADAO SP;ATIVO 
402 ATACADAO - PIRACICABA;SACOLA 29X39 ;ATACADAO SP;ATIVO 
402 ATACADAO - PIRACICABA;SACOLA 38X48;ATACADAO SP;ATIVO 
402 ATACADAO - PIRACICABA;SACOLA 38X48 ;ATACADAO SP;ATIVO 
402 ATACADAO - PIRACICABA;SACOLA VERDE 38X50;ATACADAO SP;ATIVO 
402 ATACADAO - PIRACICABA;SACOLA VERDE 40X50;ATACADAO SP;ATIVO 
406 ATACADAO - RIBEIRAO PRETO;BOBINA 20X30;ATACADAO SP;ATIVO 
406 ATACADAO - RIBEIRAO PRETO;BOBINA 25X35;ATACADAO SP;ATIVO 
406 ATACADAO - RIBEIRAO PRETO;BOBINA 30X40;ATACADAO SP;ATIVO 
406 ATACADAO - RIBEIRAO PRETO;BRAMIL LIXO 100L;ATACADAO SP;ATIVO 
406 ATACADAO - RIBEIRAO PRETO;BRAMIL LIXO 100L REF ;ATACADAO SP;ATIVO 
406 ATACADAO - RIBEIRAO PRETO;BRAMIL LIXO 15L;ATACADAO SP;ATIVO 
406 ATACADAO - RIBEIRAO PRETO;BRAMIL LIXO 200L REF ;ATACADAO SP;ATIVO 
406 ATACADAO - RIBEIRAO PRETO;BRAMIL LIXO 30L;ATACADAO SP;ATIVO 
406 ATACADAO - RIBEIRAO PRETO;BRAMIL LIXO 50L ;ATACADAO SP;ATIVO 
406 ATACADAO - RIBEIRAO PRETO;ECONOMICO 100L;ATACADAO SP;ATIVO 
406 ATACADAO - RIBEIRAO PRETO;ECONOMICO 100L ;ATACADAO SP;ATIVO 
406 ATACADAO - RIBEIRAO PRETO;ECONOMICO 15L;ATACADAO SP;ATIVO 
406 ATACADAO - RIBEIRAO PRETO;ECONOMICO 30L;ATACADAO SP;ATIVO 
406 ATACADAO - RIBEIRAO PRETO;ECONOMICO 50L;ATACADAO SP;ATIVO 
406 ATACADAO - RIBEIRAO PRETO;HIPERROLL 100L;ATACADAO SP;ATIVO 
406 ATACADAO - RIBEIRAO PRETO;HIPERROLL 15L;ATACADAO SP;ATIVO 
406 ATACADAO - RIBEIRAO PRETO;HIPERROLL 30L;ATACADAO SP;ATIVO 
406 ATACADAO - RIBEIRAO PRETO;HIPERROLL 50L;ATACADAO SP;ATIVO 
406 ATACADAO - RIBEIRAO PRETO;REFORCADO 100L;ATACADAO SP;ATIVO 
406 ATACADAO - RIBEIRAO PRETO;REFORCADO 200L;ATACADAO SP;ATIVO 
406 ATACADAO - RIBEIRAO PRETO;SACOLA 29X39;ATACADAO SP;ATIVO 
406 ATACADAO - RIBEIRAO PRETO;SACOLA 29X39 ;ATACADAO SP;ATIVO 
406 ATACADAO - RIBEIRAO PRETO;SACOLA 38X48;ATACADAO SP;ATIVO 
406 ATACADAO - RIBEIRAO PRETO;SACOLA 38X48 ;ATACADAO SP;ATIVO 
406 ATACADAO - RIBEIRAO PRETO;SACOLA VERDE 38X50;ATACADAO SP;ATIVO 
406 ATACADAO - RIBEIRAO PRETO;SACOLA VERDE 40X50;ATACADAO SP;ATIVO 
412 ATACADAO - SAO CARLOS;BOBINA 20X30;ATACADAO SP;ATIVO 
412 ATACADAO - SAO CARLOS;BOBINA 25X35;ATACADAO SP;ATIVO 
412 ATACADAO - SAO CARLOS;BOBINA 30X40;ATACADAO SP;ATIVO 
412 ATACADAO - SAO CARLOS;BRAMIL LIXO 100L;ATACADAO SP;ATIVO 
412 ATACADAO - SAO CARLOS;BRAMIL LIXO 100L REF ;ATACADAO SP;ATIVO 
412 ATACADAO - SAO CARLOS;BRAMIL LIXO 15L;ATACADAO SP;ATIVO 
412 ATACADAO - SAO CARLOS;BRAMIL LIXO 200L REF ;ATACADAO SP;ATIVO 
412 ATACADAO - SAO CARLOS;BRAMIL LIXO 30L;ATACADAO SP;ATIVO 
412 ATACADAO - SAO CARLOS;BRAMIL LIXO 50L ;ATACADAO SP;ATIVO 
412 ATACADAO - SAO CARLOS;ECONOMICO 100L;ATACADAO SP;ATIVO 
412 ATACADAO - SAO CARLOS;ECONOMICO 100L ;ATACADAO SP;ATIVO 
412 ATACADAO - SAO CARLOS;ECONOMICO 15L;ATACADAO SP;ATIVO 
412 ATACADAO - SAO CARLOS;ECONOMICO 30L;ATACADAO SP;ATIVO 
412 ATACADAO - SAO CARLOS;ECONOMICO 50L;ATACADAO SP;ATIVO 
412 ATACADAO - SAO CARLOS;HIPERROLL 100L;ATACADAO SP;ATIVO 
412 ATACADAO - SAO CARLOS;HIPERROLL 15L;ATACADAO SP;ATIVO 
412 ATACADAO - SAO CARLOS;HIPERROLL 30L;ATACADAO SP;ATIVO 
412 ATACADAO - SAO CARLOS;HIPERROLL 50L;ATACADAO SP;ATIVO 
412 ATACADAO - SAO CARLOS;REFORCADO 100L;ATACADAO SP;ATIVO 
412 ATACADAO - SAO CARLOS;REFORCADO 200L;ATACADAO SP;ATIVO 
412 ATACADAO - SAO CARLOS;SACOLA 29X39;ATACADAO SP;ATIVO 
412 ATACADAO - SAO CARLOS;SACOLA 29X39 ;ATACADAO SP;ATIVO 
412 ATACADAO - SAO CARLOS;SACOLA 38X48;ATACADAO SP;ATIVO 
412 ATACADAO - SAO CARLOS;SACOLA 38X48 ;ATACADAO SP;ATIVO 
412 ATACADAO - SAO CARLOS;SACOLA VERDE 38X50;ATACADAO SP;ATIVO 
412 ATACADAO - SAO CARLOS;SACOLA VERDE 40X50;ATACADAO SP;ATIVO 
414 ATACADAO - SAO JOSE DO RIO PRETO AMERICA;BOBINA 20X30;ATACADAO SP;ATIVO 
414 ATACADAO - SAO JOSE DO RIO PRETO AMERICA;BOBINA 25X35;ATACADAO SP;ATIVO 
414 ATACADAO - SAO JOSE DO RIO PRETO AMERICA;BOBINA 30X40;ATACADAO SP;ATIVO 
414 ATACADAO - SAO JOSE DO RIO PRETO AMERICA;BRAMIL LIXO 100L;ATACADAO SP;ATIVO 
414 ATACADAO - SAO JOSE DO RIO PRETO AMERICA;BRAMIL LIXO 100L REF ;ATACADAO SP;ATIVO 
414 ATACADAO - SAO JOSE DO RIO PRETO AMERICA;BRAMIL LIXO 15L;ATACADAO SP;ATIVO 
414 ATACADAO - SAO JOSE DO RIO PRETO AMERICA;BRAMIL LIXO 200L REF ;ATACADAO SP;ATIVO 
414 ATACADAO - SAO JOSE DO RIO PRETO AMERICA;BRAMIL LIXO 30L;ATACADAO SP;ATIVO 
414 ATACADAO - SAO JOSE DO RIO PRETO AMERICA;BRAMIL LIXO 50L ;ATACADAO SP;ATIVO 
414 ATACADAO - SAO JOSE DO RIO PRETO AMERICA;ECONOMICO 100L;ATACADAO SP;ATIVO 
414 ATACADAO - SAO JOSE DO RIO PRETO AMERICA;ECONOMICO 100L ;ATACADAO SP;ATIVO 
414 ATACADAO - SAO JOSE DO RIO PRETO AMERICA;ECONOMICO 15L;ATACADAO SP;ATIVO 
414 ATACADAO - SAO JOSE DO RIO PRETO AMERICA;ECONOMICO 30L;ATACADAO SP;ATIVO 
414 ATACADAO - SAO JOSE DO RIO PRETO AMERICA;ECONOMICO 50L;ATACADAO SP;ATIVO 
414 ATACADAO - SAO JOSE DO RIO PRETO AMERICA;HIPERROLL 100L;ATACADAO SP;ATIVO 
414 ATACADAO - SAO JOSE DO RIO PRETO AMERICA;HIPERROLL 15L;ATACADAO SP;ATIVO 
414 ATACADAO - SAO JOSE DO RIO PRETO AMERICA;HIPERROLL 30L;ATACADAO SP;ATIVO 
414 ATACADAO - SAO JOSE DO RIO PRETO AMERICA;HIPERROLL 50L;ATACADAO SP;ATIVO 
414 ATACADAO - SAO JOSE DO RIO PRETO AMERICA;REFORCADO 100L;ATACADAO SP;ATIVO 
414 ATACADAO - SAO JOSE DO RIO PRETO AMERICA;REFORCADO 200L;ATACADAO SP;ATIVO 
414 ATACADAO - SAO JOSE DO RIO PRETO AMERICA;SACOLA 29X39;ATACADAO SP;ATIVO 
414 ATACADAO - SAO JOSE DO RIO PRETO AMERICA;SACOLA 29X39 ;ATACADAO SP;ATIVO 
414 ATACADAO - SAO JOSE DO RIO PRETO AMERICA;SACOLA 38X48;ATACADAO SP;ATIVO 
414 ATACADAO - SAO JOSE DO RIO PRETO AMERICA;SACOLA 38X48 ;ATACADAO SP;ATIVO 
414 ATACADAO - SAO JOSE DO RIO PRETO AMERICA;SACOLA VERDE 38X50;ATACADAO SP;ATIVO 
414 ATACADAO - SAO JOSE DO RIO PRETO AMERICA;SACOLA VERDE 40X50;ATACADAO SP;ATIVO 
BARCELOS ATACADISTA - GUARUS PLAZA;BOBINA 20X30;BARCELOS ATACADISTA ;ATIVO 
BARCELOS ATACADISTA - GUARUS PLAZA;BOBINA 25X35;BARCELOS ATACADISTA ;ATIVO 
BARCELOS ATACADISTA - GUARUS PLAZA;BOBINA 30X40;BARCELOS ATACADISTA ;ATIVO 
BARCELOS ATACADISTA - GUARUS PLAZA;BRAMIL LIXO 100L;BARCELOS ATACADISTA ;ATIVO 
BARCELOS ATACADISTA - GUARUS PLAZA;BRAMIL LIXO 100L REF ;BARCELOS ATACADISTA ;ATIVO 
BARCELOS ATACADISTA - GUARUS PLAZA;BRAMIL LIXO 15L;BARCELOS ATACADISTA ;ATIVO 
BARCELOS ATACADISTA - GUARUS PLAZA;BRAMIL LIXO 200L REF ;BARCELOS ATACADISTA ;ATIVO 
BARCELOS ATACADISTA - GUARUS PLAZA;BRAMIL LIXO 30L;BARCELOS ATACADISTA ;ATIVO 
BARCELOS ATACADISTA - GUARUS PLAZA;BRAMIL LIXO 50L ;BARCELOS ATACADISTA ;ATIVO 
BARCELOS ATACADISTA - GUARUS PLAZA;ECONOMICO 100L;BARCELOS ATACADISTA ;ATIVO 
BARCELOS ATACADISTA - GUARUS PLAZA;ECONOMICO 100L ;BARCELOS ATACADISTA ;ATIVO 
BARCELOS ATACADISTA - GUARUS PLAZA;ECONOMICO 15L;BARCELOS ATACADISTA ;ATIVO 
BARCELOS ATACADISTA - GUARUS PLAZA;ECONOMICO 30L;BARCELOS ATACADISTA ;ATIVO 
BARCELOS ATACADISTA - GUARUS PLAZA;ECONOMICO 50L;BARCELOS ATACADISTA ;ATIVO 
BARCELOS ATACADISTA - GUARUS PLAZA;HIPERROLL 100L;BARCELOS ATACADISTA ;ATIVO 
BARCELOS ATACADISTA - GUARUS PLAZA;HIPERROLL 15L;BARCELOS ATACADISTA ;ATIVO 
BARCELOS ATACADISTA - GUARUS PLAZA;HIPERROLL 30L;BARCELOS ATACADISTA ;ATIVO 
BARCELOS ATACADISTA - GUARUS PLAZA;HIPERROLL 50L;BARCELOS ATACADISTA ;ATIVO 
BARCELOS ATACADISTA - GUARUS PLAZA;REFORCADO 100L;BARCELOS ATACADISTA ;ATIVO 
BARCELOS ATACADISTA - GUARUS PLAZA;REFORCADO 200L;BARCELOS ATACADISTA ;ATIVO 
BARCELOS ATACADISTA - GUARUS PLAZA;SACOLA 29X39;BARCELOS ATACADISTA ;ATIVO 
BARCELOS ATACADISTA - GUARUS PLAZA;SACOLA 29X39 ;BARCELOS ATACADISTA ;ATIVO 
BARCELOS ATACADISTA - GUARUS PLAZA;SACOLA 38X48;BARCELOS ATACADISTA ;ATIVO 
BARCELOS ATACADISTA - GUARUS PLAZA;SACOLA 38X48 ;BARCELOS ATACADISTA ;ATIVO 
BARCELOS ATACADISTA - GUARUS PLAZA;SACOLA VERDE 38X50;BARCELOS ATACADISTA ;ATIVO 
BARCELOS ATACADISTA - GUARUS PLAZA;SACOLA VERDE 40X50;BARCELOS ATACADISTA ;ATIVO 
BARCELOS ATACADISTA - ITABORAI;BOBINA 20X30;BARCELOS ATACADISTA ;ATIVO 
BARCELOS ATACADISTA - ITABORAI;BOBINA 25X35;BARCELOS ATACADISTA ;ATIVO 
BARCELOS ATACADISTA - ITABORAI;BOBINA 30X40;BARCELOS ATACADISTA ;ATIVO 
BARCELOS ATACADISTA - ITABORAI;BRAMIL LIXO 100L;BARCELOS ATACADISTA ;ATIVO 
BARCELOS ATACADISTA - ITABORAI;BRAMIL LIXO 100L REF ;BARCELOS ATACADISTA ;ATIVO 
BARCELOS ATACADISTA - ITABORAI;BRAMIL LIXO 15L;BARCELOS ATACADISTA ;ATIVO 
BARCELOS ATACADISTA - ITABORAI;BRAMIL LIXO 200L REF ;BARCELOS ATACADISTA ;ATIVO 
BARCELOS ATACADISTA - ITABORAI;BRAMIL LIXO 30L;BARCELOS ATACADISTA ;ATIVO 
BARCELOS ATACADISTA - ITABORAI;BRAMIL LIXO 50L ;BARCELOS ATACADISTA ;ATIVO 
BARCELOS ATACADISTA - ITABORAI;ECONOMICO 100L;BARCELOS ATACADISTA ;ATIVO 
BARCELOS ATACADISTA - ITABORAI;ECONOMICO 100L ;BARCELOS ATACADISTA ;ATIVO 
BARCELOS ATACADISTA - ITABORAI;ECONOMICO 15L;BARCELOS ATACADISTA ;ATIVO 
BARCELOS ATACADISTA - ITABORAI;ECONOMICO 30L;BARCELOS ATACADISTA ;ATIVO 
BARCELOS ATACADISTA - ITABORAI;ECONOMICO 50L;BARCELOS ATACADISTA ;ATIVO 
BARCELOS ATACADISTA - ITABORAI;HIPERROLL 100L;BARCELOS ATACADISTA ;ATIVO 
BARCELOS ATACADISTA - ITABORAI;HIPERROLL 15L;BARCELOS ATACADISTA ;ATIVO 
BARCELOS ATACADISTA - ITABORAI;HIPERROLL 30L;BARCELOS ATACADISTA ;ATIVO 
BARCELOS ATACADISTA - ITABORAI;HIPERROLL 50L;BARCELOS ATACADISTA ;ATIVO 
BARCELOS ATACADISTA - ITABORAI;REFORCADO 100L;BARCELOS ATACADISTA ;ATIVO 
BARCELOS ATACADISTA - ITABORAI;REFORCADO 200L;BARCELOS ATACADISTA ;ATIVO 
BARCELOS ATACADISTA - ITABORAI;SACOLA 29X39;BARCELOS ATACADISTA ;ATIVO 
BARCELOS ATACADISTA - ITABORAI;SACOLA 29X39 ;BARCELOS ATACADISTA ;ATIVO 
BARCELOS ATACADISTA - ITABORAI;SACOLA 38X48;BARCELOS ATACADISTA ;ATIVO 
BARCELOS ATACADISTA - ITABORAI;SACOLA 38X48 ;BARCELOS ATACADISTA ;ATIVO 
BARCELOS ATACADISTA - ITABORAI;SACOLA VERDE 38X50;BARCELOS ATACADISTA ;ATIVO 
BARCELOS ATACADISTA - ITABORAI;SACOLA VERDE 40X50;BARCELOS ATACADISTA ;ATIVO 
BARCELOS ATACADISTA - SAO GONCALO;BOBINA 20X30;BARCELOS ATACADISTA ;ATIVO 
BARCELOS ATACADISTA - SAO GONCALO;BOBINA 25X35;BARCELOS ATACADISTA ;ATIVO 
BARCELOS ATACADISTA - SAO GONCALO;BOBINA 30X40;BARCELOS ATACADISTA ;ATIVO 
BARCELOS ATACADISTA - SAO GONCALO;BRAMIL LIXO 100L;BARCELOS ATACADISTA ;ATIVO 
BARCELOS ATACADISTA - SAO GONCALO;BRAMIL LIXO 100L REF ;BARCELOS ATACADISTA ;ATIVO 
BARCELOS ATACADISTA - SAO GONCALO;BRAMIL LIXO 15L;BARCELOS ATACADISTA ;ATIVO 
BARCELOS ATACADISTA - SAO GONCALO;BRAMIL LIXO 200L REF ;BARCELOS ATACADISTA ;ATIVO 
BARCELOS ATACADISTA - SAO GONCALO;BRAMIL LIXO 30L;BARCELOS ATACADISTA ;ATIVO 
BARCELOS ATACADISTA - SAO GONCALO;BRAMIL LIXO 50L ;BARCELOS ATACADISTA ;ATIVO 
BARCELOS ATACADISTA - SAO GONCALO;ECONOMICO 100L;BARCELOS ATACADISTA ;ATIVO 
BARCELOS ATACADISTA - SAO GONCALO;ECONOMICO 100L ;BARCELOS ATACADISTA ;ATIVO 
BARCELOS ATACADISTA - SAO GONCALO;ECONOMICO 15L;BARCELOS ATACADISTA ;ATIVO 
BARCELOS ATACADISTA - SAO GONCALO;ECONOMICO 30L;BARCELOS ATACADISTA ;ATIVO 
BARCELOS ATACADISTA - SAO GONCALO;ECONOMICO 50L;BARCELOS ATACADISTA ;ATIVO 
BARCELOS ATACADISTA - SAO GONCALO;HIPERROLL 100L;BARCELOS ATACADISTA ;ATIVO 
BARCELOS ATACADISTA - SAO GONCALO;HIPERROLL 15L;BARCELOS ATACADISTA ;ATIVO 
BARCELOS ATACADISTA - SAO GONCALO;HIPERROLL 30L;BARCELOS ATACADISTA ;ATIVO 
BARCELOS ATACADISTA - SAO GONCALO;HIPERROLL 50L;BARCELOS ATACADISTA ;ATIVO 
BARCELOS ATACADISTA - SAO GONCALO;REFORCADO 100L;BARCELOS ATACADISTA ;ATIVO 
BARCELOS ATACADISTA - SAO GONCALO;REFORCADO 200L;BARCELOS ATACADISTA ;ATIVO 
BARCELOS ATACADISTA - SAO GONCALO;SACOLA 29X39;BARCELOS ATACADISTA ;ATIVO 
BARCELOS ATACADISTA - SAO GONCALO;SACOLA 29X39 ;BARCELOS ATACADISTA ;ATIVO 
BARCELOS ATACADISTA - SAO GONCALO;SACOLA 38X48;BARCELOS ATACADISTA ;ATIVO 
BARCELOS ATACADISTA - SAO GONCALO;SACOLA 38X48 ;BARCELOS ATACADISTA ;ATIVO 
BARCELOS ATACADISTA - SAO GONCALO;SACOLA VERDE 38X50;BARCELOS ATACADISTA ;ATIVO 
BARCELOS ATACADISTA - SAO GONCALO;SACOLA VERDE 40X50;BARCELOS ATACADISTA ;ATIVO 
SUPER BOM - 13 DE MAIO;BOBINA 20X30;SUPER BOM ;ATIVO 
SUPER BOM - 13 DE MAIO;BOBINA 25X35;SUPER BOM ;ATIVO 
SUPER BOM - 13 DE MAIO;BOBINA 30X40;SUPER BOM ;ATIVO 
SUPER BOM - 13 DE MAIO;BRAMIL LIXO 100L;SUPER BOM ;ATIVO 
SUPER BOM - 13 DE MAIO;BRAMIL LIXO 100L REF ;SUPER BOM ;ATIVO 
SUPER BOM - 13 DE MAIO;BRAMIL LIXO 15L;SUPER BOM ;ATIVO 
SUPER BOM - 13 DE MAIO;BRAMIL LIXO 200L REF ;SUPER BOM ;ATIVO 
SUPER BOM - 13 DE MAIO;BRAMIL LIXO 30L;SUPER BOM ;ATIVO 
SUPER BOM - 13 DE MAIO;BRAMIL LIXO 50L ;SUPER BOM ;ATIVO 
SUPER BOM - 13 DE MAIO;ECONOMICO 100L;SUPER BOM ;ATIVO 
SUPER BOM - 13 DE MAIO;ECONOMICO 100L ;SUPER BOM ;ATIVO 
SUPER BOM - 13 DE MAIO;ECONOMICO 15L;SUPER BOM ;ATIVO 
SUPER BOM - 13 DE MAIO;ECONOMICO 30L;SUPER BOM ;ATIVO 
SUPER BOM - 13 DE MAIO;ECONOMICO 50L;SUPER BOM ;ATIVO 
SUPER BOM - 13 DE MAIO;HIPERROLL 100L;SUPER BOM ;ATIVO 
SUPER BOM - 13 DE MAIO;HIPERROLL 15L;SUPER BOM ;ATIVO 
SUPER BOM - 13 DE MAIO;HIPERROLL 30L;SUPER BOM ;ATIVO 
SUPER BOM - 13 DE MAIO;HIPERROLL 50L;SUPER BOM ;ATIVO 
SUPER BOM - 13 DE MAIO;REFORCADO 100L;SUPER BOM ;ATIVO 
SUPER BOM - 13 DE MAIO;REFORCADO 200L;SUPER BOM ;ATIVO 
SUPER BOM - 13 DE MAIO;SACOLA 29X39;SUPER BOM ;ATIVO 
SUPER BOM - 13 DE MAIO;SACOLA 29X39 ;SUPER BOM ;ATIVO 
SUPER BOM - 13 DE MAIO;SACOLA 38X48;SUPER BOM ;ATIVO 
SUPER BOM - 13 DE MAIO;SACOLA 38X48 ;SUPER BOM ;ATIVO 
SUPER BOM - 13 DE MAIO;SACOLA VERDE 38X50;SUPER BOM ;ATIVO 
SUPER BOM - 13 DE MAIO;SACOLA VERDE 40X50;SUPER BOM ;ATIVO 
SUPER BOM - CAMPO GRANDE;BOBINA 20X30;SUPER BOM ;ATIVO 
SUPER BOM - CAMPO GRANDE;BOBINA 25X35;SUPER BOM ;ATIVO 
SUPER BOM - CAMPO GRANDE;BOBINA 30X40;SUPER BOM ;ATIVO 
SUPER BOM - CAMPO GRANDE;BRAMIL LIXO 100L;SUPER BOM ;ATIVO 
SUPER BOM - CAMPO GRANDE;BRAMIL LIXO 100L REF ;SUPER BOM ;ATIVO 
SUPER BOM - CAMPO GRANDE;BRAMIL LIXO 15L;SUPER BOM ;ATIVO 
SUPER BOM - CAMPO GRANDE;BRAMIL LIXO 200L REF ;SUPER BOM ;ATIVO 
SUPER BOM - CAMPO GRANDE;BRAMIL LIXO 30L;SUPER BOM ;ATIVO 
SUPER BOM - CAMPO GRANDE;BRAMIL LIXO 50L ;SUPER BOM ;ATIVO 
SUPER BOM - CAMPO GRANDE;ECONOMICO 100L;SUPER BOM ;ATIVO 
SUPER BOM - CAMPO GRANDE;ECONOMICO 100L ;SUPER BOM ;ATIVO 
SUPER BOM - CAMPO GRANDE;ECONOMICO 15L;SUPER BOM ;ATIVO 
SUPER BOM - CAMPO GRANDE;ECONOMICO 30L;SUPER BOM ;ATIVO 
SUPER BOM - CAMPO GRANDE;ECONOMICO 50L;SUPER BOM ;ATIVO 
SUPER BOM - CAMPO GRANDE;HIPERROLL 100L;SUPER BOM ;ATIVO 
SUPER BOM - CAMPO GRANDE;HIPERROLL 15L;SUPER BOM ;ATIVO 
SUPER BOM - CAMPO GRANDE;HIPERROLL 30L;SUPER BOM ;ATIVO 
SUPER BOM - CAMPO GRANDE;HIPERROLL 50L;SUPER BOM ;ATIVO 
SUPER BOM - CAMPO GRANDE;REFORCADO 100L;SUPER BOM ;ATIVO 
SUPER BOM - CAMPO GRANDE;REFORCADO 200L;SUPER BOM ;ATIVO 
SUPER BOM - CAMPO GRANDE;SACOLA 29X39;SUPER BOM ;ATIVO 
SUPER BOM - CAMPO GRANDE;SACOLA 29X39 ;SUPER BOM ;ATIVO 
SUPER BOM - CAMPO GRANDE;SACOLA 38X48;SUPER BOM ;ATIVO 
SUPER BOM - CAMPO GRANDE;SACOLA 38X48 ;SUPER BOM ;ATIVO 
SUPER BOM - CAMPO GRANDE;SACOLA VERDE 38X50;SUPER BOM ;ATIVO 
SUPER BOM - CAMPO GRANDE;SACOLA VERDE 40X50;SUPER BOM ;ATIVO 
SUPER BOM - COLUBANDE;BOBINA 20X30;SUPER BOM ;ATIVO 
SUPER BOM - COLUBANDE;BOBINA 25X35;SUPER BOM ;ATIVO 
SUPER BOM - COLUBANDE;BOBINA 30X40;SUPER BOM ;ATIVO 
SUPER BOM - COLUBANDE;BRAMIL LIXO 100L;SUPER BOM ;ATIVO 
SUPER BOM - COLUBANDE;BRAMIL LIXO 100L REF ;SUPER BOM ;ATIVO 
SUPER BOM - COLUBANDE;BRAMIL LIXO 15L;SUPER BOM ;ATIVO 
SUPER BOM - COLUBANDE;BRAMIL LIXO 200L REF ;SUPER BOM ;ATIVO 
SUPER BOM - COLUBANDE;BRAMIL LIXO 30L;SUPER BOM ;ATIVO 
SUPER BOM - COLUBANDE;BRAMIL LIXO 50L ;SUPER BOM ;ATIVO 
SUPER BOM - COLUBANDE;ECONOMICO 100L;SUPER BOM ;ATIVO 
SUPER BOM - COLUBANDE;ECONOMICO 100L ;SUPER BOM ;ATIVO 
SUPER BOM - COLUBANDE;ECONOMICO 15L;SUPER BOM ;ATIVO 
SUPER BOM - COLUBANDE;ECONOMICO 30L;SUPER BOM ;ATIVO 
SUPER BOM - COLUBANDE;ECONOMICO 50L;SUPER BOM ;ATIVO 
SUPER BOM - COLUBANDE;HIPERROLL 100L;SUPER BOM ;ATIVO 
SUPER BOM - COLUBANDE;HIPERROLL 15L;SUPER BOM ;ATIVO 
SUPER BOM - COLUBANDE;HIPERROLL 30L;SUPER BOM ;ATIVO 
SUPER BOM - COLUBANDE;HIPERROLL 50L;SUPER BOM ;ATIVO 
SUPER BOM - COLUBANDE;REFORCADO 100L;SUPER BOM ;ATIVO 
SUPER BOM - COLUBANDE;REFORCADO 200L;SUPER BOM ;ATIVO 
SUPER BOM - COLUBANDE;SACOLA 29X39;SUPER BOM ;ATIVO 
SUPER BOM - COLUBANDE;SACOLA 29X39 ;SUPER BOM ;ATIVO 
SUPER BOM - COLUBANDE;SACOLA 38X48;SUPER BOM ;ATIVO 
SUPER BOM - COLUBANDE;SACOLA 38X48 ;SUPER BOM ;ATIVO 
SUPER BOM - COLUBANDE;SACOLA VERDE 38X50;SUPER BOM ;ATIVO 
SUPER BOM - COLUBANDE;SACOLA VERDE 40X50;SUPER BOM ;ATIVO 
SUPER BOM - CURICICA;BOBINA 20X30;SUPER BOM ;ATIVO 
SUPER BOM - CURICICA;BOBINA 25X35;SUPER BOM ;ATIVO 
SUPER BOM - CURICICA;BOBINA 30X40;SUPER BOM ;ATIVO 
SUPER BOM - CURICICA;BRAMIL LIXO 100L;SUPER BOM ;ATIVO 
SUPER BOM - CURICICA;BRAMIL LIXO 100L REF ;SUPER BOM ;ATIVO 
SUPER BOM - CURICICA;BRAMIL LIXO 15L;SUPER BOM ;ATIVO 
SUPER BOM - CURICICA;BRAMIL LIXO 200L REF ;SUPER BOM ;ATIVO 
SUPER BOM - CURICICA;BRAMIL LIXO 30L;SUPER BOM ;ATIVO 
SUPER BOM - CURICICA;BRAMIL LIXO 50L ;SUPER BOM ;ATIVO 
SUPER BOM - CURICICA;ECONOMICO 100L;SUPER BOM ;ATIVO 
SUPER BOM - CURICICA;ECONOMICO 100L ;SUPER BOM ;ATIVO 
SUPER BOM - CURICICA;ECONOMICO 15L;SUPER BOM ;ATIVO 
SUPER BOM - CURICICA;ECONOMICO 30L;SUPER BOM ;ATIVO 
SUPER BOM - CURICICA;ECONOMICO 50L;SUPER BOM ;ATIVO 
SUPER BOM - CURICICA;HIPERROLL 100L;SUPER BOM ;ATIVO 
SUPER BOM - CURICICA;HIPERROLL 15L;SUPER BOM ;ATIVO 
SUPER BOM - CURICICA;HIPERROLL 30L;SUPER BOM ;ATIVO 
SUPER BOM - CURICICA;HIPERROLL 50L;SUPER BOM ;ATIVO 
SUPER BOM - CURICICA;REFORCADO 100L;SUPER BOM ;ATIVO 
SUPER BOM - CURICICA;REFORCADO 200L;SUPER BOM ;ATIVO 
SUPER BOM - CURICICA;SACOLA 29X39;SUPER BOM ;ATIVO 
SUPER BOM - CURICICA;SACOLA 29X39 ;SUPER BOM ;ATIVO 
SUPER BOM - CURICICA;SACOLA 38X48;SUPER BOM ;ATIVO 
SUPER BOM - CURICICA;SACOLA 38X48 ;SUPER BOM ;ATIVO 
SUPER BOM - CURICICA;SACOLA VERDE 38X50;SUPER BOM ;ATIVO 
SUPER BOM - CURICICA;SACOLA VERDE 40X50;SUPER BOM ;ATIVO 
SUPER BOM - GOYTACAZES;BOBINA 20X30;SUPER BOM ;ATIVO 
SUPER BOM - GOYTACAZES;BOBINA 25X35;SUPER BOM ;ATIVO 
SUPER BOM - GOYTACAZES;BOBINA 30X40;SUPER BOM ;ATIVO 
SUPER BOM - GOYTACAZES;BRAMIL LIXO 100L;SUPER BOM ;ATIVO 
SUPER BOM - GOYTACAZES;BRAMIL LIXO 100L REF ;SUPER BOM ;ATIVO 
SUPER BOM - GOYTACAZES;BRAMIL LIXO 15L;SUPER BOM ;ATIVO 
SUPER BOM - GOYTACAZES;BRAMIL LIXO 200L REF ;SUPER BOM ;ATIVO 
SUPER BOM - GOYTACAZES;BRAMIL LIXO 30L;SUPER BOM ;ATIVO 
SUPER BOM - GOYTACAZES;BRAMIL LIXO 50L ;SUPER BOM ;ATIVO 
SUPER BOM - GOYTACAZES;ECONOMICO 100L;SUPER BOM ;ATIVO 
SUPER BOM - GOYTACAZES;ECONOMICO 100L ;SUPER BOM ;ATIVO 
SUPER BOM - GOYTACAZES;ECONOMICO 15L;SUPER BOM ;ATIVO 
SUPER BOM - GOYTACAZES;ECONOMICO 30L;SUPER BOM ;ATIVO 
SUPER BOM - GOYTACAZES;ECONOMICO 50L;SUPER BOM ;ATIVO 
SUPER BOM - GOYTACAZES;HIPERROLL 100L;SUPER BOM ;ATIVO 
SUPER BOM - GOYTACAZES;HIPERROLL 15L;SUPER BOM ;ATIVO 
SUPER BOM - GOYTACAZES;HIPERROLL 30L;SUPER BOM ;ATIVO 
SUPER BOM - GOYTACAZES;HIPERROLL 50L;SUPER BOM ;ATIVO 
SUPER BOM - GOYTACAZES;REFORCADO 100L;SUPER BOM ;ATIVO 
SUPER BOM - GOYTACAZES;REFORCADO 200L;SUPER BOM ;ATIVO 
SUPER BOM - GOYTACAZES;SACOLA 29X39;SUPER BOM ;ATIVO 
SUPER BOM - GOYTACAZES;SACOLA 29X39 ;SUPER BOM ;ATIVO 
SUPER BOM - GOYTACAZES;SACOLA 38X48;SUPER BOM ;ATIVO 
SUPER BOM - GOYTACAZES;SACOLA 38X48 ;SUPER BOM ;ATIVO 
SUPER BOM - GOYTACAZES;SACOLA VERDE 38X50;SUPER BOM ;ATIVO 
SUPER BOM - GOYTACAZES;SACOLA VERDE 40X50;SUPER BOM ;ATIVO 
SUPER BOM - GUARUS PLAZA;BOBINA 20X30;SUPER BOM ;ATIVO 
SUPER BOM - GUARUS PLAZA;BOBINA 25X35;SUPER BOM ;ATIVO 
SUPER BOM - GUARUS PLAZA;BOBINA 30X40;SUPER BOM ;ATIVO 
SUPER BOM - GUARUS PLAZA;BRAMIL LIXO 100L;SUPER BOM ;ATIVO 
SUPER BOM - GUARUS PLAZA;BRAMIL LIXO 100L REF ;SUPER BOM ;ATIVO 
SUPER BOM - GUARUS PLAZA;BRAMIL LIXO 15L;SUPER BOM ;ATIVO 
SUPER BOM - GUARUS PLAZA;BRAMIL LIXO 200L REF ;SUPER BOM ;ATIVO 
SUPER BOM - GUARUS PLAZA;BRAMIL LIXO 30L;SUPER BOM ;ATIVO 
SUPER BOM - GUARUS PLAZA;BRAMIL LIXO 50L ;SUPER BOM ;ATIVO 
SUPER BOM - GUARUS PLAZA;ECONOMICO 100L;SUPER BOM ;ATIVO 
SUPER BOM - GUARUS PLAZA;ECONOMICO 100L ;SUPER BOM ;ATIVO 
SUPER BOM - GUARUS PLAZA;ECONOMICO 15L;SUPER BOM ;ATIVO 
SUPER BOM - GUARUS PLAZA;ECONOMICO 30L;SUPER BOM ;ATIVO 
SUPER BOM - GUARUS PLAZA;ECONOMICO 50L;SUPER BOM ;ATIVO 
SUPER BOM - GUARUS PLAZA;HIPERROLL 100L;SUPER BOM ;ATIVO 
SUPER BOM - GUARUS PLAZA;HIPERROLL 15L;SUPER BOM ;ATIVO 
SUPER BOM - GUARUS PLAZA;HIPERROLL 30L;SUPER BOM ;ATIVO 
SUPER BOM - GUARUS PLAZA;HIPERROLL 50L;SUPER BOM ;ATIVO 
SUPER BOM - GUARUS PLAZA;REFORCADO 100L;SUPER BOM ;ATIVO 
SUPER BOM - GUARUS PLAZA;REFORCADO 200L;SUPER BOM ;ATIVO 
SUPER BOM - GUARUS PLAZA;SACOLA 29X39;SUPER BOM ;ATIVO 
SUPER BOM - GUARUS PLAZA;SACOLA 29X39 ;SUPER BOM ;ATIVO 
SUPER BOM - GUARUS PLAZA;SACOLA 38X48;SUPER BOM ;ATIVO 
SUPER BOM - GUARUS PLAZA;SACOLA 38X48 ;SUPER BOM ;ATIVO 
SUPER BOM - GUARUS PLAZA;SACOLA VERDE 38X50;SUPER BOM ;ATIVO 
SUPER BOM - GUARUS PLAZA;SACOLA VERDE 40X50;SUPER BOM ;ATIVO 
SUPER BOM - IPS;BOBINA 20X30;SUPER BOM ;ATIVO 
SUPER BOM - IPS;BOBINA 25X35;SUPER BOM ;ATIVO 
SUPER BOM - IPS;BOBINA 30X40;SUPER BOM ;ATIVO 
SUPER BOM - IPS;BRAMIL LIXO 100L;SUPER BOM ;ATIVO 
SUPER BOM - IPS;BRAMIL LIXO 100L REF ;SUPER BOM ;ATIVO 
SUPER BOM - IPS;BRAMIL LIXO 15L;SUPER BOM ;ATIVO 
SUPER BOM - IPS;BRAMIL LIXO 200L REF ;SUPER BOM ;ATIVO 
SUPER BOM - IPS;BRAMIL LIXO 30L;SUPER BOM ;ATIVO 
SUPER BOM - IPS;BRAMIL LIXO 50L ;SUPER BOM ;ATIVO 
SUPER BOM - IPS;ECONOMICO 100L;SUPER BOM ;ATIVO 
SUPER BOM - IPS;ECONOMICO 100L ;SUPER BOM ;ATIVO 
SUPER BOM - IPS;ECONOMICO 15L;SUPER BOM ;ATIVO 
SUPER BOM - IPS;ECONOMICO 30L;SUPER BOM ;ATIVO 
SUPER BOM - IPS;ECONOMICO 50L;SUPER BOM ;ATIVO 
SUPER BOM - IPS;HIPERROLL 100L;SUPER BOM ;ATIVO 
SUPER BOM - IPS;HIPERROLL 15L;SUPER BOM ;ATIVO 
SUPER BOM - IPS;HIPERROLL 30L;SUPER BOM ;ATIVO 
SUPER BOM - IPS;HIPERROLL 50L;SUPER BOM ;ATIVO 
SUPER BOM - IPS;REFORCADO 100L;SUPER BOM ;ATIVO 
SUPER BOM - IPS;REFORCADO 200L;SUPER BOM ;ATIVO 
SUPER BOM - IPS;SACOLA 29X39;SUPER BOM ;ATIVO 
SUPER BOM - IPS;SACOLA 29X39 ;SUPER BOM ;ATIVO 
SUPER BOM - IPS;SACOLA 38X48;SUPER BOM ;ATIVO 
SUPER BOM - IPS;SACOLA 38X48 ;SUPER BOM ;ATIVO 
SUPER BOM - IPS;SACOLA VERDE 38X50;SUPER BOM ;ATIVO 
SUPER BOM - IPS;SACOLA VERDE 40X50;SUPER BOM ;ATIVO 
SUPER BOM - NOVA IGUACU;BOBINA 20X30;SUPER BOM ;ATIVO 
SUPER BOM - NOVA IGUACU;BOBINA 25X35;SUPER BOM ;ATIVO 
SUPER BOM - NOVA IGUACU;BOBINA 30X40;SUPER BOM ;ATIVO 
SUPER BOM - NOVA IGUACU;BRAMIL LIXO 100L;SUPER BOM ;ATIVO 
SUPER BOM - NOVA IGUACU;BRAMIL LIXO 100L REF ;SUPER BOM ;ATIVO 
SUPER BOM - NOVA IGUACU;BRAMIL LIXO 15L;SUPER BOM ;ATIVO 
SUPER BOM - NOVA IGUACU;BRAMIL LIXO 200L REF ;SUPER BOM ;ATIVO 
SUPER BOM - NOVA IGUACU;BRAMIL LIXO 30L;SUPER BOM ;ATIVO 
SUPER BOM - NOVA IGUACU;BRAMIL LIXO 50L ;SUPER BOM ;ATIVO 
SUPER BOM - NOVA IGUACU;ECONOMICO 100L;SUPER BOM ;ATIVO 
SUPER BOM - NOVA IGUACU;ECONOMICO 100L ;SUPER BOM ;ATIVO 
SUPER BOM - NOVA IGUACU;ECONOMICO 15L;SUPER BOM ;ATIVO 
SUPER BOM - NOVA IGUACU;ECONOMICO 30L;SUPER BOM ;ATIVO 
SUPER BOM - NOVA IGUACU;ECONOMICO 50L;SUPER BOM ;ATIVO 
SUPER BOM - NOVA IGUACU;HIPERROLL 100L;SUPER BOM ;ATIVO 
SUPER BOM - NOVA IGUACU;HIPERROLL 15L;SUPER BOM ;ATIVO 
SUPER BOM - NOVA IGUACU;HIPERROLL 30L;SUPER BOM ;ATIVO 
SUPER BOM - NOVA IGUACU;HIPERROLL 50L;SUPER BOM ;ATIVO 
SUPER BOM - NOVA IGUACU;REFORCADO 100L;SUPER BOM ;ATIVO 
SUPER BOM - NOVA IGUACU;REFORCADO 200L;SUPER BOM ;ATIVO 
SUPER BOM - NOVA IGUACU;SACOLA 29X39;SUPER BOM ;ATIVO 
SUPER BOM - NOVA IGUACU;SACOLA 29X39 ;SUPER BOM ;ATIVO 
SUPER BOM - NOVA IGUACU;SACOLA 38X48;SUPER BOM ;ATIVO 
SUPER BOM - NOVA IGUACU;SACOLA 38X48 ;SUPER BOM ;ATIVO 
SUPER BOM - NOVA IGUACU;SACOLA VERDE 38X50;SUPER BOM ;ATIVO 
SUPER BOM - NOVA IGUACU;SACOLA VERDE 40X50;SUPER BOM ;ATIVO 
SUPER BOM - PARTAGE SHOPPING;BOBINA 20X30;SUPER BOM ;ATIVO 
SUPER BOM - PARTAGE SHOPPING;BOBINA 25X35;SUPER BOM ;ATIVO 
SUPER BOM - PARTAGE SHOPPING;BOBINA 30X40;SUPER BOM ;ATIVO 
SUPER BOM - PARTAGE SHOPPING;BRAMIL LIXO 100L;SUPER BOM ;ATIVO 
SUPER BOM - PARTAGE SHOPPING;BRAMIL LIXO 100L REF ;SUPER BOM ;ATIVO 
SUPER BOM - PARTAGE SHOPPING;BRAMIL LIXO 15L;SUPER BOM ;ATIVO 
SUPER BOM - PARTAGE SHOPPING;BRAMIL LIXO 200L REF ;SUPER BOM ;ATIVO 
SUPER BOM - PARTAGE SHOPPING;BRAMIL LIXO 30L;SUPER BOM ;ATIVO 
SUPER BOM - PARTAGE SHOPPING;BRAMIL LIXO 50L ;SUPER BOM ;ATIVO 
SUPER BOM - PARTAGE SHOPPING;ECONOMICO 100L;SUPER BOM ;ATIVO 
SUPER BOM - PARTAGE SHOPPING;ECONOMICO 100L ;SUPER BOM ;ATIVO 
SUPER BOM - PARTAGE SHOPPING;ECONOMICO 15L;SUPER BOM ;ATIVO 
SUPER BOM - PARTAGE SHOPPING;ECONOMICO 30L;SUPER BOM ;ATIVO 
SUPER BOM - PARTAGE SHOPPING;ECONOMICO 50L;SUPER BOM ;ATIVO 
SUPER BOM - PARTAGE SHOPPING;HIPERROLL 100L;SUPER BOM ;ATIVO 
SUPER BOM - PARTAGE SHOPPING;HIPERROLL 15L;SUPER BOM ;ATIVO 
SUPER BOM - PARTAGE SHOPPING;HIPERROLL 30L;SUPER BOM ;ATIVO 
SUPER BOM - PARTAGE SHOPPING;HIPERROLL 50L;SUPER BOM ;ATIVO 
SUPER BOM - PARTAGE SHOPPING;REFORCADO 100L;SUPER BOM ;ATIVO 
SUPER BOM - PARTAGE SHOPPING;REFORCADO 200L;SUPER BOM ;ATIVO 
SUPER BOM - PARTAGE SHOPPING;SACOLA 29X39;SUPER BOM ;ATIVO 
SUPER BOM - PARTAGE SHOPPING;SACOLA 29X39 ;SUPER BOM ;ATIVO 
SUPER BOM - PARTAGE SHOPPING;SACOLA 38X48;SUPER BOM ;ATIVO 
SUPER BOM - PARTAGE SHOPPING;SACOLA 38X48 ;SUPER BOM ;ATIVO 
SUPER BOM - PARTAGE SHOPPING;SACOLA VERDE 38X50;SUPER BOM ;ATIVO 
SUPER BOM - PARTAGE SHOPPING;SACOLA VERDE 40X50;SUPER BOM ;ATIVO 
SUPER BOM - SAO PEDRO DA ALDEIA;BOBINA 20X30;SUPER BOM ;ATIVO 
SUPER BOM - SAO PEDRO DA ALDEIA;BOBINA 25X35;SUPER BOM ;ATIVO 
SUPER BOM - SAO PEDRO DA ALDEIA;BOBINA 30X40;SUPER BOM ;ATIVO 
SUPER BOM - SAO PEDRO DA ALDEIA;BRAMIL LIXO 100L;SUPER BOM ;ATIVO 
SUPER BOM - SAO PEDRO DA ALDEIA;BRAMIL LIXO 100L REF ;SUPER BOM ;ATIVO 
SUPER BOM - SAO PEDRO DA ALDEIA;BRAMIL LIXO 15L;SUPER BOM ;ATIVO 
SUPER BOM - SAO PEDRO DA ALDEIA;BRAMIL LIXO 200L REF ;SUPER BOM ;ATIVO 
SUPER BOM - SAO PEDRO DA ALDEIA;BRAMIL LIXO 30L;SUPER BOM ;ATIVO 
SUPER BOM - SAO PEDRO DA ALDEIA;BRAMIL LIXO 50L ;SUPER BOM ;ATIVO 
SUPER BOM - SAO PEDRO DA ALDEIA;ECONOMICO 100L;SUPER BOM ;ATIVO 
SUPER BOM - SAO PEDRO DA ALDEIA;ECONOMICO 100L ;SUPER BOM ;ATIVO 
SUPER BOM - SAO PEDRO DA ALDEIA;ECONOMICO 15L;SUPER BOM ;ATIVO 
SUPER BOM - SAO PEDRO DA ALDEIA;ECONOMICO 30L;SUPER BOM ;ATIVO 
SUPER BOM - SAO PEDRO DA ALDEIA;ECONOMICO 50L;SUPER BOM ;ATIVO 
SUPER BOM - SAO PEDRO DA ALDEIA;HIPERROLL 100L;SUPER BOM ;ATIVO 
SUPER BOM - SAO PEDRO DA ALDEIA;HIPERROLL 15L;SUPER BOM ;ATIVO 
SUPER BOM - SAO PEDRO DA ALDEIA;HIPERROLL 30L;SUPER BOM ;ATIVO 
SUPER BOM - SAO PEDRO DA ALDEIA;HIPERROLL 50L;SUPER BOM ;ATIVO 
SUPER BOM - SAO PEDRO DA ALDEIA;REFORCADO 100L;SUPER BOM ;ATIVO 
SUPER BOM - SAO PEDRO DA ALDEIA;REFORCADO 200L;SUPER BOM ;ATIVO 
SUPER BOM - SAO PEDRO DA ALDEIA;SACOLA 29X39;SUPER BOM ;ATIVO 
SUPER BOM - SAO PEDRO DA ALDEIA;SACOLA 29X39 ;SUPER BOM ;ATIVO 
SUPER BOM - SAO PEDRO DA ALDEIA;SACOLA 38X48;SUPER BOM ;ATIVO 
SUPER BOM - SAO PEDRO DA ALDEIA;SACOLA 38X48 ;SUPER BOM ;ATIVO 
SUPER BOM - SAO PEDRO DA ALDEIA;SACOLA VERDE 38X50;SUPER BOM ;ATIVO 
SUPER BOM - SAO PEDRO DA ALDEIA;SACOLA VERDE 40X50;SUPER BOM ;ATIVO 
SUPER BOM - 28 DE MARCO;BOBINA 20X30;SUPER BOM ;ATIVO 
SUPER BOM - 28 DE MARCO;BOBINA 25X35;SUPER BOM ;ATIVO 
SUPER BOM - 28 DE MARCO;BOBINA 30X40;SUPER BOM ;ATIVO 
SUPER BOM - 28 DE MARCO;BRAMIL LIXO 100L;SUPER BOM ;ATIVO 
SUPER BOM - 28 DE MARCO;BRAMIL LIXO 100L REF ;SUPER BOM ;ATIVO 
SUPER BOM - 28 DE MARCO;BRAMIL LIXO 15L;SUPER BOM ;ATIVO 
SUPER BOM - 28 DE MARCO;BRAMIL LIXO 200L REF ;SUPER BOM ;ATIVO 
SUPER BOM - 28 DE MARCO;BRAMIL LIXO 30L;SUPER BOM ;ATIVO 
SUPER BOM - 28 DE MARCO;BRAMIL LIXO 50L ;SUPER BOM ;ATIVO 
SUPER BOM - 28 DE MARCO;ECONOMICO 100L;SUPER BOM ;ATIVO 
SUPER BOM - 28 DE MARCO;ECONOMICO 100L ;SUPER BOM ;ATIVO 
SUPER BOM - 28 DE MARCO;ECONOMICO 15L;SUPER BOM ;ATIVO 
SUPER BOM - 28 DE MARCO;ECONOMICO 30L;SUPER BOM ;ATIVO 
SUPER BOM - 28 DE MARCO;ECONOMICO 50L;SUPER BOM ;ATIVO 
SUPER BOM - 28 DE MARCO;HIPERROLL 100L;SUPER BOM ;ATIVO 
SUPER BOM - 28 DE MARCO;HIPERROLL 15L;SUPER BOM ;ATIVO 
SUPER BOM - 28 DE MARCO;HIPERROLL 30L;SUPER BOM ;ATIVO 
SUPER BOM - 28 DE MARCO;HIPERROLL 50L;SUPER BOM ;ATIVO 
SUPER BOM - 28 DE MARCO;REFORCADO 100L;SUPER BOM ;ATIVO 
SUPER BOM - 28 DE MARCO;REFORCADO 200L;SUPER BOM ;ATIVO 
SUPER BOM - 28 DE MARCO;SACOLA 29X39;SUPER BOM ;ATIVO 
SUPER BOM - 28 DE MARCO;SACOLA 29X39 ;SUPER BOM ;ATIVO 
SUPER BOM - 28 DE MARCO;SACOLA 38X48;SUPER BOM ;ATIVO 
SUPER BOM - 28 DE MARCO;SACOLA 38X48 ;SUPER BOM ;ATIVO 
SUPER BOM - 28 DE MARCO;SACOLA VERDE 38X50;SUPER BOM ;ATIVO 
SUPER BOM - 28 DE MARCO;SACOLA VERDE 40X50;SUPER BOM ;ATIVO 
SUPER BOM - TARCISIO MIRANDA;BOBINA 20X30;SUPER BOM ;ATIVO 
SUPER BOM - TARCISIO MIRANDA;BOBINA 25X35;SUPER BOM ;ATIVO 
SUPER BOM - TARCISIO MIRANDA;BOBINA 30X40;SUPER BOM ;ATIVO 
SUPER BOM - TARCISIO MIRANDA;BRAMIL LIXO 100L;SUPER BOM ;ATIVO 
SUPER BOM - TARCISIO MIRANDA;BRAMIL LIXO 100L REF ;SUPER BOM ;ATIVO 
SUPER BOM - TARCISIO MIRANDA;BRAMIL LIXO 15L;SUPER BOM ;ATIVO 
SUPER BOM - TARCISIO MIRANDA;BRAMIL LIXO 200L REF ;SUPER BOM ;ATIVO 
SUPER BOM - TARCISIO MIRANDA;BRAMIL LIXO 30L;SUPER BOM ;ATIVO 
SUPER BOM - TARCISIO MIRANDA;BRAMIL LIXO 50L ;SUPER BOM ;ATIVO 
SUPER BOM - TARCISIO MIRANDA;ECONOMICO 100L;SUPER BOM ;ATIVO 
SUPER BOM - TARCISIO MIRANDA;ECONOMICO 100L ;SUPER BOM ;ATIVO 
SUPER BOM - TARCISIO MIRANDA;ECONOMICO 15L;SUPER BOM ;ATIVO 
SUPER BOM - TARCISIO MIRANDA;ECONOMICO 30L;SUPER BOM ;ATIVO 
SUPER BOM - TARCISIO MIRANDA;ECONOMICO 50L;SUPER BOM ;ATIVO 
SUPER BOM - TARCISIO MIRANDA;HIPERROLL 100L;SUPER BOM ;ATIVO 
SUPER BOM - TARCISIO MIRANDA;HIPERROLL 15L;SUPER BOM ;ATIVO 
SUPER BOM - TARCISIO MIRANDA;HIPERROLL 30L;SUPER BOM ;ATIVO 
SUPER BOM - TARCISIO MIRANDA;HIPERROLL 50L;SUPER BOM ;ATIVO 
SUPER BOM - TARCISIO MIRANDA;REFORCADO 100L;SUPER BOM ;ATIVO 
SUPER BOM - TARCISIO MIRANDA;REFORCADO 200L;SUPER BOM ;ATIVO 
SUPER BOM - TARCISIO MIRANDA;SACOLA 29X39;SUPER BOM ;ATIVO 
SUPER BOM - TARCISIO MIRANDA;SACOLA 29X39 ;SUPER BOM ;ATIVO 
SUPER BOM - TARCISIO MIRANDA;SACOLA 38X48;SUPER BOM ;ATIVO 
SUPER BOM - TARCISIO MIRANDA;SACOLA 38X48 ;SUPER BOM ;ATIVO 
SUPER BOM - TARCISIO MIRANDA;SACOLA VERDE 38X50;SUPER BOM ;ATIVO 
SUPER BOM - TARCISIO MIRANDA;SACOLA VERDE 40X50;SUPER BOM ;ATIVO 
SUPER BOM - CAMPISTA;BOBINA 20X30;SUPER BOM ;ATIVO 
SUPER BOM - CAMPISTA;BOBINA 25X35;SUPER BOM ;ATIVO 
SUPER BOM - CAMPISTA;BOBINA 30X40;SUPER BOM ;ATIVO 
SUPER BOM - CAMPISTA;BRAMIL LIXO 100L;SUPER BOM ;ATIVO 
SUPER BOM - CAMPISTA;BRAMIL LIXO 100L REF ;SUPER BOM ;ATIVO 
SUPER BOM - CAMPISTA;BRAMIL LIXO 15L;SUPER BOM ;ATIVO 
SUPER BOM - CAMPISTA;BRAMIL LIXO 200L REF ;SUPER BOM ;ATIVO 
SUPER BOM - CAMPISTA;BRAMIL LIXO 30L;SUPER BOM ;ATIVO 
SUPER BOM - CAMPISTA;BRAMIL LIXO 50L ;SUPER BOM ;ATIVO 
SUPER BOM - CAMPISTA;ECONOMICO 100L;SUPER BOM ;ATIVO 
SUPER BOM - CAMPISTA;ECONOMICO 100L ;SUPER BOM ;ATIVO 
SUPER BOM - CAMPISTA;ECONOMICO 15L;SUPER BOM ;ATIVO 
SUPER BOM - CAMPISTA;ECONOMICO 30L;SUPER BOM ;ATIVO 
SUPER BOM - CAMPISTA;ECONOMICO 50L;SUPER BOM ;ATIVO 
SUPER BOM - CAMPISTA;HIPERROLL 100L;SUPER BOM ;ATIVO 
SUPER BOM - CAMPISTA;HIPERROLL 15L;SUPER BOM ;ATIVO 
SUPER BOM - CAMPISTA;HIPERROLL 30L;SUPER BOM ;ATIVO 
SUPER BOM - CAMPISTA;HIPERROLL 50L;SUPER BOM ;ATIVO 
SUPER BOM - CAMPISTA;REFORCADO 100L;SUPER BOM ;ATIVO 
SUPER BOM - CAMPISTA;REFORCADO 200L;SUPER BOM ;ATIVO 
SUPER BOM - CAMPISTA;SACOLA 29X39;SUPER BOM ;ATIVO 
SUPER BOM - CAMPISTA;SACOLA 29X39 ;SUPER BOM ;ATIVO 
SUPER BOM - CAMPISTA;SACOLA 38X48;SUPER BOM ;ATIVO 
SUPER BOM - CAMPISTA;SACOLA 38X48 ;SUPER BOM ;ATIVO 
SUPER BOM - CAMPISTA;SACOLA VERDE 38X50;SUPER BOM ;ATIVO 
SUPER BOM - CAMPISTA;SACOLA VERDE 40X50;SUPER BOM ;ATIVO 
SUPER BOM - BARTOLOMEU;BOBINA 20X30;SUPER BOM ;ATIVO 
SUPER BOM - BARTOLOMEU;BOBINA 25X35;SUPER BOM ;ATIVO 
SUPER BOM - BARTOLOMEU;BOBINA 30X40;SUPER BOM ;ATIVO 
SUPER BOM - BARTOLOMEU;BRAMIL LIXO 100L;SUPER BOM ;ATIVO 
SUPER BOM - BARTOLOMEU;BRAMIL LIXO 100L REF ;SUPER BOM ;ATIVO 
SUPER BOM - BARTOLOMEU;BRAMIL LIXO 15L;SUPER BOM ;ATIVO 
SUPER BOM - BARTOLOMEU;BRAMIL LIXO 200L REF ;SUPER BOM ;ATIVO 
SUPER BOM - BARTOLOMEU;BRAMIL LIXO 30L;SUPER BOM ;ATIVO 
SUPER BOM - BARTOLOMEU;BRAMIL LIXO 50L ;SUPER BOM ;ATIVO 
SUPER BOM - BARTOLOMEU;ECONOMICO 100L;SUPER BOM ;ATIVO 
SUPER BOM - BARTOLOMEU;ECONOMICO 100L ;SUPER BOM ;ATIVO 
SUPER BOM - BARTOLOMEU;ECONOMICO 15L;SUPER BOM ;ATIVO 
SUPER BOM - BARTOLOMEU;ECONOMICO 30L;SUPER BOM ;ATIVO 
SUPER BOM - BARTOLOMEU;ECONOMICO 50L;SUPER BOM ;ATIVO 
SUPER BOM - BARTOLOMEU;HIPERROLL 100L;SUPER BOM ;ATIVO 
SUPER BOM - BARTOLOMEU;HIPERROLL 15L;SUPER BOM ;ATIVO 
SUPER BOM - BARTOLOMEU;HIPERROLL 30L;SUPER BOM ;ATIVO 
SUPER BOM - BARTOLOMEU;HIPERROLL 50L;SUPER BOM ;ATIVO 
SUPER BOM - BARTOLOMEU;REFORCADO 100L;SUPER BOM ;ATIVO 
SUPER BOM - BARTOLOMEU;REFORCADO 200L;SUPER BOM ;ATIVO 
SUPER BOM - BARTOLOMEU;SACOLA 29X39;SUPER BOM ;ATIVO 
SUPER BOM - BARTOLOMEU;SACOLA 29X39 ;SUPER BOM ;ATIVO 
SUPER BOM - BARTOLOMEU;SACOLA 38X48;SUPER BOM ;ATIVO 
SUPER BOM - BARTOLOMEU;SACOLA 38X48 ;SUPER BOM ;ATIVO 
SUPER BOM - BARTOLOMEU;SACOLA VERDE 38X50;SUPER BOM ;ATIVO 
SUPER BOM - BARTOLOMEU;SACOLA VERDE 40X50;SUPER BOM ;ATIVO 
SUPER BOM - ALBERTO TORRES;BOBINA 20X30;SUPER BOM ;ATIVO 
SUPER BOM - ALBERTO TORRES;BOBINA 25X35;SUPER BOM ;ATIVO 
SUPER BOM - ALBERTO TORRES;BOBINA 30X40;SUPER BOM ;ATIVO 
SUPER BOM - ALBERTO TORRES;BRAMIL LIXO 100L;SUPER BOM ;ATIVO 
SUPER BOM - ALBERTO TORRES;BRAMIL LIXO 100L REF ;SUPER BOM ;ATIVO 
SUPER BOM - ALBERTO TORRES;BRAMIL LIXO 15L;SUPER BOM ;ATIVO 
SUPER BOM - ALBERTO TORRES;BRAMIL LIXO 200L REF ;SUPER BOM ;ATIVO 
SUPER BOM - ALBERTO TORRES;BRAMIL LIXO 30L;SUPER BOM ;ATIVO 
SUPER BOM - ALBERTO TORRES;BRAMIL LIXO 50L ;SUPER BOM ;ATIVO 
SUPER BOM - ALBERTO TORRES;ECONOMICO 100L;SUPER BOM ;ATIVO 
SUPER BOM - ALBERTO TORRES;ECONOMICO 100L ;SUPER BOM ;ATIVO 
SUPER BOM - ALBERTO TORRES;ECONOMICO 15L;SUPER BOM ;ATIVO 
SUPER BOM - ALBERTO TORRES;ECONOMICO 30L;SUPER BOM ;ATIVO 
SUPER BOM - ALBERTO TORRES;ECONOMICO 50L;SUPER BOM ;ATIVO 
SUPER BOM - ALBERTO TORRES;HIPERROLL 100L;SUPER BOM ;ATIVO 
SUPER BOM - ALBERTO TORRES;HIPERROLL 15L;SUPER BOM ;ATIVO 
SUPER BOM - ALBERTO TORRES;HIPERROLL 30L;SUPER BOM ;ATIVO 
SUPER BOM - ALBERTO TORRES;HIPERROLL 50L;SUPER BOM ;ATIVO 
SUPER BOM - ALBERTO TORRES;REFORCADO 100L;SUPER BOM ;ATIVO 
SUPER BOM - ALBERTO TORRES;REFORCADO 200L;SUPER BOM ;ATIVO 
SUPER BOM - ALBERTO TORRES;SACOLA 29X39;SUPER BOM ;ATIVO 
SUPER BOM - ALBERTO TORRES;SACOLA 29X39 ;SUPER BOM ;ATIVO 
SUPER BOM - ALBERTO TORRES;SACOLA 38X48;SUPER BOM ;ATIVO 
SUPER BOM - ALBERTO TORRES;SACOLA 38X48 ;SUPER BOM ;ATIVO 
SUPER BOM - ALBERTO TORRES;SACOLA VERDE 38X50;SUPER BOM ;ATIVO 
SUPER BOM - ALBERTO TORRES;SACOLA VERDE 40X50;SUPER BOM ;ATIVO 
SUPER BOM - VISCONDE JOSE ALVES DE AZEVEDO;BOBINA 20X30;SUPER BOM ;ATIVO 
SUPER BOM - VISCONDE JOSE ALVES DE AZEVEDO;BOBINA 25X35;SUPER BOM ;ATIVO 
SUPER BOM - VISCONDE JOSE ALVES DE AZEVEDO;BOBINA 30X40;SUPER BOM ;ATIVO 
SUPER BOM - VISCONDE JOSE ALVES DE AZEVEDO;BRAMIL LIXO 100L;SUPER BOM ;ATIVO 
SUPER BOM - VISCONDE JOSE ALVES DE AZEVEDO;BRAMIL LIXO 100L REF ;SUPER BOM ;ATIVO 
SUPER BOM - VISCONDE JOSE ALVES DE AZEVEDO;BRAMIL LIXO 15L;SUPER BOM ;ATIVO 
SUPER BOM - VISCONDE JOSE ALVES DE AZEVEDO;BRAMIL LIXO 200L REF ;SUPER BOM ;ATIVO 
SUPER BOM - VISCONDE JOSE ALVES DE AZEVEDO;BRAMIL LIXO 30L;SUPER BOM ;ATIVO 
SUPER BOM - VISCONDE JOSE ALVES DE AZEVEDO;BRAMIL LIXO 50L ;SUPER BOM ;ATIVO 
SUPER BOM - VISCONDE JOSE ALVES DE AZEVEDO;ECONOMICO 100L;SUPER BOM ;ATIVO 
SUPER BOM - VISCONDE JOSE ALVES DE AZEVEDO;ECONOMICO 100L ;SUPER BOM ;ATIVO 
SUPER BOM - VISCONDE JOSE ALVES DE AZEVEDO;ECONOMICO 15L;SUPER BOM ;ATIVO 
SUPER BOM - VISCONDE JOSE ALVES DE AZEVEDO;ECONOMICO 30L;SUPER BOM ;ATIVO 
SUPER BOM - VISCONDE JOSE ALVES DE AZEVEDO;ECONOMICO 50L;SUPER BOM ;ATIVO 
SUPER BOM - VISCONDE JOSE ALVES DE AZEVEDO;HIPERROLL 100L;SUPER BOM ;ATIVO 
SUPER BOM - VISCONDE JOSE ALVES DE AZEVEDO;HIPERROLL 15L;SUPER BOM ;ATIVO 
SUPER BOM - VISCONDE JOSE ALVES DE AZEVEDO;HIPERROLL 30L;SUPER BOM ;ATIVO 
SUPER BOM - VISCONDE JOSE ALVES DE AZEVEDO;HIPERROLL 50L;SUPER BOM ;ATIVO 
SUPER BOM - VISCONDE JOSE ALVES DE AZEVEDO;REFORCADO 100L;SUPER BOM ;ATIVO 
SUPER BOM - VISCONDE JOSE ALVES DE AZEVEDO;REFORCADO 200L;SUPER BOM ;ATIVO 
SUPER BOM - VISCONDE JOSE ALVES DE AZEVEDO;SACOLA 29X39;SUPER BOM ;ATIVO 
SUPER BOM - VISCONDE JOSE ALVES DE AZEVEDO;SACOLA 29X39 ;SUPER BOM ;ATIVO 
SUPER BOM - VISCONDE JOSE ALVES DE AZEVEDO;SACOLA 38X48;SUPER BOM ;ATIVO 
SUPER BOM - VISCONDE JOSE ALVES DE AZEVEDO;SACOLA 38X48 ;SUPER BOM ;ATIVO 
SUPER BOM - VISCONDE JOSE ALVES DE AZEVEDO;SACOLA VERDE 38X50;SUPER BOM ;ATIVO 
SUPER BOM - VISCONDE JOSE ALVES DE AZEVEDO;SACOLA VERDE 40X50;SUPER BOM ;ATIVO 
SUPER BOM - UEBE TURF;BOBINA 20X30;SUPER BOM ;ATIVO 
SUPER BOM - UEBE TURF;BOBINA 25X35;SUPER BOM ;ATIVO 
SUPER BOM - UEBE TURF;BOBINA 30X40;SUPER BOM ;ATIVO 
SUPER BOM - UEBE TURF;BRAMIL LIXO 100L;SUPER BOM ;ATIVO 
SUPER BOM - UEBE TURF;BRAMIL LIXO 100L REF ;SUPER BOM ;ATIVO 
SUPER BOM - UEBE TURF;BRAMIL LIXO 15L;SUPER BOM ;ATIVO 
SUPER BOM - UEBE TURF;BRAMIL LIXO 200L REF ;SUPER BOM ;ATIVO 
SUPER BOM - UEBE TURF;BRAMIL LIXO 30L;SUPER BOM ;ATIVO 
SUPER BOM - UEBE TURF;BRAMIL LIXO 50L ;SUPER BOM ;ATIVO 
SUPER BOM - UEBE TURF;ECONOMICO 100L;SUPER BOM ;ATIVO 
SUPER BOM - UEBE TURF;ECONOMICO 100L ;SUPER BOM ;ATIVO 
SUPER BOM - UEBE TURF;ECONOMICO 15L;SUPER BOM ;ATIVO 
SUPER BOM - UEBE TURF;ECONOMICO 30L;SUPER BOM ;ATIVO 
SUPER BOM - UEBE TURF;ECONOMICO 50L;SUPER BOM ;ATIVO 
SUPER BOM - UEBE TURF;HIPERROLL 100L;SUPER BOM ;ATIVO 
SUPER BOM - UEBE TURF;HIPERROLL 15L;SUPER BOM ;ATIVO 
SUPER BOM - UEBE TURF;HIPERROLL 30L;SUPER BOM ;ATIVO 
SUPER BOM - UEBE TURF;HIPERROLL 50L;SUPER BOM ;ATIVO 
SUPER BOM - UEBE TURF;REFORCADO 100L;SUPER BOM ;ATIVO 
SUPER BOM - UEBE TURF;REFORCADO 200L;SUPER BOM ;ATIVO 
SUPER BOM - UEBE TURF;SACOLA 29X39;SUPER BOM ;ATIVO 
SUPER BOM - UEBE TURF;SACOLA 29X39 ;SUPER BOM ;ATIVO 
SUPER BOM - UEBE TURF;SACOLA 38X48;SUPER BOM ;ATIVO 
SUPER BOM - UEBE TURF;SACOLA 38X48 ;SUPER BOM ;ATIVO 
SUPER BOM - UEBE TURF;SACOLA VERDE 38X50;SUPER BOM ;ATIVO 
SUPER BOM - UEBE TURF;SACOLA VERDE 40X50;SUPER BOM ;ATIVO 
SUPER BOM - ALBERTO LAMEGO;BOBINA 20X30;SUPER BOM ;ATIVO 
SUPER BOM - ALBERTO LAMEGO;BOBINA 25X35;SUPER BOM ;ATIVO 
SUPER BOM - ALBERTO LAMEGO;BOBINA 30X40;SUPER BOM ;ATIVO 
SUPER BOM - ALBERTO LAMEGO;BRAMIL LIXO 100L;SUPER BOM ;ATIVO 
SUPER BOM - ALBERTO LAMEGO;BRAMIL LIXO 100L REF ;SUPER BOM ;ATIVO 
SUPER BOM - ALBERTO LAMEGO;BRAMIL LIXO 15L;SUPER BOM ;ATIVO 
SUPER BOM - ALBERTO LAMEGO;BRAMIL LIXO 200L REF ;SUPER BOM ;ATIVO 
SUPER BOM - ALBERTO LAMEGO;BRAMIL LIXO 30L;SUPER BOM ;ATIVO 
SUPER BOM - ALBERTO LAMEGO;BRAMIL LIXO 50L ;SUPER BOM ;ATIVO 
SUPER BOM - ALBERTO LAMEGO;ECONOMICO 100L;SUPER BOM ;ATIVO 
SUPER BOM - ALBERTO LAMEGO;ECONOMICO 100L ;SUPER BOM ;ATIVO 
SUPER BOM - ALBERTO LAMEGO;ECONOMICO 15L;SUPER BOM ;ATIVO 
SUPER BOM - ALBERTO LAMEGO;ECONOMICO 30L;SUPER BOM ;ATIVO 
SUPER BOM - ALBERTO LAMEGO;ECONOMICO 50L;SUPER BOM ;ATIVO 
SUPER BOM - ALBERTO LAMEGO;HIPERROLL 100L;SUPER BOM ;ATIVO 
SUPER BOM - ALBERTO LAMEGO;HIPERROLL 15L;SUPER BOM ;ATIVO 
SUPER BOM - ALBERTO LAMEGO;HIPERROLL 30L;SUPER BOM ;ATIVO 
SUPER BOM - ALBERTO LAMEGO;HIPERROLL 50L;SUPER BOM ;ATIVO 
SUPER BOM - ALBERTO LAMEGO;REFORCADO 100L;SUPER BOM ;ATIVO 
SUPER BOM - ALBERTO LAMEGO;REFORCADO 200L;SUPER BOM ;ATIVO 
SUPER BOM - ALBERTO LAMEGO;SACOLA 29X39;SUPER BOM ;ATIVO 
SUPER BOM - ALBERTO LAMEGO;SACOLA 29X39 ;SUPER BOM ;ATIVO 
SUPER BOM - ALBERTO LAMEGO;SACOLA 38X48;SUPER BOM ;ATIVO 
SUPER BOM - ALBERTO LAMEGO;SACOLA 38X48 ;SUPER BOM ;ATIVO 
SUPER BOM - ALBERTO LAMEGO;SACOLA VERDE 38X50;SUPER BOM ;ATIVO 
SUPER BOM - ALBERTO LAMEGO;SACOLA VERDE 40X50;SUPER BOM ;ATIVO 
SUPER BOM - SAO JOAO DA BARRA;BOBINA 20X30;SUPER BOM ;ATIVO 
SUPER BOM - SAO JOAO DA BARRA;BOBINA 25X35;SUPER BOM ;ATIVO 
SUPER BOM - SAO JOAO DA BARRA;BOBINA 30X40;SUPER BOM ;ATIVO 
SUPER BOM - SAO JOAO DA BARRA;BRAMIL LIXO 100L;SUPER BOM ;ATIVO 
SUPER BOM - SAO JOAO DA BARRA;BRAMIL LIXO 100L REF ;SUPER BOM ;ATIVO 
SUPER BOM - SAO JOAO DA BARRA;BRAMIL LIXO 15L;SUPER BOM ;ATIVO 
SUPER BOM - SAO JOAO DA BARRA;BRAMIL LIXO 200L REF ;SUPER BOM ;ATIVO 
SUPER BOM - SAO JOAO DA BARRA;BRAMIL LIXO 30L;SUPER BOM ;ATIVO 
SUPER BOM - SAO JOAO DA BARRA;BRAMIL LIXO 50L ;SUPER BOM ;ATIVO 
SUPER BOM - SAO JOAO DA BARRA;ECONOMICO 100L;SUPER BOM ;ATIVO 
SUPER BOM - SAO JOAO DA BARRA;ECONOMICO 100L ;SUPER BOM ;ATIVO 
SUPER BOM - SAO JOAO DA BARRA;ECONOMICO 15L;SUPER BOM ;ATIVO 
SUPER BOM - SAO JOAO DA BARRA;ECONOMICO 30L;SUPER BOM ;ATIVO 
SUPER BOM - SAO JOAO DA BARRA;ECONOMICO 50L;SUPER BOM ;ATIVO 
SUPER BOM - SAO JOAO DA BARRA;HIPERROLL 100L;SUPER BOM ;ATIVO 
SUPER BOM - SAO JOAO DA BARRA;HIPERROLL 15L;SUPER BOM ;ATIVO 
SUPER BOM - SAO JOAO DA BARRA;HIPERROLL 30L;SUPER BOM ;ATIVO 
SUPER BOM - SAO JOAO DA BARRA;HIPERROLL 50L;SUPER BOM ;ATIVO 
SUPER BOM - SAO JOAO DA BARRA;REFORCADO 100L;SUPER BOM ;ATIVO 
SUPER BOM - SAO JOAO DA BARRA;REFORCADO 200L;SUPER BOM ;ATIVO 
SUPER BOM - SAO JOAO DA BARRA;SACOLA 29X39;SUPER BOM ;ATIVO 
SUPER BOM - SAO JOAO DA BARRA;SACOLA 29X39 ;SUPER BOM ;ATIVO 
SUPER BOM - SAO JOAO DA BARRA;SACOLA 38X48;SUPER BOM ;ATIVO 
SUPER BOM - SAO JOAO DA BARRA;SACOLA 38X48 ;SUPER BOM ;ATIVO 
SUPER BOM - SAO JOAO DA BARRA;SACOLA VERDE 38X50;SUPER BOM ;ATIVO 
SUPER BOM - SAO JOAO DA BARRA;SACOLA VERDE 40X50;SUPER BOM ;ATIVO 
ATACADAO MG - UBERLANDIA;BOBINA 20X30;ATACADAO MG;ATIVO 
ATACADAO MG - UBERLANDIA;BOBINA 25X35;ATACADAO MG;ATIVO 
ATACADAO MG - UBERLANDIA;BOBINA 30X40;ATACADAO MG;ATIVO 
ATACADAO MG - UBERLANDIA;BRAMIL LIXO 100L;ATACADAO MG;ATIVO 
ATACADAO MG - UBERLANDIA;BRAMIL LIXO 100L REF ;ATACADAO MG;ATIVO 
ATACADAO MG - UBERLANDIA;BRAMIL LIXO 15L;ATACADAO MG;ATIVO 
ATACADAO MG - UBERLANDIA;BRAMIL LIXO 200L REF ;ATACADAO MG;ATIVO 
ATACADAO MG - UBERLANDIA;BRAMIL LIXO 30L;ATACADAO MG;ATIVO 
ATACADAO MG - UBERLANDIA;BRAMIL LIXO 50L ;ATACADAO MG;ATIVO 
ATACADAO MG - UBERLANDIA;ECONOMICO 100L;ATACADAO MG;ATIVO 
ATACADAO MG - UBERLANDIA;ECONOMICO 100L ;ATACADAO MG;ATIVO 
ATACADAO MG - UBERLANDIA;ECONOMICO 15L;ATACADAO MG;ATIVO 
ATACADAO MG - UBERLANDIA;ECONOMICO 30L;ATACADAO MG;ATIVO 
ATACADAO MG - UBERLANDIA;ECONOMICO 50L;ATACADAO MG;ATIVO 
ATACADAO MG - UBERLANDIA;HIPERROLL 100L;ATACADAO MG;ATIVO 
ATACADAO MG - UBERLANDIA;HIPERROLL 15L;ATACADAO MG;ATIVO 
ATACADAO MG - UBERLANDIA;HIPERROLL 30L;ATACADAO MG;ATIVO 
ATACADAO MG - UBERLANDIA;HIPERROLL 50L;ATACADAO MG;ATIVO 
ATACADAO MG - UBERLANDIA;REFORCADO 100L;ATACADAO MG;ATIVO 
ATACADAO MG - UBERLANDIA;REFORCADO 200L;ATACADAO MG;ATIVO 
ATACADAO MG - UBERLANDIA;SACOLA 29X39;ATACADAO MG;ATIVO 
ATACADAO MG - UBERLANDIA;SACOLA 29X39 ;ATACADAO MG;ATIVO 
ATACADAO MG - UBERLANDIA;SACOLA 38X48;ATACADAO MG;ATIVO 
ATACADAO MG - UBERLANDIA;SACOLA 38X48 ;ATACADAO MG;ATIVO 
ATACADAO MG - UBERLANDIA;SACOLA VERDE 38X50;ATACADAO MG;ATIVO 
ATACADAO MG - UBERLANDIA;SACOLA VERDE 40X50;ATACADAO MG;ATIVO 
ATACADAO MG - JUIZ DE FORA;BOBINA 20X30;ATACADAO MG;ATIVO 
ATACADAO MG - JUIZ DE FORA;BOBINA 25X35;ATACADAO MG;ATIVO 
ATACADAO MG - JUIZ DE FORA;BOBINA 30X40;ATACADAO MG;ATIVO 
ATACADAO MG - JUIZ DE FORA;BRAMIL LIXO 100L;ATACADAO MG;ATIVO 
ATACADAO MG - JUIZ DE FORA;BRAMIL LIXO 100L REF ;ATACADAO MG;ATIVO 
ATACADAO MG - JUIZ DE FORA;BRAMIL LIXO 15L;ATACADAO MG;ATIVO 
ATACADAO MG - JUIZ DE FORA;BRAMIL LIXO 200L REF ;ATACADAO MG;ATIVO 
ATACADAO MG - JUIZ DE FORA;BRAMIL LIXO 30L;ATACADAO MG;ATIVO 
ATACADAO MG - JUIZ DE FORA;BRAMIL LIXO 50L ;ATACADAO MG;ATIVO 
ATACADAO MG - JUIZ DE FORA;ECONOMICO 100L;ATACADAO MG;ATIVO 
ATACADAO MG - JUIZ DE FORA;ECONOMICO 100L ;ATACADAO MG;ATIVO 
ATACADAO MG - JUIZ DE FORA;ECONOMICO 15L;ATACADAO MG;ATIVO 
ATACADAO MG - JUIZ DE FORA;ECONOMICO 30L;ATACADAO MG;ATIVO 
ATACADAO MG - JUIZ DE FORA;ECONOMICO 50L;ATACADAO MG;ATIVO 
ATACADAO MG - JUIZ DE FORA;HIPERROLL 100L;ATACADAO MG;ATIVO 
ATACADAO MG - JUIZ DE FORA;HIPERROLL 15L;ATACADAO MG;ATIVO 
ATACADAO MG - JUIZ DE FORA;HIPERROLL 30L;ATACADAO MG;ATIVO 
ATACADAO MG - JUIZ DE FORA;HIPERROLL 50L;ATACADAO MG;ATIVO 
ATACADAO MG - JUIZ DE FORA;REFORCADO 100L;ATACADAO MG;ATIVO 
ATACADAO MG - JUIZ DE FORA;REFORCADO 200L;ATACADAO MG;ATIVO 
ATACADAO MG - JUIZ DE FORA;SACOLA 29X39;ATACADAO MG;ATIVO 
ATACADAO MG - JUIZ DE FORA;SACOLA 29X39 ;ATACADAO MG;ATIVO 
ATACADAO MG - JUIZ DE FORA;SACOLA 38X48;ATACADAO MG;ATIVO 
ATACADAO MG - JUIZ DE FORA;SACOLA 38X48 ;ATACADAO MG;ATIVO 
ATACADAO MG - JUIZ DE FORA;SACOLA VERDE 38X50;ATACADAO MG;ATIVO 
ATACADAO MG - JUIZ DE FORA;SACOLA VERDE 40X50;ATACADAO MG;ATIVO 
ATACADAO MG - CONTAGEM;BOBINA 20X30;ATACADAO MG;ATIVO 
ATACADAO MG - CONTAGEM;BOBINA 25X35;ATACADAO MG;ATIVO 
ATACADAO MG - CONTAGEM;BOBINA 30X40;ATACADAO MG;ATIVO 
ATACADAO MG - CONTAGEM;BRAMIL LIXO 100L;ATACADAO MG;ATIVO 
ATACADAO MG - CONTAGEM;BRAMIL LIXO 100L REF ;ATACADAO MG;ATIVO 
ATACADAO MG - CONTAGEM;BRAMIL LIXO 15L;ATACADAO MG;ATIVO 
ATACADAO MG - CONTAGEM;BRAMIL LIXO 200L REF ;ATACADAO MG;ATIVO 
ATACADAO MG - CONTAGEM;BRAMIL LIXO 30L;ATACADAO MG;ATIVO 
ATACADAO MG - CONTAGEM;BRAMIL LIXO 50L ;ATACADAO MG;ATIVO 
ATACADAO MG - CONTAGEM;ECONOMICO 100L;ATACADAO MG;ATIVO 
ATACADAO MG - CONTAGEM;ECONOMICO 100L ;ATACADAO MG;ATIVO 
ATACADAO MG - CONTAGEM;ECONOMICO 15L;ATACADAO MG;ATIVO 
ATACADAO MG - CONTAGEM;ECONOMICO 30L;ATACADAO MG;ATIVO 
ATACADAO MG - CONTAGEM;ECONOMICO 50L;ATACADAO MG;ATIVO 
ATACADAO MG - CONTAGEM;HIPERROLL 100L;ATACADAO MG;ATIVO 
ATACADAO MG - CONTAGEM;HIPERROLL 15L;ATACADAO MG;ATIVO 
ATACADAO MG - CONTAGEM;HIPERROLL 30L;ATACADAO MG;ATIVO 
ATACADAO MG - CONTAGEM;HIPERROLL 50L;ATACADAO MG;ATIVO 
ATACADAO MG - CONTAGEM;REFORCADO 100L;ATACADAO MG;ATIVO 
ATACADAO MG - CONTAGEM;REFORCADO 200L;ATACADAO MG;ATIVO 
ATACADAO MG - CONTAGEM;SACOLA 29X39;ATACADAO MG;ATIVO 
ATACADAO MG - CONTAGEM;SACOLA 29X39 ;ATACADAO MG;ATIVO 
ATACADAO MG - CONTAGEM;SACOLA 38X48;ATACADAO MG;ATIVO 
ATACADAO MG - CONTAGEM;SACOLA 38X48 ;ATACADAO MG;ATIVO 
ATACADAO MG - CONTAGEM;SACOLA VERDE 38X50;ATACADAO MG;ATIVO 
ATACADAO MG - CONTAGEM;SACOLA VERDE 40X50;ATACADAO MG;ATIVO 
ATACADAO MG - UBERABA;BOBINA 20X30;ATACADAO MG;ATIVO 
ATACADAO MG - UBERABA;BOBINA 25X35;ATACADAO MG;ATIVO 
ATACADAO MG - UBERABA;BOBINA 30X40;ATACADAO MG;ATIVO 
ATACADAO MG - UBERABA;BRAMIL LIXO 100L;ATACADAO MG;ATIVO 
ATACADAO MG - UBERABA;BRAMIL LIXO 100L REF ;ATACADAO MG;ATIVO 
ATACADAO MG - UBERABA;BRAMIL LIXO 15L;ATACADAO MG;ATIVO 
ATACADAO MG - UBERABA;BRAMIL LIXO 200L REF ;ATACADAO MG;ATIVO 
ATACADAO MG - UBERABA;BRAMIL LIXO 30L;ATACADAO MG;ATIVO 
ATACADAO MG - UBERABA;BRAMIL LIXO 50L ;ATACADAO MG;ATIVO 
ATACADAO MG - UBERABA;ECONOMICO 100L;ATACADAO MG;ATIVO 
ATACADAO MG - UBERABA;ECONOMICO 100L ;ATACADAO MG;ATIVO 
ATACADAO MG - UBERABA;ECONOMICO 15L;ATACADAO MG;ATIVO 
ATACADAO MG - UBERABA;ECONOMICO 30L;ATACADAO MG;ATIVO 
ATACADAO MG - UBERABA;ECONOMICO 50L;ATACADAO MG;ATIVO 
ATACADAO MG - UBERABA;HIPERROLL 100L;ATACADAO MG;ATIVO 
ATACADAO MG - UBERABA;HIPERROLL 15L;ATACADAO MG;ATIVO 
ATACADAO MG - UBERABA;HIPERROLL 30L;ATACADAO MG;ATIVO 
ATACADAO MG - UBERABA;HIPERROLL 50L;ATACADAO MG;ATIVO 
ATACADAO MG - UBERABA;REFORCADO 100L;ATACADAO MG;ATIVO 
ATACADAO MG - UBERABA;REFORCADO 200L;ATACADAO MG;ATIVO 
ATACADAO MG - UBERABA;SACOLA 29X39;ATACADAO MG;ATIVO 
ATACADAO MG - UBERABA;SACOLA 29X39 ;ATACADAO MG;ATIVO 
ATACADAO MG - UBERABA;SACOLA 38X48;ATACADAO MG;ATIVO 
ATACADAO MG - UBERABA;SACOLA 38X48 ;ATACADAO MG;ATIVO 
ATACADAO MG - UBERABA;SACOLA VERDE 38X50;ATACADAO MG;ATIVO 
ATACADAO MG - UBERABA;SACOLA VERDE 40X50;ATACADAO MG;ATIVO 
ATACADAO MG - SETE LAGOAS;BOBINA 20X30;ATACADAO MG;ATIVO 
ATACADAO MG - SETE LAGOAS;BOBINA 25X35;ATACADAO MG;ATIVO 
ATACADAO MG - SETE LAGOAS;BOBINA 30X40;ATACADAO MG;ATIVO 
ATACADAO MG - SETE LAGOAS;BRAMIL LIXO 100L;ATACADAO MG;ATIVO 
ATACADAO MG - SETE LAGOAS;BRAMIL LIXO 100L REF ;ATACADAO MG;ATIVO 
ATACADAO MG - SETE LAGOAS;BRAMIL LIXO 15L;ATACADAO MG;ATIVO 
ATACADAO MG - SETE LAGOAS;BRAMIL LIXO 200L REF ;ATACADAO MG;ATIVO 
ATACADAO MG - SETE LAGOAS;BRAMIL LIXO 30L;ATACADAO MG;ATIVO 
ATACADAO MG - SETE LAGOAS;BRAMIL LIXO 50L ;ATACADAO MG;ATIVO 
ATACADAO MG - SETE LAGOAS;ECONOMICO 100L;ATACADAO MG;ATIVO 
ATACADAO MG - SETE LAGOAS;ECONOMICO 100L ;ATACADAO MG;ATIVO 
ATACADAO MG - SETE LAGOAS;ECONOMICO 15L;ATACADAO MG;ATIVO 
ATACADAO MG - SETE LAGOAS;ECONOMICO 30L;ATACADAO MG;ATIVO 
ATACADAO MG - SETE LAGOAS;ECONOMICO 50L;ATACADAO MG;ATIVO 
ATACADAO MG - SETE LAGOAS;HIPERROLL 100L;ATACADAO MG;ATIVO 
ATACADAO MG - SETE LAGOAS;HIPERROLL 15L;ATACADAO MG;ATIVO 
ATACADAO MG - SETE LAGOAS;HIPERROLL 30L;ATACADAO MG;ATIVO 
ATACADAO MG - SETE LAGOAS;HIPERROLL 50L;ATACADAO MG;ATIVO 
ATACADAO MG - SETE LAGOAS;REFORCADO 100L;ATACADAO MG;ATIVO 
ATACADAO MG - SETE LAGOAS;REFORCADO 200L;ATACADAO MG;ATIVO 
ATACADAO MG - SETE LAGOAS;SACOLA 29X39;ATACADAO MG;ATIVO 
ATACADAO MG - SETE LAGOAS;SACOLA 29X39 ;ATACADAO MG;ATIVO 
ATACADAO MG - SETE LAGOAS;SACOLA 38X48;ATACADAO MG;ATIVO 
ATACADAO MG - SETE LAGOAS;SACOLA 38X48 ;ATACADAO MG;ATIVO 
ATACADAO MG - SETE LAGOAS;SACOLA VERDE 38X50;ATACADAO MG;ATIVO 
ATACADAO MG - SETE LAGOAS;SACOLA VERDE 40X50;ATACADAO MG;ATIVO 
ATACADAO MG - PATOS DE MINAS;BOBINA 20X30;ATACADAO MG;ATIVO 
ATACADAO MG - PATOS DE MINAS;BOBINA 25X35;ATACADAO MG;ATIVO 
ATACADAO MG - PATOS DE MINAS;BOBINA 30X40;ATACADAO MG;ATIVO 
ATACADAO MG - PATOS DE MINAS;BRAMIL LIXO 100L;ATACADAO MG;ATIVO 
ATACADAO MG - PATOS DE MINAS;BRAMIL LIXO 100L REF ;ATACADAO MG;ATIVO 
ATACADAO MG - PATOS DE MINAS;BRAMIL LIXO 15L;ATACADAO MG;ATIVO 
ATACADAO MG - PATOS DE MINAS;BRAMIL LIXO 200L REF ;ATACADAO MG;ATIVO 
ATACADAO MG - PATOS DE MINAS;BRAMIL LIXO 30L;ATACADAO MG;ATIVO 
ATACADAO MG - PATOS DE MINAS;BRAMIL LIXO 50L ;ATACADAO MG;ATIVO 
ATACADAO MG - PATOS DE MINAS;ECONOMICO 100L;ATACADAO MG;ATIVO 
ATACADAO MG - PATOS DE MINAS;ECONOMICO 100L ;ATACADAO MG;ATIVO 
ATACADAO MG - PATOS DE MINAS;ECONOMICO 15L;ATACADAO MG;ATIVO 
ATACADAO MG - PATOS DE MINAS;ECONOMICO 30L;ATACADAO MG;ATIVO 
ATACADAO MG - PATOS DE MINAS;ECONOMICO 50L;ATACADAO MG;ATIVO 
ATACADAO MG - PATOS DE MINAS;HIPERROLL 100L;ATACADAO MG;ATIVO 
ATACADAO MG - PATOS DE MINAS;HIPERROLL 15L;ATACADAO MG;ATIVO 
ATACADAO MG - PATOS DE MINAS;HIPERROLL 30L;ATACADAO MG;ATIVO 
ATACADAO MG - PATOS DE MINAS;HIPERROLL 50L;ATACADAO MG;ATIVO 
ATACADAO MG - PATOS DE MINAS;REFORCADO 100L;ATACADAO MG;ATIVO 
ATACADAO MG - PATOS DE MINAS;REFORCADO 200L;ATACADAO MG;ATIVO 
ATACADAO MG - PATOS DE MINAS;SACOLA 29X39;ATACADAO MG;ATIVO 
ATACADAO MG - PATOS DE MINAS;SACOLA 29X39 ;ATACADAO MG;ATIVO 
ATACADAO MG - PATOS DE MINAS;SACOLA 38X48;ATACADAO MG;ATIVO 
ATACADAO MG - PATOS DE MINAS;SACOLA 38X48 ;ATACADAO MG;ATIVO 
ATACADAO MG - PATOS DE MINAS;SACOLA VERDE 38X50;ATACADAO MG;ATIVO 
ATACADAO MG - PATOS DE MINAS;SACOLA VERDE 40X50;ATACADAO MG;ATIVO 
ATACADAO MG - BETIM ;BOBINA 20X30;ATACADAO MG;ATIVO 
ATACADAO MG - BETIM ;BOBINA 25X35;ATACADAO MG;ATIVO 
ATACADAO MG - BETIM ;BOBINA 30X40;ATACADAO MG;ATIVO 
ATACADAO MG - BETIM ;BRAMIL LIXO 100L;ATACADAO MG;ATIVO 
ATACADAO MG - BETIM ;BRAMIL LIXO 100L REF ;ATACADAO MG;ATIVO 
ATACADAO MG - BETIM ;BRAMIL LIXO 15L;ATACADAO MG;ATIVO 
ATACADAO MG - BETIM ;BRAMIL LIXO 200L REF ;ATACADAO MG;ATIVO 
ATACADAO MG - BETIM ;BRAMIL LIXO 30L;ATACADAO MG;ATIVO 
ATACADAO MG - BETIM ;BRAMIL LIXO 50L ;ATACADAO MG;ATIVO 
ATACADAO MG - BETIM ;ECONOMICO 100L;ATACADAO MG;ATIVO 
ATACADAO MG - BETIM ;ECONOMICO 100L ;ATACADAO MG;ATIVO 
ATACADAO MG - BETIM ;ECONOMICO 15L;ATACADAO MG;ATIVO 
ATACADAO MG - BETIM ;ECONOMICO 30L;ATACADAO MG;ATIVO 
ATACADAO MG - BETIM ;ECONOMICO 50L;ATACADAO MG;ATIVO 
ATACADAO MG - BETIM ;HIPERROLL 100L;ATACADAO MG;ATIVO 
ATACADAO MG - BETIM ;HIPERROLL 15L;ATACADAO MG;ATIVO 
ATACADAO MG - BETIM ;HIPERROLL 30L;ATACADAO MG;ATIVO 
ATACADAO MG - BETIM ;HIPERROLL 50L;ATACADAO MG;ATIVO 
ATACADAO MG - BETIM ;REFORCADO 100L;ATACADAO MG;ATIVO 
ATACADAO MG - BETIM ;REFORCADO 200L;ATACADAO MG;ATIVO 
ATACADAO MG - BETIM ;SACOLA 29X39;ATACADAO MG;ATIVO 
ATACADAO MG - BETIM ;SACOLA 29X39 ;ATACADAO MG;ATIVO 
ATACADAO MG - BETIM ;SACOLA 38X48;ATACADAO MG;ATIVO 
ATACADAO MG - BETIM ;SACOLA 38X48 ;ATACADAO MG;ATIVO 
ATACADAO MG - BETIM ;SACOLA VERDE 38X50;ATACADAO MG;ATIVO 
ATACADAO MG - BETIM ;SACOLA VERDE 40X50;ATACADAO MG;ATIVO 
ATACADAO MG - GOVERNADOR VALADARES;BOBINA 20X30;ATACADAO MG;ATIVO 
ATACADAO MG - GOVERNADOR VALADARES;BOBINA 25X35;ATACADAO MG;ATIVO 
ATACADAO MG - GOVERNADOR VALADARES;BOBINA 30X40;ATACADAO MG;ATIVO 
ATACADAO MG - GOVERNADOR VALADARES;BRAMIL LIXO 100L;ATACADAO MG;ATIVO 
ATACADAO MG - GOVERNADOR VALADARES;BRAMIL LIXO 100L REF ;ATACADAO MG;ATIVO 
ATACADAO MG - GOVERNADOR VALADARES;BRAMIL LIXO 15L;ATACADAO MG;ATIVO 
ATACADAO MG - GOVERNADOR VALADARES;BRAMIL LIXO 200L REF ;ATACADAO MG;ATIVO 
ATACADAO MG - GOVERNADOR VALADARES;BRAMIL LIXO 30L;ATACADAO MG;ATIVO 
ATACADAO MG - GOVERNADOR VALADARES;BRAMIL LIXO 50L ;ATACADAO MG;ATIVO 
ATACADAO MG - GOVERNADOR VALADARES;ECONOMICO 100L;ATACADAO MG;ATIVO 
ATACADAO MG - GOVERNADOR VALADARES;ECONOMICO 100L ;ATACADAO MG;ATIVO 
ATACADAO MG - GOVERNADOR VALADARES;ECONOMICO 15L;ATACADAO MG;ATIVO 
ATACADAO MG - GOVERNADOR VALADARES;ECONOMICO 30L;ATACADAO MG;ATIVO 
ATACADAO MG - GOVERNADOR VALADARES;ECONOMICO 50L;ATACADAO MG;ATIVO 
ATACADAO MG - GOVERNADOR VALADARES;HIPERROLL 100L;ATACADAO MG;ATIVO 
ATACADAO MG - GOVERNADOR VALADARES;HIPERROLL 15L;ATACADAO MG;ATIVO 
ATACADAO MG - GOVERNADOR VALADARES;HIPERROLL 30L;ATACADAO MG;ATIVO 
ATACADAO MG - GOVERNADOR VALADARES;HIPERROLL 50L;ATACADAO MG;ATIVO 
ATACADAO MG - GOVERNADOR VALADARES;REFORCADO 100L;ATACADAO MG;ATIVO 
ATACADAO MG - GOVERNADOR VALADARES;REFORCADO 200L;ATACADAO MG;ATIVO 
ATACADAO MG - GOVERNADOR VALADARES;SACOLA 29X39;ATACADAO MG;ATIVO 
ATACADAO MG - GOVERNADOR VALADARES;SACOLA 29X39 ;ATACADAO MG;ATIVO 
ATACADAO MG - GOVERNADOR VALADARES;SACOLA 38X48;ATACADAO MG;ATIVO 
ATACADAO MG - GOVERNADOR VALADARES;SACOLA 38X48 ;ATACADAO MG;ATIVO 
ATACADAO MG - GOVERNADOR VALADARES;SACOLA VERDE 38X50;ATACADAO MG;ATIVO 
ATACADAO MG - GOVERNADOR VALADARES;SACOLA VERDE 40X50;ATACADAO MG;ATIVO 
ATACADAO MG - PAMPULHA;BOBINA 20X30;ATACADAO MG;ATIVO 
ATACADAO MG - PAMPULHA;BOBINA 25X35;ATACADAO MG;ATIVO 
ATACADAO MG - PAMPULHA;BOBINA 30X40;ATACADAO MG;ATIVO 
ATACADAO MG - PAMPULHA;BRAMIL LIXO 100L;ATACADAO MG;ATIVO 
ATACADAO MG - PAMPULHA;BRAMIL LIXO 100L REF ;ATACADAO MG;ATIVO 
ATACADAO MG - PAMPULHA;BRAMIL LIXO 15L;ATACADAO MG;ATIVO 
ATACADAO MG - PAMPULHA;BRAMIL LIXO 200L REF ;ATACADAO MG;ATIVO 
ATACADAO MG - PAMPULHA;BRAMIL LIXO 30L;ATACADAO MG;ATIVO 
ATACADAO MG - PAMPULHA;BRAMIL LIXO 50L ;ATACADAO MG;ATIVO 
ATACADAO MG - PAMPULHA;ECONOMICO 100L;ATACADAO MG;ATIVO 
ATACADAO MG - PAMPULHA;ECONOMICO 100L ;ATACADAO MG;ATIVO 
ATACADAO MG - PAMPULHA;ECONOMICO 15L;ATACADAO MG;ATIVO 
ATACADAO MG - PAMPULHA;ECONOMICO 30L;ATACADAO MG;ATIVO 
ATACADAO MG - PAMPULHA;ECONOMICO 50L;ATACADAO MG;ATIVO 
ATACADAO MG - PAMPULHA;HIPERROLL 100L;ATACADAO MG;ATIVO 
ATACADAO MG - PAMPULHA;HIPERROLL 15L;ATACADAO MG;ATIVO 
ATACADAO MG - PAMPULHA;HIPERROLL 30L;ATACADAO MG;ATIVO 
ATACADAO MG - PAMPULHA;HIPERROLL 50L;ATACADAO MG;ATIVO 
ATACADAO MG - PAMPULHA;REFORCADO 100L;ATACADAO MG;ATIVO 
ATACADAO MG - PAMPULHA;REFORCADO 200L;ATACADAO MG;ATIVO 
ATACADAO MG - PAMPULHA;SACOLA 29X39;ATACADAO MG;ATIVO 
ATACADAO MG - PAMPULHA;SACOLA 29X39 ;ATACADAO MG;ATIVO 
ATACADAO MG - PAMPULHA;SACOLA 38X48;ATACADAO MG;ATIVO 
ATACADAO MG - PAMPULHA;SACOLA 38X48 ;ATACADAO MG;ATIVO 
ATACADAO MG - PAMPULHA;SACOLA VERDE 38X50;ATACADAO MG;ATIVO 
ATACADAO MG - PAMPULHA;SACOLA VERDE 40X50;ATACADAO MG;ATIVO 
ATACADAO MG - CONTAGEM SHOPPING;BOBINA 20X30;ATACADAO MG;ATIVO 
ATACADAO MG - CONTAGEM SHOPPING;BOBINA 25X35;ATACADAO MG;ATIVO 
ATACADAO MG - CONTAGEM SHOPPING;BOBINA 30X40;ATACADAO MG;ATIVO 
ATACADAO MG - CONTAGEM SHOPPING;BRAMIL LIXO 100L;ATACADAO MG;ATIVO 
ATACADAO MG - CONTAGEM SHOPPING;BRAMIL LIXO 100L REF ;ATACADAO MG;ATIVO 
ATACADAO MG - CONTAGEM SHOPPING;BRAMIL LIXO 15L;ATACADAO MG;ATIVO 
ATACADAO MG - CONTAGEM SHOPPING;BRAMIL LIXO 200L REF ;ATACADAO MG;ATIVO 
ATACADAO MG - CONTAGEM SHOPPING;BRAMIL LIXO 30L;ATACADAO MG;ATIVO 
ATACADAO MG - CONTAGEM SHOPPING;BRAMIL LIXO 50L ;ATACADAO MG;ATIVO 
ATACADAO MG - CONTAGEM SHOPPING;ECONOMICO 100L;ATACADAO MG;ATIVO 
ATACADAO MG - CONTAGEM SHOPPING;ECONOMICO 100L ;ATACADAO MG;ATIVO 
ATACADAO MG - CONTAGEM SHOPPING;ECONOMICO 15L;ATACADAO MG;ATIVO 
ATACADAO MG - CONTAGEM SHOPPING;ECONOMICO 30L;ATACADAO MG;ATIVO 
ATACADAO MG - CONTAGEM SHOPPING;ECONOMICO 50L;ATACADAO MG;ATIVO 
ATACADAO MG - CONTAGEM SHOPPING;HIPERROLL 100L;ATACADAO MG;ATIVO 
ATACADAO MG - CONTAGEM SHOPPING;HIPERROLL 15L;ATACADAO MG;ATIVO 
ATACADAO MG - CONTAGEM SHOPPING;HIPERROLL 30L;ATACADAO MG;ATIVO 
ATACADAO MG - CONTAGEM SHOPPING;HIPERROLL 50L;ATACADAO MG;ATIVO 
ATACADAO MG - CONTAGEM SHOPPING;REFORCADO 100L;ATACADAO MG;ATIVO 
ATACADAO MG - CONTAGEM SHOPPING;REFORCADO 200L;ATACADAO MG;ATIVO 
ATACADAO MG - CONTAGEM SHOPPING;SACOLA 29X39;ATACADAO MG;ATIVO 
ATACADAO MG - CONTAGEM SHOPPING;SACOLA 29X39 ;ATACADAO MG;ATIVO 
ATACADAO MG - CONTAGEM SHOPPING;SACOLA 38X48;ATACADAO MG;ATIVO 
ATACADAO MG - CONTAGEM SHOPPING;SACOLA 38X48 ;ATACADAO MG;ATIVO 
ATACADAO MG - CONTAGEM SHOPPING;SACOLA VERDE 38X50;ATACADAO MG;ATIVO 
ATACADAO MG - CONTAGEM SHOPPING;SACOLA VERDE 40X50;ATACADAO MG;ATIVO 
Bramil - Areal;BOBINA 20X30;BRAMIL;ATIVO 
Bramil - Areal;BOBINA 25X35;BRAMIL;ATIVO 
Bramil - Areal;BOBINA 30X40;BRAMIL;ATIVO 
Bramil - Areal;BRAMIL LIXO 100L;BRAMIL;ATIVO 
Bramil - Areal;BRAMIL LIXO 100L REF ;BRAMIL;ATIVO 
Bramil - Areal;BRAMIL LIXO 15L;BRAMIL;ATIVO 
Bramil - Areal;BRAMIL LIXO 200L REF ;BRAMIL;ATIVO 
Bramil - Areal;BRAMIL LIXO 30L;BRAMIL;ATIVO 
Bramil - Areal;BRAMIL LIXO 50L ;BRAMIL;ATIVO 
Bramil - Areal;ECONOMICO 100L;BRAMIL;ATIVO 
Bramil - Areal;ECONOMICO 100L ;BRAMIL;ATIVO 
Bramil - Areal;ECONOMICO 15L;BRAMIL;ATIVO 
Bramil - Areal;ECONOMICO 30L;BRAMIL;ATIVO 
Bramil - Areal;ECONOMICO 50L;BRAMIL;ATIVO 
Bramil - Areal;HIPERROLL 100L;BRAMIL;ATIVO 
Bramil - Areal;HIPERROLL 15L;BRAMIL;ATIVO 
Bramil - Areal;HIPERROLL 30L;BRAMIL;ATIVO 
Bramil - Areal;HIPERROLL 50L;BRAMIL;ATIVO 
Bramil - Areal;REFORCADO 100L;BRAMIL;ATIVO 
Bramil - Areal;REFORCADO 200L;BRAMIL;ATIVO 
Bramil - Areal;SACOLA 29X39;BRAMIL;ATIVO 
Bramil - Areal;SACOLA 29X39 ;BRAMIL;ATIVO 
Bramil - Areal;SACOLA 38X48;BRAMIL;ATIVO 
Bramil - Areal;SACOLA 38X48 ;BRAMIL;ATIVO 
Bramil - Areal;SACOLA VERDE 38X50;BRAMIL;ATIVO 
Bramil - Areal;SACOLA VERDE 40X50;BRAMIL;ATIVO 
Bramil - Nova Friburgo;BOBINA 20X30;BRAMIL;ATIVO 
Bramil - Nova Friburgo;BOBINA 25X35;BRAMIL;ATIVO 
Bramil - Nova Friburgo;BOBINA 30X40;BRAMIL;ATIVO 
Bramil - Nova Friburgo;BRAMIL LIXO 100L;BRAMIL;ATIVO 
Bramil - Nova Friburgo;BRAMIL LIXO 100L REF ;BRAMIL;ATIVO 
Bramil - Nova Friburgo;BRAMIL LIXO 15L;BRAMIL;ATIVO 
Bramil - Nova Friburgo;BRAMIL LIXO 200L REF ;BRAMIL;ATIVO 
Bramil - Nova Friburgo;BRAMIL LIXO 30L;BRAMIL;ATIVO 
Bramil - Nova Friburgo;BRAMIL LIXO 50L ;BRAMIL;ATIVO 
Bramil - Nova Friburgo;ECONOMICO 100L;BRAMIL;ATIVO 
Bramil - Nova Friburgo;ECONOMICO 100L ;BRAMIL;ATIVO 
Bramil - Nova Friburgo;ECONOMICO 15L;BRAMIL;ATIVO 
Bramil - Nova Friburgo;ECONOMICO 30L;BRAMIL;ATIVO 
Bramil - Nova Friburgo;ECONOMICO 50L;BRAMIL;ATIVO 
Bramil - Nova Friburgo;HIPERROLL 100L;BRAMIL;ATIVO 
Bramil - Nova Friburgo;HIPERROLL 15L;BRAMIL;ATIVO 
Bramil - Nova Friburgo;HIPERROLL 30L;BRAMIL;ATIVO 
Bramil - Nova Friburgo;HIPERROLL 50L;BRAMIL;ATIVO 
Bramil - Nova Friburgo;REFORCADO 100L;BRAMIL;ATIVO 
Bramil - Nova Friburgo;REFORCADO 200L;BRAMIL;ATIVO 
Bramil - Nova Friburgo;SACOLA 29X39;BRAMIL;ATIVO 
Bramil - Nova Friburgo;SACOLA 29X39 ;BRAMIL;ATIVO 
Bramil - Nova Friburgo;SACOLA 38X48;BRAMIL;ATIVO 
Bramil - Nova Friburgo;SACOLA 38X48 ;BRAMIL;ATIVO 
Bramil - Nova Friburgo;SACOLA VERDE 38X50;BRAMIL;ATIVO 
Bramil - Nova Friburgo;SACOLA VERDE 40X50;BRAMIL;ATIVO 
Bramil - Pinheiral I;BOBINA 20X30;BRAMIL;ATIVO 
Bramil - Pinheiral I;BOBINA 25X35;BRAMIL;ATIVO 
Bramil - Pinheiral I;BOBINA 30X40;BRAMIL;ATIVO 
Bramil - Pinheiral I;BRAMIL LIXO 100L;BRAMIL;ATIVO 
Bramil - Pinheiral I;BRAMIL LIXO 100L REF ;BRAMIL;ATIVO 
Bramil - Pinheiral I;BRAMIL LIXO 15L;BRAMIL;ATIVO 
Bramil - Pinheiral I;BRAMIL LIXO 200L REF ;BRAMIL;ATIVO 
Bramil - Pinheiral I;BRAMIL LIXO 30L;BRAMIL;ATIVO 
Bramil - Pinheiral I;BRAMIL LIXO 50L ;BRAMIL;ATIVO 
Bramil - Pinheiral I;ECONOMICO 100L;BRAMIL;ATIVO 
Bramil - Pinheiral I;ECONOMICO 100L ;BRAMIL;ATIVO 
Bramil - Pinheiral I;ECONOMICO 15L;BRAMIL;ATIVO 
Bramil - Pinheiral I;ECONOMICO 30L;BRAMIL;ATIVO 
Bramil - Pinheiral I;ECONOMICO 50L;BRAMIL;ATIVO 
Bramil - Pinheiral I;HIPERROLL 100L;BRAMIL;ATIVO 
Bramil - Pinheiral I;HIPERROLL 15L;BRAMIL;ATIVO 
Bramil - Pinheiral I;HIPERROLL 30L;BRAMIL;ATIVO 
Bramil - Pinheiral I;HIPERROLL 50L;BRAMIL;ATIVO 
Bramil - Pinheiral I;REFORCADO 100L;BRAMIL;ATIVO 
Bramil - Pinheiral I;REFORCADO 200L;BRAMIL;ATIVO 
Bramil - Pinheiral I;SACOLA 29X39;BRAMIL;ATIVO 
Bramil - Pinheiral I;SACOLA 29X39 ;BRAMIL;ATIVO 
Bramil - Pinheiral I;SACOLA 38X48;BRAMIL;ATIVO 
Bramil - Pinheiral I;SACOLA 38X48 ;BRAMIL;ATIVO 
Bramil - Pinheiral I;SACOLA VERDE 38X50;BRAMIL;ATIVO 
Bramil - Pinheiral I;SACOLA VERDE 40X50;BRAMIL;ATIVO 
Bramil - Pinheiral II;BOBINA 20X30;BRAMIL;ATIVO 
Bramil - Pinheiral II;BOBINA 25X35;BRAMIL;ATIVO 
Bramil - Pinheiral II;BOBINA 30X40;BRAMIL;ATIVO 
Bramil - Pinheiral II;BRAMIL LIXO 100L;BRAMIL;ATIVO 
Bramil - Pinheiral II;BRAMIL LIXO 100L REF ;BRAMIL;ATIVO 
Bramil - Pinheiral II;BRAMIL LIXO 15L;BRAMIL;ATIVO 
Bramil - Pinheiral II;BRAMIL LIXO 200L REF ;BRAMIL;ATIVO 
Bramil - Pinheiral II;BRAMIL LIXO 30L;BRAMIL;ATIVO 
Bramil - Pinheiral II;BRAMIL LIXO 50L ;BRAMIL;ATIVO 
Bramil - Pinheiral II;ECONOMICO 100L;BRAMIL;ATIVO 
Bramil - Pinheiral II;ECONOMICO 100L ;BRAMIL;ATIVO 
Bramil - Pinheiral II;ECONOMICO 15L;BRAMIL;ATIVO 
Bramil - Pinheiral II;ECONOMICO 30L;BRAMIL;ATIVO 
Bramil - Pinheiral II;ECONOMICO 50L;BRAMIL;ATIVO 
Bramil - Pinheiral II;HIPERROLL 100L;BRAMIL;ATIVO 
Bramil - Pinheiral II;HIPERROLL 15L;BRAMIL;ATIVO 
Bramil - Pinheiral II;HIPERROLL 30L;BRAMIL;ATIVO 
Bramil - Pinheiral II;HIPERROLL 50L;BRAMIL;ATIVO 
Bramil - Pinheiral II;REFORCADO 100L;BRAMIL;ATIVO 
Bramil - Pinheiral II;REFORCADO 200L;BRAMIL;ATIVO 
Bramil - Pinheiral II;SACOLA 29X39;BRAMIL;ATIVO 
Bramil - Pinheiral II;SACOLA 29X39 ;BRAMIL;ATIVO 
Bramil - Pinheiral II;SACOLA 38X48;BRAMIL;ATIVO 
Bramil - Pinheiral II;SACOLA 38X48 ;BRAMIL;ATIVO 
Bramil - Pinheiral II;SACOLA VERDE 38X50;BRAMIL;ATIVO 
Bramil - Pinheiral II;SACOLA VERDE 40X50;BRAMIL;ATIVO 
Bramil Barra do Pirai;BOBINA 20X30;BRAMIL;ATIVO 
Bramil Barra do Pirai;BOBINA 25X35;BRAMIL;ATIVO 
Bramil Barra do Pirai;BOBINA 30X40;BRAMIL;ATIVO 
Bramil Barra do Pirai;BRAMIL LIXO 100L;BRAMIL;ATIVO 
Bramil Barra do Pirai;BRAMIL LIXO 100L REF ;BRAMIL;ATIVO 
Bramil Barra do Pirai;BRAMIL LIXO 15L;BRAMIL;ATIVO 
Bramil Barra do Pirai;BRAMIL LIXO 200L REF ;BRAMIL;ATIVO 
Bramil Barra do Pirai;BRAMIL LIXO 30L;BRAMIL;ATIVO 
Bramil Barra do Pirai;BRAMIL LIXO 50L ;BRAMIL;ATIVO 
Bramil Barra do Pirai;ECONOMICO 100L;BRAMIL;ATIVO 
Bramil Barra do Pirai;ECONOMICO 100L ;BRAMIL;ATIVO 
Bramil Barra do Pirai;ECONOMICO 15L;BRAMIL;ATIVO 
Bramil Barra do Pirai;ECONOMICO 30L;BRAMIL;ATIVO 
Bramil Barra do Pirai;ECONOMICO 50L;BRAMIL;ATIVO 
Bramil Barra do Pirai;HIPERROLL 100L;BRAMIL;ATIVO 
Bramil Barra do Pirai;HIPERROLL 15L;BRAMIL;ATIVO 
Bramil Barra do Pirai;HIPERROLL 30L;BRAMIL;ATIVO 
Bramil Barra do Pirai;HIPERROLL 50L;BRAMIL;ATIVO 
Bramil Barra do Pirai;REFORCADO 100L;BRAMIL;ATIVO 
Bramil Barra do Pirai;REFORCADO 200L;BRAMIL;ATIVO 
Bramil Barra do Pirai;SACOLA 29X39;BRAMIL;ATIVO 
Bramil Barra do Pirai;SACOLA 29X39 ;BRAMIL;ATIVO 
Bramil Barra do Pirai;SACOLA 38X48;BRAMIL;ATIVO 
Bramil Barra do Pirai;SACOLA 38X48 ;BRAMIL;ATIVO 
Bramil Barra do Pirai;SACOLA VERDE 38X50;BRAMIL;ATIVO 
Bramil Barra do Pirai;SACOLA VERDE 40X50;BRAMIL;ATIVO 
Bramil - Paraiba do Sul I;BOBINA 20X30;BRAMIL;ATIVO 
Bramil - Paraiba do Sul I;BOBINA 25X35;BRAMIL;ATIVO 
Bramil - Paraiba do Sul I;BOBINA 30X40;BRAMIL;ATIVO 
Bramil - Paraiba do Sul I;BRAMIL LIXO 100L;BRAMIL;ATIVO 
Bramil - Paraiba do Sul I;BRAMIL LIXO 100L REF ;BRAMIL;ATIVO 
Bramil - Paraiba do Sul I;BRAMIL LIXO 15L;BRAMIL;ATIVO 
Bramil - Paraiba do Sul I;BRAMIL LIXO 200L REF ;BRAMIL;ATIVO 
Bramil - Paraiba do Sul I;BRAMIL LIXO 30L;BRAMIL;ATIVO 
Bramil - Paraiba do Sul I;BRAMIL LIXO 50L ;BRAMIL;ATIVO 
Bramil - Paraiba do Sul I;ECONOMICO 100L;BRAMIL;ATIVO 
Bramil - Paraiba do Sul I;ECONOMICO 100L ;BRAMIL;ATIVO 
Bramil - Paraiba do Sul I;ECONOMICO 15L;BRAMIL;ATIVO 
Bramil - Paraiba do Sul I;ECONOMICO 30L;BRAMIL;ATIVO 
Bramil - Paraiba do Sul I;ECONOMICO 50L;BRAMIL;ATIVO 
Bramil - Paraiba do Sul I;HIPERROLL 100L;BRAMIL;ATIVO 
Bramil - Paraiba do Sul I;HIPERROLL 15L;BRAMIL;ATIVO 
Bramil - Paraiba do Sul I;HIPERROLL 30L;BRAMIL;ATIVO 
Bramil - Paraiba do Sul I;HIPERROLL 50L;BRAMIL;ATIVO 
Bramil - Paraiba do Sul I;REFORCADO 100L;BRAMIL;ATIVO 
Bramil - Paraiba do Sul I;REFORCADO 200L;BRAMIL;ATIVO 
Bramil - Paraiba do Sul I;SACOLA 29X39;BRAMIL;ATIVO 
Bramil - Paraiba do Sul I;SACOLA 29X39 ;BRAMIL;ATIVO 
Bramil - Paraiba do Sul I;SACOLA 38X48;BRAMIL;ATIVO 
Bramil - Paraiba do Sul I;SACOLA 38X48 ;BRAMIL;ATIVO 
Bramil - Paraiba do Sul I;SACOLA VERDE 38X50;BRAMIL;ATIVO 
Bramil - Paraiba do Sul I;SACOLA VERDE 40X50;BRAMIL;ATIVO 
Bramil - Paraiba do Sul II;BOBINA 20X30;BRAMIL;ATIVO 
Bramil - Paraiba do Sul II;BOBINA 25X35;BRAMIL;ATIVO 
Bramil - Paraiba do Sul II;BOBINA 30X40;BRAMIL;ATIVO 
Bramil - Paraiba do Sul II;BRAMIL LIXO 100L;BRAMIL;ATIVO 
Bramil - Paraiba do Sul II;BRAMIL LIXO 100L REF ;BRAMIL;ATIVO 
Bramil - Paraiba do Sul II;BRAMIL LIXO 15L;BRAMIL;ATIVO 
Bramil - Paraiba do Sul II;BRAMIL LIXO 200L REF ;BRAMIL;ATIVO 
Bramil - Paraiba do Sul II;BRAMIL LIXO 30L;BRAMIL;ATIVO 
Bramil - Paraiba do Sul II;BRAMIL LIXO 50L ;BRAMIL;ATIVO 
Bramil - Paraiba do Sul II;ECONOMICO 100L;BRAMIL;ATIVO 
Bramil - Paraiba do Sul II;ECONOMICO 100L ;BRAMIL;ATIVO 
Bramil - Paraiba do Sul II;ECONOMICO 15L;BRAMIL;ATIVO 
Bramil - Paraiba do Sul II;ECONOMICO 30L;BRAMIL;ATIVO 
Bramil - Paraiba do Sul II;ECONOMICO 50L;BRAMIL;ATIVO 
Bramil - Paraiba do Sul II;HIPERROLL 100L;BRAMIL;ATIVO 
Bramil - Paraiba do Sul II;HIPERROLL 15L;BRAMIL;ATIVO 
Bramil - Paraiba do Sul II;HIPERROLL 30L;BRAMIL;ATIVO 
Bramil - Paraiba do Sul II;HIPERROLL 50L;BRAMIL;ATIVO 
Bramil - Paraiba do Sul II;REFORCADO 100L;BRAMIL;ATIVO 
Bramil - Paraiba do Sul II;REFORCADO 200L;BRAMIL;ATIVO 
Bramil - Paraiba do Sul II;SACOLA 29X39;BRAMIL;ATIVO 
Bramil - Paraiba do Sul II;SACOLA 29X39 ;BRAMIL;ATIVO 
Bramil - Paraiba do Sul II;SACOLA 38X48;BRAMIL;ATIVO 
Bramil - Paraiba do Sul II;SACOLA 38X48 ;BRAMIL;ATIVO 
Bramil - Paraiba do Sul II;SACOLA VERDE 38X50;BRAMIL;ATIVO 
Bramil - Paraiba do Sul II;SACOLA VERDE 40X50;BRAMIL;ATIVO 
Bramil - Paraiba do Sul III;BOBINA 20X30;BRAMIL;ATIVO 
Bramil - Paraiba do Sul III;BOBINA 25X35;BRAMIL;ATIVO 
Bramil - Paraiba do Sul III;BOBINA 30X40;BRAMIL;ATIVO 
Bramil - Paraiba do Sul III;BRAMIL LIXO 100L;BRAMIL;ATIVO 
Bramil - Paraiba do Sul III;BRAMIL LIXO 100L REF ;BRAMIL;ATIVO 
Bramil - Paraiba do Sul III;BRAMIL LIXO 15L;BRAMIL;ATIVO 
Bramil - Paraiba do Sul III;BRAMIL LIXO 200L REF ;BRAMIL;ATIVO 
Bramil - Paraiba do Sul III;BRAMIL LIXO 30L;BRAMIL;ATIVO 
Bramil - Paraiba do Sul III;BRAMIL LIXO 50L ;BRAMIL;ATIVO 
Bramil - Paraiba do Sul III;ECONOMICO 100L;BRAMIL;ATIVO 
Bramil - Paraiba do Sul III;ECONOMICO 100L ;BRAMIL;ATIVO 
Bramil - Paraiba do Sul III;ECONOMICO 15L;BRAMIL;ATIVO 
Bramil - Paraiba do Sul III;ECONOMICO 30L;BRAMIL;ATIVO 
Bramil - Paraiba do Sul III;ECONOMICO 50L;BRAMIL;ATIVO 
Bramil - Paraiba do Sul III;HIPERROLL 100L;BRAMIL;ATIVO 
Bramil - Paraiba do Sul III;HIPERROLL 15L;BRAMIL;ATIVO 
Bramil - Paraiba do Sul III;HIPERROLL 30L;BRAMIL;ATIVO 
Bramil - Paraiba do Sul III;HIPERROLL 50L;BRAMIL;ATIVO 
Bramil - Paraiba do Sul III;REFORCADO 100L;BRAMIL;ATIVO 
Bramil - Paraiba do Sul III;REFORCADO 200L;BRAMIL;ATIVO 
Bramil - Paraiba do Sul III;SACOLA 29X39;BRAMIL;ATIVO 
Bramil - Paraiba do Sul III;SACOLA 29X39 ;BRAMIL;ATIVO 
Bramil - Paraiba do Sul III;SACOLA 38X48;BRAMIL;ATIVO 
Bramil - Paraiba do Sul III;SACOLA 38X48 ;BRAMIL;ATIVO 
Bramil - Paraiba do Sul III;SACOLA VERDE 38X50;BRAMIL;ATIVO 
Bramil - Paraiba do Sul III;SACOLA VERDE 40X50;BRAMIL;ATIVO 
Bramil - Tres Rios I;BOBINA 20X30;BRAMIL;ATIVO 
Bramil - Tres Rios I;BOBINA 25X35;BRAMIL;ATIVO 
Bramil - Tres Rios I;BOBINA 30X40;BRAMIL;ATIVO 
Bramil - Tres Rios I;BRAMIL LIXO 100L;BRAMIL;ATIVO 
Bramil - Tres Rios I;BRAMIL LIXO 100L REF ;BRAMIL;ATIVO 
Bramil - Tres Rios I;BRAMIL LIXO 15L;BRAMIL;ATIVO 
Bramil - Tres Rios I;BRAMIL LIXO 200L REF ;BRAMIL;ATIVO 
Bramil - Tres Rios I;BRAMIL LIXO 30L;BRAMIL;ATIVO 
Bramil - Tres Rios I;BRAMIL LIXO 50L ;BRAMIL;ATIVO 
Bramil - Tres Rios I;ECONOMICO 100L;BRAMIL;ATIVO 
Bramil - Tres Rios I;ECONOMICO 100L ;BRAMIL;ATIVO 
Bramil - Tres Rios I;ECONOMICO 15L;BRAMIL;ATIVO 
Bramil - Tres Rios I;ECONOMICO 30L;BRAMIL;ATIVO 
Bramil - Tres Rios I;ECONOMICO 50L;BRAMIL;ATIVO 
Bramil - Tres Rios I;HIPERROLL 100L;BRAMIL;ATIVO 
Bramil - Tres Rios I;HIPERROLL 15L;BRAMIL;ATIVO 
Bramil - Tres Rios I;HIPERROLL 30L;BRAMIL;ATIVO 
Bramil - Tres Rios I;HIPERROLL 50L;BRAMIL;ATIVO 
Bramil - Tres Rios I;REFORCADO 100L;BRAMIL;ATIVO 
Bramil - Tres Rios I;REFORCADO 200L;BRAMIL;ATIVO 
Bramil - Tres Rios I;SACOLA 29X39;BRAMIL;ATIVO 
Bramil - Tres Rios I;SACOLA 29X39 ;BRAMIL;ATIVO 
Bramil - Tres Rios I;SACOLA 38X48;BRAMIL;ATIVO 
Bramil - Tres Rios I;SACOLA 38X48 ;BRAMIL;ATIVO 
Bramil - Tres Rios I;SACOLA VERDE 38X50;BRAMIL;ATIVO 
Bramil - Tres Rios I;SACOLA VERDE 40X50;BRAMIL;ATIVO 
Bramil - Tres Rios II;BOBINA 20X30;BRAMIL;ATIVO 
Bramil - Tres Rios II;BOBINA 25X35;BRAMIL;ATIVO 
Bramil - Tres Rios II;BOBINA 30X40;BRAMIL;ATIVO 
Bramil - Tres Rios II;BRAMIL LIXO 100L;BRAMIL;ATIVO 
Bramil - Tres Rios II;BRAMIL LIXO 100L REF ;BRAMIL;ATIVO 
Bramil - Tres Rios II;BRAMIL LIXO 15L;BRAMIL;ATIVO 
Bramil - Tres Rios II;BRAMIL LIXO 200L REF ;BRAMIL;ATIVO 
Bramil - Tres Rios II;BRAMIL LIXO 30L;BRAMIL;ATIVO 
Bramil - Tres Rios II;BRAMIL LIXO 50L ;BRAMIL;ATIVO 
Bramil - Tres Rios II;ECONOMICO 100L;BRAMIL;ATIVO 
Bramil - Tres Rios II;ECONOMICO 100L ;BRAMIL;ATIVO 
Bramil - Tres Rios II;ECONOMICO 15L;BRAMIL;ATIVO 
Bramil - Tres Rios II;ECONOMICO 30L;BRAMIL;ATIVO 
Bramil - Tres Rios II;ECONOMICO 50L;BRAMIL;ATIVO 
Bramil - Tres Rios II;HIPERROLL 100L;BRAMIL;ATIVO 
Bramil - Tres Rios II;HIPERROLL 15L;BRAMIL;ATIVO 
Bramil - Tres Rios II;HIPERROLL 30L;BRAMIL;ATIVO 
Bramil - Tres Rios II;HIPERROLL 50L;BRAMIL;ATIVO 
Bramil - Tres Rios II;REFORCADO 100L;BRAMIL;ATIVO 
Bramil - Tres Rios II;REFORCADO 200L;BRAMIL;ATIVO 
Bramil - Tres Rios II;SACOLA 29X39;BRAMIL;ATIVO 
Bramil - Tres Rios II;SACOLA 29X39 ;BRAMIL;ATIVO 
Bramil - Tres Rios II;SACOLA 38X48;BRAMIL;ATIVO 
Bramil - Tres Rios II;SACOLA 38X48 ;BRAMIL;ATIVO 
Bramil - Tres Rios II;SACOLA VERDE 38X50;BRAMIL;ATIVO 
Bramil - Tres Rios II;SACOLA VERDE 40X50;BRAMIL;ATIVO 
Bramil - Tres Rios III;BOBINA 20X30;BRAMIL;ATIVO 
Bramil - Tres Rios III;BOBINA 25X35;BRAMIL;ATIVO 
Bramil - Tres Rios III;BOBINA 30X40;BRAMIL;ATIVO 
Bramil - Tres Rios III;BRAMIL LIXO 100L;BRAMIL;ATIVO 
Bramil - Tres Rios III;BRAMIL LIXO 100L REF ;BRAMIL;ATIVO 
Bramil - Tres Rios III;BRAMIL LIXO 15L;BRAMIL;ATIVO 
Bramil - Tres Rios III;BRAMIL LIXO 200L REF ;BRAMIL;ATIVO 
Bramil - Tres Rios III;BRAMIL LIXO 30L;BRAMIL;ATIVO 
Bramil - Tres Rios III;BRAMIL LIXO 50L ;BRAMIL;ATIVO 
Bramil - Tres Rios III;ECONOMICO 100L;BRAMIL;ATIVO 
Bramil - Tres Rios III;ECONOMICO 100L ;BRAMIL;ATIVO 
Bramil - Tres Rios III;ECONOMICO 15L;BRAMIL;ATIVO 
Bramil - Tres Rios III;ECONOMICO 30L;BRAMIL;ATIVO 
Bramil - Tres Rios III;ECONOMICO 50L;BRAMIL;ATIVO 
Bramil - Tres Rios III;HIPERROLL 100L;BRAMIL;ATIVO 
Bramil - Tres Rios III;HIPERROLL 15L;BRAMIL;ATIVO 
Bramil - Tres Rios III;HIPERROLL 30L;BRAMIL;ATIVO 
Bramil - Tres Rios III;HIPERROLL 50L;BRAMIL;ATIVO 
Bramil - Tres Rios III;REFORCADO 100L;BRAMIL;ATIVO 
Bramil - Tres Rios III;REFORCADO 200L;BRAMIL;ATIVO 
Bramil - Tres Rios III;SACOLA 29X39;BRAMIL;ATIVO 
Bramil - Tres Rios III;SACOLA 29X39 ;BRAMIL;ATIVO 
Bramil - Tres Rios III;SACOLA 38X48;BRAMIL;ATIVO 
Bramil - Tres Rios III;SACOLA 38X48 ;BRAMIL;ATIVO 
Bramil - Tres Rios III;SACOLA VERDE 38X50;BRAMIL;ATIVO 
Bramil - Tres Rios III;SACOLA VERDE 40X50;BRAMIL;ATIVO 
Bramil - Levy Gasparian;BOBINA 20X30;BRAMIL;ATIVO 
Bramil - Levy Gasparian;BOBINA 25X35;BRAMIL;ATIVO 
Bramil - Levy Gasparian;BOBINA 30X40;BRAMIL;ATIVO 
Bramil - Levy Gasparian;BRAMIL LIXO 100L;BRAMIL;ATIVO 
Bramil - Levy Gasparian;BRAMIL LIXO 100L REF ;BRAMIL;ATIVO 
Bramil - Levy Gasparian;BRAMIL LIXO 15L;BRAMIL;ATIVO 
Bramil - Levy Gasparian;BRAMIL LIXO 200L REF ;BRAMIL;ATIVO 
Bramil - Levy Gasparian;BRAMIL LIXO 30L;BRAMIL;ATIVO 
Bramil - Levy Gasparian;BRAMIL LIXO 50L ;BRAMIL;ATIVO 
Bramil - Levy Gasparian;ECONOMICO 100L;BRAMIL;ATIVO 
Bramil - Levy Gasparian;ECONOMICO 100L ;BRAMIL;ATIVO 
Bramil - Levy Gasparian;ECONOMICO 15L;BRAMIL;ATIVO 
Bramil - Levy Gasparian;ECONOMICO 30L;BRAMIL;ATIVO 
Bramil - Levy Gasparian;ECONOMICO 50L;BRAMIL;ATIVO 
Bramil - Levy Gasparian;HIPERROLL 100L;BRAMIL;ATIVO 
Bramil - Levy Gasparian;HIPERROLL 15L;BRAMIL;ATIVO 
Bramil - Levy Gasparian;HIPERROLL 30L;BRAMIL;ATIVO 
Bramil - Levy Gasparian;HIPERROLL 50L;BRAMIL;ATIVO 
Bramil - Levy Gasparian;REFORCADO 100L;BRAMIL;ATIVO 
Bramil - Levy Gasparian;REFORCADO 200L;BRAMIL;ATIVO 
Bramil - Levy Gasparian;SACOLA 29X39;BRAMIL;ATIVO 
Bramil - Levy Gasparian;SACOLA 29X39 ;BRAMIL;ATIVO 
Bramil - Levy Gasparian;SACOLA 38X48;BRAMIL;ATIVO 
Bramil - Levy Gasparian;SACOLA 38X48 ;BRAMIL;ATIVO 
Bramil - Levy Gasparian;SACOLA VERDE 38X50;BRAMIL;ATIVO 
Bramil - Levy Gasparian;SACOLA VERDE 40X50;BRAMIL;ATIVO 
Bramil - Paty dos Alferes I;BOBINA 20X30;BRAMIL;ATIVO 
Bramil - Paty dos Alferes I;BOBINA 25X35;BRAMIL;ATIVO 
Bramil - Paty dos Alferes I;BOBINA 30X40;BRAMIL;ATIVO 
Bramil - Paty dos Alferes I;BRAMIL LIXO 100L;BRAMIL;ATIVO 
Bramil - Paty dos Alferes I;BRAMIL LIXO 100L REF ;BRAMIL;ATIVO 
Bramil - Paty dos Alferes I;BRAMIL LIXO 15L;BRAMIL;ATIVO 
Bramil - Paty dos Alferes I;BRAMIL LIXO 200L REF ;BRAMIL;ATIVO 
Bramil - Paty dos Alferes I;BRAMIL LIXO 30L;BRAMIL;ATIVO 
Bramil - Paty dos Alferes I;BRAMIL LIXO 50L ;BRAMIL;ATIVO 
Bramil - Paty dos Alferes I;ECONOMICO 100L;BRAMIL;ATIVO 
Bramil - Paty dos Alferes I;ECONOMICO 100L ;BRAMIL;ATIVO 
Bramil - Paty dos Alferes I;ECONOMICO 15L;BRAMIL;ATIVO 
Bramil - Paty dos Alferes I;ECONOMICO 30L;BRAMIL;ATIVO 
Bramil - Paty dos Alferes I;ECONOMICO 50L;BRAMIL;ATIVO 
Bramil - Paty dos Alferes I;HIPERROLL 100L;BRAMIL;ATIVO 
Bramil - Paty dos Alferes I;HIPERROLL 15L;BRAMIL;ATIVO 
Bramil - Paty dos Alferes I;HIPERROLL 30L;BRAMIL;ATIVO 
Bramil - Paty dos Alferes I;HIPERROLL 50L;BRAMIL;ATIVO 
Bramil - Paty dos Alferes I;REFORCADO 100L;BRAMIL;ATIVO 
Bramil - Paty dos Alferes I;REFORCADO 200L;BRAMIL;ATIVO 
Bramil - Paty dos Alferes I;SACOLA 29X39;BRAMIL;ATIVO 
Bramil - Paty dos Alferes I;SACOLA 29X39 ;BRAMIL;ATIVO 
Bramil - Paty dos Alferes I;SACOLA 38X48;BRAMIL;ATIVO 
Bramil - Paty dos Alferes I;SACOLA 38X48 ;BRAMIL;ATIVO 
Bramil - Paty dos Alferes I;SACOLA VERDE 38X50;BRAMIL;ATIVO 
Bramil - Paty dos Alferes I;SACOLA VERDE 40X50;BRAMIL;ATIVO 
Bramil - Paty dos Alferes II;BOBINA 20X30;BRAMIL;ATIVO 
Bramil - Paty dos Alferes II;BOBINA 25X35;BRAMIL;ATIVO 
Bramil - Paty dos Alferes II;BOBINA 30X40;BRAMIL;ATIVO 
Bramil - Paty dos Alferes II;BRAMIL LIXO 100L;BRAMIL;ATIVO 
Bramil - Paty dos Alferes II;BRAMIL LIXO 100L REF ;BRAMIL;ATIVO 
Bramil - Paty dos Alferes II;BRAMIL LIXO 15L;BRAMIL;ATIVO 
Bramil - Paty dos Alferes II;BRAMIL LIXO 200L REF ;BRAMIL;ATIVO 
Bramil - Paty dos Alferes II;BRAMIL LIXO 30L;BRAMIL;ATIVO 
Bramil - Paty dos Alferes II;BRAMIL LIXO 50L ;BRAMIL;ATIVO 
Bramil - Paty dos Alferes II;ECONOMICO 100L;BRAMIL;ATIVO 
Bramil - Paty dos Alferes II;ECONOMICO 100L ;BRAMIL;ATIVO 
Bramil - Paty dos Alferes II;ECONOMICO 15L;BRAMIL;ATIVO 
Bramil - Paty dos Alferes II;ECONOMICO 30L;BRAMIL;ATIVO 
Bramil - Paty dos Alferes II;ECONOMICO 50L;BRAMIL;ATIVO 
Bramil - Paty dos Alferes II;HIPERROLL 100L;BRAMIL;ATIVO 
Bramil - Paty dos Alferes II;HIPERROLL 15L;BRAMIL;ATIVO 
Bramil - Paty dos Alferes II;HIPERROLL 30L;BRAMIL;ATIVO 
Bramil - Paty dos Alferes II;HIPERROLL 50L;BRAMIL;ATIVO 
Bramil - Paty dos Alferes II;REFORCADO 100L;BRAMIL;ATIVO 
Bramil - Paty dos Alferes II;REFORCADO 200L;BRAMIL;ATIVO 
Bramil - Paty dos Alferes II;SACOLA 29X39;BRAMIL;ATIVO 
Bramil - Paty dos Alferes II;SACOLA 29X39 ;BRAMIL;ATIVO 
Bramil - Paty dos Alferes II;SACOLA 38X48;BRAMIL;ATIVO 
Bramil - Paty dos Alferes II;SACOLA 38X48 ;BRAMIL;ATIVO 
Bramil - Paty dos Alferes II;SACOLA VERDE 38X50;BRAMIL;ATIVO 
Bramil - Paty dos Alferes II;SACOLA VERDE 40X50;BRAMIL;ATIVO 
Bramil - Valenca;BOBINA 20X30;BRAMIL;ATIVO 
Bramil - Valenca;BOBINA 25X35;BRAMIL;ATIVO 
Bramil - Valenca;BOBINA 30X40;BRAMIL;ATIVO 
Bramil - Valenca;BRAMIL LIXO 100L;BRAMIL;ATIVO 
Bramil - Valenca;BRAMIL LIXO 100L REF ;BRAMIL;ATIVO 
Bramil - Valenca;BRAMIL LIXO 15L;BRAMIL;ATIVO 
Bramil - Valenca;BRAMIL LIXO 200L REF ;BRAMIL;ATIVO 
Bramil - Valenca;BRAMIL LIXO 30L;BRAMIL;ATIVO 
Bramil - Valenca;BRAMIL LIXO 50L ;BRAMIL;ATIVO 
Bramil - Valenca;ECONOMICO 100L;BRAMIL;ATIVO 
Bramil - Valenca;ECONOMICO 100L ;BRAMIL;ATIVO 
Bramil - Valenca;ECONOMICO 15L;BRAMIL;ATIVO 
Bramil - Valenca;ECONOMICO 30L;BRAMIL;ATIVO 
Bramil - Valenca;ECONOMICO 50L;BRAMIL;ATIVO 
Bramil - Valenca;HIPERROLL 100L;BRAMIL;ATIVO 
Bramil - Valenca;HIPERROLL 15L;BRAMIL;ATIVO 
Bramil - Valenca;HIPERROLL 30L;BRAMIL;ATIVO 
Bramil - Valenca;HIPERROLL 50L;BRAMIL;ATIVO 
Bramil - Valenca;REFORCADO 100L;BRAMIL;ATIVO 
Bramil - Valenca;REFORCADO 200L;BRAMIL;ATIVO 
Bramil - Valenca;SACOLA 29X39;BRAMIL;ATIVO 
Bramil - Valenca;SACOLA 29X39 ;BRAMIL;ATIVO 
Bramil - Valenca;SACOLA 38X48;BRAMIL;ATIVO 
Bramil - Valenca;SACOLA 38X48 ;BRAMIL;ATIVO 
Bramil - Valenca;SACOLA VERDE 38X50;BRAMIL;ATIVO 
Bramil - Valenca;SACOLA VERDE 40X50;BRAMIL;ATIVO 
Bramil - Matias Barbosa;BOBINA 20X30;BRAMIL;ATIVO 
Bramil - Matias Barbosa;BOBINA 25X35;BRAMIL;ATIVO 
Bramil - Matias Barbosa;BOBINA 30X40;BRAMIL;ATIVO 
Bramil - Matias Barbosa;BRAMIL LIXO 100L;BRAMIL;ATIVO 
Bramil - Matias Barbosa;BRAMIL LIXO 100L REF ;BRAMIL;ATIVO 
Bramil - Matias Barbosa;BRAMIL LIXO 15L;BRAMIL;ATIVO 
Bramil - Matias Barbosa;BRAMIL LIXO 200L REF ;BRAMIL;ATIVO 
Bramil - Matias Barbosa;BRAMIL LIXO 30L;BRAMIL;ATIVO 
Bramil - Matias Barbosa;BRAMIL LIXO 50L ;BRAMIL;ATIVO 
Bramil - Matias Barbosa;ECONOMICO 100L;BRAMIL;ATIVO 
Bramil - Matias Barbosa;ECONOMICO 100L ;BRAMIL;ATIVO 
Bramil - Matias Barbosa;ECONOMICO 15L;BRAMIL;ATIVO 
Bramil - Matias Barbosa;ECONOMICO 30L;BRAMIL;ATIVO 
Bramil - Matias Barbosa;ECONOMICO 50L;BRAMIL;ATIVO 
Bramil - Matias Barbosa;HIPERROLL 100L;BRAMIL;ATIVO 
Bramil - Matias Barbosa;HIPERROLL 15L;BRAMIL;ATIVO 
Bramil - Matias Barbosa;HIPERROLL 30L;BRAMIL;ATIVO 
Bramil - Matias Barbosa;HIPERROLL 50L;BRAMIL;ATIVO 
Bramil - Matias Barbosa;REFORCADO 100L;BRAMIL;ATIVO 
Bramil - Matias Barbosa;REFORCADO 200L;BRAMIL;ATIVO 
Bramil - Matias Barbosa;SACOLA 29X39;BRAMIL;ATIVO 
Bramil - Matias Barbosa;SACOLA 29X39 ;BRAMIL;ATIVO 
Bramil - Matias Barbosa;SACOLA 38X48;BRAMIL;ATIVO 
Bramil - Matias Barbosa;SACOLA 38X48 ;BRAMIL;ATIVO 
Bramil - Matias Barbosa;SACOLA VERDE 38X50;BRAMIL;ATIVO 
Bramil - Matias Barbosa;SACOLA VERDE 40X50;BRAMIL;ATIVO 
Bramil - Petropolis I;BOBINA 20X30;BRAMIL;ATIVO 
Bramil - Petropolis I;BOBINA 25X35;BRAMIL;ATIVO 
Bramil - Petropolis I;BOBINA 30X40;BRAMIL;ATIVO 
Bramil - Petropolis I;BRAMIL LIXO 100L;BRAMIL;ATIVO 
Bramil - Petropolis I;BRAMIL LIXO 100L REF ;BRAMIL;ATIVO 
Bramil - Petropolis I;BRAMIL LIXO 15L;BRAMIL;ATIVO 
Bramil - Petropolis I;BRAMIL LIXO 200L REF ;BRAMIL;ATIVO 
Bramil - Petropolis I;BRAMIL LIXO 30L;BRAMIL;ATIVO 
Bramil - Petropolis I;BRAMIL LIXO 50L ;BRAMIL;ATIVO 
Bramil - Petropolis I;ECONOMICO 100L;BRAMIL;ATIVO 
Bramil - Petropolis I;ECONOMICO 100L ;BRAMIL;ATIVO 
Bramil - Petropolis I;ECONOMICO 15L;BRAMIL;ATIVO 
Bramil - Petropolis I;ECONOMICO 30L;BRAMIL;ATIVO 
Bramil - Petropolis I;ECONOMICO 50L;BRAMIL;ATIVO 
Bramil - Petropolis I;HIPERROLL 100L;BRAMIL;ATIVO 
Bramil - Petropolis I;HIPERROLL 15L;BRAMIL;ATIVO 
Bramil - Petropolis I;HIPERROLL 30L;BRAMIL;ATIVO 
Bramil - Petropolis I;HIPERROLL 50L;BRAMIL;ATIVO 
Bramil - Petropolis I;REFORCADO 100L;BRAMIL;ATIVO 
Bramil - Petropolis I;REFORCADO 200L;BRAMIL;ATIVO 
Bramil - Petropolis I;SACOLA 29X39;BRAMIL;ATIVO 
Bramil - Petropolis I;SACOLA 29X39 ;BRAMIL;ATIVO 
Bramil - Petropolis I;SACOLA 38X48;BRAMIL;ATIVO 
Bramil - Petropolis I;SACOLA 38X48 ;BRAMIL;ATIVO 
Bramil - Petropolis I;SACOLA VERDE 38X50;BRAMIL;ATIVO 
Bramil - Petropolis I;SACOLA VERDE 40X50;BRAMIL;ATIVO 
Bramil - Petropolis II;BOBINA 20X30;BRAMIL;ATIVO 
Bramil - Petropolis II;BOBINA 25X35;BRAMIL;ATIVO 
Bramil - Petropolis II;BOBINA 30X40;BRAMIL;ATIVO 
Bramil - Petropolis II;BRAMIL LIXO 100L;BRAMIL;ATIVO 
Bramil - Petropolis II;BRAMIL LIXO 100L REF ;BRAMIL;ATIVO 
Bramil - Petropolis II;BRAMIL LIXO 15L;BRAMIL;ATIVO 
Bramil - Petropolis II;BRAMIL LIXO 200L REF ;BRAMIL;ATIVO 
Bramil - Petropolis II;BRAMIL LIXO 30L;BRAMIL;ATIVO 
Bramil - Petropolis II;BRAMIL LIXO 50L ;BRAMIL;ATIVO 
Bramil - Petropolis II;ECONOMICO 100L;BRAMIL;ATIVO 
Bramil - Petropolis II;ECONOMICO 100L ;BRAMIL;ATIVO 
Bramil - Petropolis II;ECONOMICO 15L;BRAMIL;ATIVO 
Bramil - Petropolis II;ECONOMICO 30L;BRAMIL;ATIVO 
Bramil - Petropolis II;ECONOMICO 50L;BRAMIL;ATIVO 
Bramil - Petropolis II;HIPERROLL 100L;BRAMIL;ATIVO 
Bramil - Petropolis II;HIPERROLL 15L;BRAMIL;ATIVO 
Bramil - Petropolis II;HIPERROLL 30L;BRAMIL;ATIVO 
Bramil - Petropolis II;HIPERROLL 50L;BRAMIL;ATIVO 
Bramil - Petropolis II;REFORCADO 100L;BRAMIL;ATIVO 
Bramil - Petropolis II;REFORCADO 200L;BRAMIL;ATIVO 
Bramil - Petropolis II;SACOLA 29X39;BRAMIL;ATIVO 
Bramil - Petropolis II;SACOLA 29X39 ;BRAMIL;ATIVO 
Bramil - Petropolis II;SACOLA 38X48;BRAMIL;ATIVO 
Bramil - Petropolis II;SACOLA 38X48 ;BRAMIL;ATIVO 
Bramil - Petropolis II;SACOLA VERDE 38X50;BRAMIL;ATIVO 
Bramil - Petropolis II;SACOLA VERDE 40X50;BRAMIL;ATIVO 
Bramil - Petropolis III;BOBINA 20X30;BRAMIL;ATIVO 
Bramil - Petropolis III;BOBINA 25X35;BRAMIL;ATIVO 
Bramil - Petropolis III;BOBINA 30X40;BRAMIL;ATIVO 
Bramil - Petropolis III;BRAMIL LIXO 100L;BRAMIL;ATIVO 
Bramil - Petropolis III;BRAMIL LIXO 100L REF ;BRAMIL;ATIVO 
Bramil - Petropolis III;BRAMIL LIXO 15L;BRAMIL;ATIVO 
Bramil - Petropolis III;BRAMIL LIXO 200L REF ;BRAMIL;ATIVO 
Bramil - Petropolis III;BRAMIL LIXO 30L;BRAMIL;ATIVO 
Bramil - Petropolis III;BRAMIL LIXO 50L ;BRAMIL;ATIVO 
Bramil - Petropolis III;ECONOMICO 100L;BRAMIL;ATIVO 
Bramil - Petropolis III;ECONOMICO 100L ;BRAMIL;ATIVO 
Bramil - Petropolis III;ECONOMICO 15L;BRAMIL;ATIVO 
Bramil - Petropolis III;ECONOMICO 30L;BRAMIL;ATIVO 
Bramil - Petropolis III;ECONOMICO 50L;BRAMIL;ATIVO 
Bramil - Petropolis III;HIPERROLL 100L;BRAMIL;ATIVO 
Bramil - Petropolis III;HIPERROLL 15L;BRAMIL;ATIVO 
Bramil - Petropolis III;HIPERROLL 30L;BRAMIL;ATIVO 
Bramil - Petropolis III;HIPERROLL 50L;BRAMIL;ATIVO 
Bramil - Petropolis III;REFORCADO 100L;BRAMIL;ATIVO 
Bramil - Petropolis III;REFORCADO 200L;BRAMIL;ATIVO 
Bramil - Petropolis III;SACOLA 29X39;BRAMIL;ATIVO 
Bramil - Petropolis III;SACOLA 29X39 ;BRAMIL;ATIVO 
Bramil - Petropolis III;SACOLA 38X48;BRAMIL;ATIVO 
Bramil - Petropolis III;SACOLA 38X48 ;BRAMIL;ATIVO 
Bramil - Petropolis III;SACOLA VERDE 38X50;BRAMIL;ATIVO 
Bramil - Petropolis III;SACOLA VERDE 40X50;BRAMIL;ATIVO 
Bramil - Petropolis IV;BOBINA 20X30;BRAMIL;ATIVO 
Bramil - Petropolis IV;BOBINA 25X35;BRAMIL;ATIVO 
Bramil - Petropolis IV;BOBINA 30X40;BRAMIL;ATIVO 
Bramil - Petropolis IV;BRAMIL LIXO 100L;BRAMIL;ATIVO 
Bramil - Petropolis IV;BRAMIL LIXO 100L REF ;BRAMIL;ATIVO 
Bramil - Petropolis IV;BRAMIL LIXO 15L;BRAMIL;ATIVO 
Bramil - Petropolis IV;BRAMIL LIXO 200L REF ;BRAMIL;ATIVO 
Bramil - Petropolis IV;BRAMIL LIXO 30L;BRAMIL;ATIVO 
Bramil - Petropolis IV;BRAMIL LIXO 50L ;BRAMIL;ATIVO 
Bramil - Petropolis IV;ECONOMICO 100L;BRAMIL;ATIVO 
Bramil - Petropolis IV;ECONOMICO 100L ;BRAMIL;ATIVO 
Bramil - Petropolis IV;ECONOMICO 15L;BRAMIL;ATIVO 
Bramil - Petropolis IV;ECONOMICO 30L;BRAMIL;ATIVO 
Bramil - Petropolis IV;ECONOMICO 50L;BRAMIL;ATIVO 
Bramil - Petropolis IV;HIPERROLL 100L;BRAMIL;ATIVO 
Bramil - Petropolis IV;HIPERROLL 15L;BRAMIL;ATIVO 
Bramil - Petropolis IV;HIPERROLL 30L;BRAMIL;ATIVO 
Bramil - Petropolis IV;HIPERROLL 50L;BRAMIL;ATIVO 
Bramil - Petropolis IV;REFORCADO 100L;BRAMIL;ATIVO 
Bramil - Petropolis IV;REFORCADO 200L;BRAMIL;ATIVO 
Bramil - Petropolis IV;SACOLA 29X39;BRAMIL;ATIVO 
Bramil - Petropolis IV;SACOLA 29X39 ;BRAMIL;ATIVO 
Bramil - Petropolis IV;SACOLA 38X48;BRAMIL;ATIVO 
Bramil - Petropolis IV;SACOLA 38X48 ;BRAMIL;ATIVO 
Bramil - Petropolis IV;SACOLA VERDE 38X50;BRAMIL;ATIVO 
Bramil - Petropolis IV;SACOLA VERDE 40X50;BRAMIL;ATIVO 
Bramil - Vassouras;BOBINA 20X30;BRAMIL;ATIVO 
Bramil - Vassouras;BOBINA 25X35;BRAMIL;ATIVO 
Bramil - Vassouras;BOBINA 30X40;BRAMIL;ATIVO 
Bramil - Vassouras;BRAMIL LIXO 100L;BRAMIL;ATIVO 
Bramil - Vassouras;BRAMIL LIXO 100L REF ;BRAMIL;ATIVO 
Bramil - Vassouras;BRAMIL LIXO 15L;BRAMIL;ATIVO 
Bramil - Vassouras;BRAMIL LIXO 200L REF ;BRAMIL;ATIVO 
Bramil - Vassouras;BRAMIL LIXO 30L;BRAMIL;ATIVO 
Bramil - Vassouras;BRAMIL LIXO 50L ;BRAMIL;ATIVO 
Bramil - Vassouras;ECONOMICO 100L;BRAMIL;ATIVO 
Bramil - Vassouras;ECONOMICO 100L ;BRAMIL;ATIVO 
Bramil - Vassouras;ECONOMICO 15L;BRAMIL;ATIVO 
Bramil - Vassouras;ECONOMICO 30L;BRAMIL;ATIVO 
Bramil - Vassouras;ECONOMICO 50L;BRAMIL;ATIVO 
Bramil - Vassouras;HIPERROLL 100L;BRAMIL;ATIVO 
Bramil - Vassouras;HIPERROLL 15L;BRAMIL;ATIVO 
Bramil - Vassouras;HIPERROLL 30L;BRAMIL;ATIVO 
Bramil - Vassouras;HIPERROLL 50L;BRAMIL;ATIVO 
Bramil - Vassouras;REFORCADO 100L;BRAMIL;ATIVO 
Bramil - Vassouras;REFORCADO 200L;BRAMIL;ATIVO 
Bramil - Vassouras;SACOLA 29X39;BRAMIL;ATIVO 
Bramil - Vassouras;SACOLA 29X39 ;BRAMIL;ATIVO 
Bramil - Vassouras;SACOLA 38X48;BRAMIL;ATIVO 
Bramil - Vassouras;SACOLA 38X48 ;BRAMIL;ATIVO 
Bramil - Vassouras;SACOLA VERDE 38X50;BRAMIL;ATIVO 
Bramil - Vassouras;SACOLA VERDE 40X50;BRAMIL;ATIVO 
Bramil - Miguel Pereira;BOBINA 20X30;BRAMIL;ATIVO 
Bramil - Miguel Pereira;BOBINA 25X35;BRAMIL;ATIVO 
Bramil - Miguel Pereira;BOBINA 30X40;BRAMIL;ATIVO 
Bramil - Miguel Pereira;BRAMIL LIXO 100L;BRAMIL;ATIVO 
Bramil - Miguel Pereira;BRAMIL LIXO 100L REF ;BRAMIL;ATIVO 
Bramil - Miguel Pereira;BRAMIL LIXO 15L;BRAMIL;ATIVO 
Bramil - Miguel Pereira;BRAMIL LIXO 200L REF ;BRAMIL;ATIVO 
Bramil - Miguel Pereira;BRAMIL LIXO 30L;BRAMIL;ATIVO 
Bramil - Miguel Pereira;BRAMIL LIXO 50L ;BRAMIL;ATIVO 
Bramil - Miguel Pereira;ECONOMICO 100L;BRAMIL;ATIVO 
Bramil - Miguel Pereira;ECONOMICO 100L ;BRAMIL;ATIVO 
Bramil - Miguel Pereira;ECONOMICO 15L;BRAMIL;ATIVO 
Bramil - Miguel Pereira;ECONOMICO 30L;BRAMIL;ATIVO 
Bramil - Miguel Pereira;ECONOMICO 50L;BRAMIL;ATIVO 
Bramil - Miguel Pereira;HIPERROLL 100L;BRAMIL;ATIVO 
Bramil - Miguel Pereira;HIPERROLL 15L;BRAMIL;ATIVO 
Bramil - Miguel Pereira;HIPERROLL 30L;BRAMIL;ATIVO 
Bramil - Miguel Pereira;HIPERROLL 50L;BRAMIL;ATIVO 
Bramil - Miguel Pereira;REFORCADO 100L;BRAMIL;ATIVO 
Bramil - Miguel Pereira;REFORCADO 200L;BRAMIL;ATIVO 
Bramil - Miguel Pereira;SACOLA 29X39;BRAMIL;ATIVO 
Bramil - Miguel Pereira;SACOLA 29X39 ;BRAMIL;ATIVO 
Bramil - Miguel Pereira;SACOLA 38X48;BRAMIL;ATIVO 
Bramil - Miguel Pereira;SACOLA 38X48 ;BRAMIL;ATIVO 
Bramil - Miguel Pereira;SACOLA VERDE 38X50;BRAMIL;ATIVO 
Bramil - Miguel Pereira;SACOLA VERDE 40X50;BRAMIL;ATIVO 
Bramil - Volta Redonda;BOBINA 20X30;BRAMIL;ATIVO 
Bramil - Volta Redonda;BOBINA 25X35;BRAMIL;ATIVO 
Bramil - Volta Redonda;BOBINA 30X40;BRAMIL;ATIVO 
Bramil - Volta Redonda;BRAMIL LIXO 100L;BRAMIL;ATIVO 
Bramil - Volta Redonda;BRAMIL LIXO 100L REF ;BRAMIL;ATIVO 
Bramil - Volta Redonda;BRAMIL LIXO 15L;BRAMIL;ATIVO 
Bramil - Volta Redonda;BRAMIL LIXO 200L REF ;BRAMIL;ATIVO 
Bramil - Volta Redonda;BRAMIL LIXO 30L;BRAMIL;ATIVO 
Bramil - Volta Redonda;BRAMIL LIXO 50L ;BRAMIL;ATIVO 
Bramil - Volta Redonda;ECONOMICO 100L;BRAMIL;ATIVO 
Bramil - Volta Redonda;ECONOMICO 100L ;BRAMIL;ATIVO 
Bramil - Volta Redonda;ECONOMICO 15L;BRAMIL;ATIVO 
Bramil - Volta Redonda;ECONOMICO 30L;BRAMIL;ATIVO 
Bramil - Volta Redonda;ECONOMICO 50L;BRAMIL;ATIVO 
Bramil - Volta Redonda;HIPERROLL 100L;BRAMIL;ATIVO 
Bramil - Volta Redonda;HIPERROLL 15L;BRAMIL;ATIVO 
Bramil - Volta Redonda;HIPERROLL 30L;BRAMIL;ATIVO 
Bramil - Volta Redonda;HIPERROLL 50L;BRAMIL;ATIVO 
Bramil - Volta Redonda;REFORCADO 100L;BRAMIL;ATIVO 
Bramil - Volta Redonda;REFORCADO 200L;BRAMIL;ATIVO 
Bramil - Volta Redonda;SACOLA 29X39;BRAMIL;ATIVO 
Bramil - Volta Redonda;SACOLA 29X39 ;BRAMIL;ATIVO 
Bramil - Volta Redonda;SACOLA 38X48;BRAMIL;ATIVO 
Bramil - Volta Redonda;SACOLA 38X48 ;BRAMIL;ATIVO 
Bramil - Volta Redonda;SACOLA VERDE 38X50;BRAMIL;ATIVO 
Bramil - Volta Redonda;SACOLA VERDE 40X50;BRAMIL;ATIVO 
415 ATACADAO - SAO JOSE DO RIO PRETO II FALAVINA;BOBINA 20X30;ATACADAO SP;ATIVO 
415 ATACADAO - SAO JOSE DO RIO PRETO II FALAVINA;BOBINA 25X35;ATACADAO SP;ATIVO 
415 ATACADAO - SAO JOSE DO RIO PRETO II FALAVINA;BOBINA 30X40;ATACADAO SP;ATIVO 
415 ATACADAO - SAO JOSE DO RIO PRETO II FALAVINA;BRAMIL LIXO 100L;ATACADAO SP;ATIVO 
415 ATACADAO - SAO JOSE DO RIO PRETO II FALAVINA;BRAMIL LIXO 100L REF ;ATACADAO SP;ATIVO 
415 ATACADAO - SAO JOSE DO RIO PRETO II FALAVINA;BRAMIL LIXO 15L;ATACADAO SP;ATIVO 
415 ATACADAO - SAO JOSE DO RIO PRETO II FALAVINA;BRAMIL LIXO 200L REF ;ATACADAO SP;ATIVO 
415 ATACADAO - SAO JOSE DO RIO PRETO II FALAVINA;BRAMIL LIXO 30L;ATACADAO SP;ATIVO 
415 ATACADAO - SAO JOSE DO RIO PRETO II FALAVINA;BRAMIL LIXO 50L ;ATACADAO SP;ATIVO 
415 ATACADAO - SAO JOSE DO RIO PRETO II FALAVINA;ECONOMICO 100L;ATACADAO SP;ATIVO 
415 ATACADAO - SAO JOSE DO RIO PRETO II FALAVINA;ECONOMICO 100L ;ATACADAO SP;ATIVO 
415 ATACADAO - SAO JOSE DO RIO PRETO II FALAVINA;ECONOMICO 15L;ATACADAO SP;ATIVO 
415 ATACADAO - SAO JOSE DO RIO PRETO II FALAVINA;ECONOMICO 30L;ATACADAO SP;ATIVO 
415 ATACADAO - SAO JOSE DO RIO PRETO II FALAVINA;ECONOMICO 50L;ATACADAO SP;ATIVO 
415 ATACADAO - SAO JOSE DO RIO PRETO II FALAVINA;HIPERROLL 100L;ATACADAO SP;ATIVO 
415 ATACADAO - SAO JOSE DO RIO PRETO II FALAVINA;HIPERROLL 15L;ATACADAO SP;ATIVO 
415 ATACADAO - SAO JOSE DO RIO PRETO II FALAVINA;HIPERROLL 30L;ATACADAO SP;ATIVO 
415 ATACADAO - SAO JOSE DO RIO PRETO II FALAVINA;HIPERROLL 50L;ATACADAO SP;ATIVO 
415 ATACADAO - SAO JOSE DO RIO PRETO II FALAVINA;REFORCADO 100L;ATACADAO SP;ATIVO 
415 ATACADAO - SAO JOSE DO RIO PRETO II FALAVINA;REFORCADO 200L;ATACADAO SP;ATIVO 
415 ATACADAO - SAO JOSE DO RIO PRETO II FALAVINA;SACOLA 29X39;ATACADAO SP;ATIVO 
415 ATACADAO - SAO JOSE DO RIO PRETO II FALAVINA;SACOLA 29X39 ;ATACADAO SP;ATIVO 
415 ATACADAO - SAO JOSE DO RIO PRETO II FALAVINA;SACOLA 38X48;ATACADAO SP;ATIVO 
415 ATACADAO - SAO JOSE DO RIO PRETO II FALAVINA;SACOLA 38X48 ;ATACADAO SP;ATIVO 
415 ATACADAO - SAO JOSE DO RIO PRETO II FALAVINA;SACOLA VERDE 38X50;ATACADAO SP;ATIVO 
415 ATACADAO - SAO JOSE DO RIO PRETO II FALAVINA;SACOLA VERDE 40X50;ATACADAO SP;ATIVO 
418 ATACADAO - SOROCABA;BOBINA 20X30;ATACADAO SP;ATIVO 
418 ATACADAO - SOROCABA;BOBINA 25X35;ATACADAO SP;ATIVO 
418 ATACADAO - SOROCABA;BOBINA 30X40;ATACADAO SP;ATIVO 
418 ATACADAO - SOROCABA;BRAMIL LIXO 100L;ATACADAO SP;ATIVO 
418 ATACADAO - SOROCABA;BRAMIL LIXO 100L REF ;ATACADAO SP;ATIVO 
418 ATACADAO - SOROCABA;BRAMIL LIXO 15L;ATACADAO SP;ATIVO 
418 ATACADAO - SOROCABA;BRAMIL LIXO 200L REF ;ATACADAO SP;ATIVO 
418 ATACADAO - SOROCABA;BRAMIL LIXO 30L;ATACADAO SP;ATIVO 
418 ATACADAO - SOROCABA;BRAMIL LIXO 50L ;ATACADAO SP;ATIVO 
418 ATACADAO - SOROCABA;ECONOMICO 100L;ATACADAO SP;ATIVO 
418 ATACADAO - SOROCABA;ECONOMICO 100L ;ATACADAO SP;ATIVO 
418 ATACADAO - SOROCABA;ECONOMICO 15L;ATACADAO SP;ATIVO 
418 ATACADAO - SOROCABA;ECONOMICO 30L;ATACADAO SP;ATIVO 
418 ATACADAO - SOROCABA;ECONOMICO 50L;ATACADAO SP;ATIVO 
418 ATACADAO - SOROCABA;HIPERROLL 100L;ATACADAO SP;ATIVO 
418 ATACADAO - SOROCABA;HIPERROLL 15L;ATACADAO SP;ATIVO 
418 ATACADAO - SOROCABA;HIPERROLL 30L;ATACADAO SP;ATIVO 
418 ATACADAO - SOROCABA;HIPERROLL 50L;ATACADAO SP;ATIVO 
418 ATACADAO - SOROCABA;REFORCADO 100L;ATACADAO SP;ATIVO 
418 ATACADAO - SOROCABA;REFORCADO 200L;ATACADAO SP;ATIVO 
418 ATACADAO - SOROCABA;SACOLA 29X39;ATACADAO SP;ATIVO 
418 ATACADAO - SOROCABA;SACOLA 29X39 ;ATACADAO SP;ATIVO 
418 ATACADAO - SOROCABA;SACOLA 38X48;ATACADAO SP;ATIVO 
418 ATACADAO - SOROCABA;SACOLA 38X48 ;ATACADAO SP;ATIVO 
418 ATACADAO - SOROCABA;SACOLA VERDE 38X50;ATACADAO SP;ATIVO 
418 ATACADAO - SOROCABA;SACOLA VERDE 40X50;ATACADAO SP;ATIVO 
420 ATACADAO - SOROCABA ITAVUVU;BOBINA 20X30;ATACADAO SP;ATIVO 
420 ATACADAO - SOROCABA ITAVUVU;BOBINA 25X35;ATACADAO SP;ATIVO 
420 ATACADAO - SOROCABA ITAVUVU;BOBINA 30X40;ATACADAO SP;ATIVO 
420 ATACADAO - SOROCABA ITAVUVU;BRAMIL LIXO 100L;ATACADAO SP;ATIVO 
420 ATACADAO - SOROCABA ITAVUVU;BRAMIL LIXO 100L REF ;ATACADAO SP;ATIVO 
420 ATACADAO - SOROCABA ITAVUVU;BRAMIL LIXO 15L;ATACADAO SP;ATIVO 
420 ATACADAO - SOROCABA ITAVUVU;BRAMIL LIXO 200L REF ;ATACADAO SP;ATIVO 
420 ATACADAO - SOROCABA ITAVUVU;BRAMIL LIXO 30L;ATACADAO SP;ATIVO 
420 ATACADAO - SOROCABA ITAVUVU;BRAMIL LIXO 50L ;ATACADAO SP;ATIVO 
420 ATACADAO - SOROCABA ITAVUVU;ECONOMICO 100L;ATACADAO SP;ATIVO 
420 ATACADAO - SOROCABA ITAVUVU;ECONOMICO 100L ;ATACADAO SP;ATIVO 
420 ATACADAO - SOROCABA ITAVUVU;ECONOMICO 15L;ATACADAO SP;ATIVO 
420 ATACADAO - SOROCABA ITAVUVU;ECONOMICO 30L;ATACADAO SP;ATIVO 
420 ATACADAO - SOROCABA ITAVUVU;ECONOMICO 50L;ATACADAO SP;ATIVO 
420 ATACADAO - SOROCABA ITAVUVU;HIPERROLL 100L;ATACADAO SP;ATIVO 
420 ATACADAO - SOROCABA ITAVUVU;HIPERROLL 15L;ATACADAO SP;ATIVO 
420 ATACADAO - SOROCABA ITAVUVU;HIPERROLL 30L;ATACADAO SP;ATIVO 
420 ATACADAO - SOROCABA ITAVUVU;HIPERROLL 50L;ATACADAO SP;ATIVO 
420 ATACADAO - SOROCABA ITAVUVU;REFORCADO 100L;ATACADAO SP;ATIVO 
420 ATACADAO - SOROCABA ITAVUVU;REFORCADO 200L;ATACADAO SP;ATIVO 
420 ATACADAO - SOROCABA ITAVUVU;SACOLA 29X39;ATACADAO SP;ATIVO 
420 ATACADAO - SOROCABA ITAVUVU;SACOLA 29X39 ;ATACADAO SP;ATIVO 
420 ATACADAO - SOROCABA ITAVUVU;SACOLA 38X48;ATACADAO SP;ATIVO 
420 ATACADAO - SOROCABA ITAVUVU;SACOLA 38X48 ;ATACADAO SP;ATIVO 
420 ATACADAO - SOROCABA ITAVUVU;SACOLA VERDE 38X50;ATACADAO SP;ATIVO 
420 ATACADAO - SOROCABA ITAVUVU;SACOLA VERDE 40X50;ATACADAO SP;ATIVO 
924 ATACADAO - ALAGOINHAS;BOBINA 20X30;ATACADAO BA;ATIVO 
924 ATACADAO - ALAGOINHAS;BOBINA 25X35;ATACADAO BA;ATIVO 
924 ATACADAO - ALAGOINHAS;BOBINA 30X40;ATACADAO BA;ATIVO 
924 ATACADAO - ALAGOINHAS;BRAMIL LIXO 100L;ATACADAO BA;ATIVO 
924 ATACADAO - ALAGOINHAS;BRAMIL LIXO 100L REF ;ATACADAO BA;ATIVO 
924 ATACADAO - ALAGOINHAS;BRAMIL LIXO 15L;ATACADAO BA;ATIVO 
924 ATACADAO - ALAGOINHAS;BRAMIL LIXO 200L REF ;ATACADAO BA;ATIVO 
924 ATACADAO - ALAGOINHAS;BRAMIL LIXO 30L;ATACADAO BA;ATIVO 
924 ATACADAO - ALAGOINHAS;BRAMIL LIXO 50L ;ATACADAO BA;ATIVO 
924 ATACADAO - ALAGOINHAS;ECONOMICO 100L;ATACADAO BA;ATIVO 
924 ATACADAO - ALAGOINHAS;ECONOMICO 100L ;ATACADAO BA;ATIVO 
924 ATACADAO - ALAGOINHAS;ECONOMICO 15L;ATACADAO BA;ATIVO 
924 ATACADAO - ALAGOINHAS;ECONOMICO 30L;ATACADAO BA;ATIVO 
924 ATACADAO - ALAGOINHAS;ECONOMICO 50L;ATACADAO BA;ATIVO 
924 ATACADAO - ALAGOINHAS;HIPERROLL 100L;ATACADAO BA;ATIVO 
924 ATACADAO - ALAGOINHAS;HIPERROLL 15L;ATACADAO BA;ATIVO 
924 ATACADAO - ALAGOINHAS;HIPERROLL 30L;ATACADAO BA;ATIVO 
924 ATACADAO - ALAGOINHAS;HIPERROLL 50L;ATACADAO BA;ATIVO 
924 ATACADAO - ALAGOINHAS;REFORCADO 100L;ATACADAO BA;ATIVO 
924 ATACADAO - ALAGOINHAS;REFORCADO 200L;ATACADAO BA;ATIVO 
924 ATACADAO - ALAGOINHAS;SACOLA 29X39;ATACADAO BA;ATIVO 
924 ATACADAO - ALAGOINHAS;SACOLA 29X39 ;ATACADAO BA;ATIVO 
924 ATACADAO - ALAGOINHAS;SACOLA 38X48;ATACADAO BA;ATIVO 
924 ATACADAO - ALAGOINHAS;SACOLA 38X48 ;ATACADAO BA;ATIVO 
924 ATACADAO - ALAGOINHAS;SACOLA VERDE 38X50;ATACADAO BA;ATIVO 
924 ATACADAO - ALAGOINHAS;SACOLA VERDE 40X50;ATACADAO BA;ATIVO 
68 ATACADAO - ARACAJU BR;BOBINA 20X30;ATACADAO BA;ATIVO 
68 ATACADAO - ARACAJU BR;BOBINA 25X35;ATACADAO BA;ATIVO 
68 ATACADAO - ARACAJU BR;BOBINA 30X40;ATACADAO BA;ATIVO 
68 ATACADAO - ARACAJU BR;BRAMIL LIXO 100L;ATACADAO BA;ATIVO 
68 ATACADAO - ARACAJU BR;BRAMIL LIXO 100L REF ;ATACADAO BA;ATIVO 
68 ATACADAO - ARACAJU BR;BRAMIL LIXO 15L;ATACADAO BA;ATIVO 
68 ATACADAO - ARACAJU BR;BRAMIL LIXO 200L REF ;ATACADAO BA;ATIVO 
68 ATACADAO - ARACAJU BR;BRAMIL LIXO 30L;ATACADAO BA;ATIVO 
68 ATACADAO - ARACAJU BR;BRAMIL LIXO 50L ;ATACADAO BA;ATIVO 
68 ATACADAO - ARACAJU BR;ECONOMICO 100L;ATACADAO BA;ATIVO 
68 ATACADAO - ARACAJU BR;ECONOMICO 100L ;ATACADAO BA;ATIVO 
68 ATACADAO - ARACAJU BR;ECONOMICO 15L;ATACADAO BA;ATIVO 
68 ATACADAO - ARACAJU BR;ECONOMICO 30L;ATACADAO BA;ATIVO 
68 ATACADAO - ARACAJU BR;ECONOMICO 50L;ATACADAO BA;ATIVO 
68 ATACADAO - ARACAJU BR;HIPERROLL 100L;ATACADAO BA;ATIVO 
68 ATACADAO - ARACAJU BR;HIPERROLL 15L;ATACADAO BA;ATIVO 
68 ATACADAO - ARACAJU BR;HIPERROLL 30L;ATACADAO BA;ATIVO 
68 ATACADAO - ARACAJU BR;HIPERROLL 50L;ATACADAO BA;ATIVO 
68 ATACADAO - ARACAJU BR;REFORCADO 100L;ATACADAO BA;ATIVO 
68 ATACADAO - ARACAJU BR;REFORCADO 200L;ATACADAO BA;ATIVO 
68 ATACADAO - ARACAJU BR;SACOLA 29X39;ATACADAO BA;ATIVO 
68 ATACADAO - ARACAJU BR;SACOLA 29X39 ;ATACADAO BA;ATIVO 
68 ATACADAO - ARACAJU BR;SACOLA 38X48;ATACADAO BA;ATIVO 
68 ATACADAO - ARACAJU BR;SACOLA 38X48 ;ATACADAO BA;ATIVO 
68 ATACADAO - ARACAJU BR;SACOLA VERDE 38X50;ATACADAO BA;ATIVO 
68 ATACADAO - ARACAJU BR;SACOLA VERDE 40X50;ATACADAO BA;ATIVO 
109 ATACADAO - ARACAJU CD;BOBINA 20X30;ATACADAO BA;ATIVO 
109 ATACADAO - ARACAJU CD;BOBINA 25X35;ATACADAO BA;ATIVO 
109 ATACADAO - ARACAJU CD;BOBINA 30X40;ATACADAO BA;ATIVO 
109 ATACADAO - ARACAJU CD;BRAMIL LIXO 100L;ATACADAO BA;ATIVO 
109 ATACADAO - ARACAJU CD;BRAMIL LIXO 100L REF ;ATACADAO BA;ATIVO 
109 ATACADAO - ARACAJU CD;BRAMIL LIXO 15L;ATACADAO BA;ATIVO 
109 ATACADAO - ARACAJU CD;BRAMIL LIXO 200L REF ;ATACADAO BA;ATIVO 
109 ATACADAO - ARACAJU CD;BRAMIL LIXO 30L;ATACADAO BA;ATIVO 
109 ATACADAO - ARACAJU CD;BRAMIL LIXO 50L ;ATACADAO BA;ATIVO 
109 ATACADAO - ARACAJU CD;ECONOMICO 100L;ATACADAO BA;ATIVO 
109 ATACADAO - ARACAJU CD;ECONOMICO 100L ;ATACADAO BA;ATIVO 
109 ATACADAO - ARACAJU CD;ECONOMICO 15L;ATACADAO BA;ATIVO 
109 ATACADAO - ARACAJU CD;ECONOMICO 30L;ATACADAO BA;ATIVO 
109 ATACADAO - ARACAJU CD;ECONOMICO 50L;ATACADAO BA;ATIVO 
109 ATACADAO - ARACAJU CD;HIPERROLL 100L;ATACADAO BA;ATIVO 
109 ATACADAO - ARACAJU CD;HIPERROLL 15L;ATACADAO BA;ATIVO 
109 ATACADAO - ARACAJU CD;HIPERROLL 30L;ATACADAO BA;ATIVO 
109 ATACADAO - ARACAJU CD;HIPERROLL 50L;ATACADAO BA;ATIVO 
109 ATACADAO - ARACAJU CD;REFORCADO 100L;ATACADAO BA;ATIVO 
109 ATACADAO - ARACAJU CD;REFORCADO 200L;ATACADAO BA;ATIVO 
109 ATACADAO - ARACAJU CD;SACOLA 29X39;ATACADAO BA;ATIVO 
109 ATACADAO - ARACAJU CD;SACOLA 29X39 ;ATACADAO BA;ATIVO 
109 ATACADAO - ARACAJU CD;SACOLA 38X48;ATACADAO BA;ATIVO 
109 ATACADAO - ARACAJU CD;SACOLA 38X48 ;ATACADAO BA;ATIVO 
109 ATACADAO - ARACAJU CD;SACOLA VERDE 38X50;ATACADAO BA;ATIVO 
109 ATACADAO - ARACAJU CD;SACOLA VERDE 40X50;ATACADAO BA;ATIVO 
862 ATACADAO - ARACAJU GONï¿½ALO PRADO;BOBINA 20X30;ATACADAO BA;ATIVO 
862 ATACADAO - ARACAJU GONï¿½ALO PRADO;BOBINA 25X35;ATACADAO BA;ATIVO 
862 ATACADAO - ARACAJU GONï¿½ALO PRADO;BOBINA 30X40;ATACADAO BA;ATIVO 
862 ATACADAO - ARACAJU GONï¿½ALO PRADO;BRAMIL LIXO 100L;ATACADAO BA;ATIVO 
862 ATACADAO - ARACAJU GONï¿½ALO PRADO;BRAMIL LIXO 100L REF ;ATACADAO BA;ATIVO 
862 ATACADAO - ARACAJU GONï¿½ALO PRADO;BRAMIL LIXO 15L;ATACADAO BA;ATIVO 
862 ATACADAO - ARACAJU GONï¿½ALO PRADO;BRAMIL LIXO 200L REF ;ATACADAO BA;ATIVO 
862 ATACADAO - ARACAJU GONï¿½ALO PRADO;BRAMIL LIXO 30L;ATACADAO BA;ATIVO 
862 ATACADAO - ARACAJU GONï¿½ALO PRADO;BRAMIL LIXO 50L ;ATACADAO BA;ATIVO 
862 ATACADAO - ARACAJU GONï¿½ALO PRADO;ECONOMICO 100L;ATACADAO BA;ATIVO 
862 ATACADAO - ARACAJU GONï¿½ALO PRADO;ECONOMICO 100L ;ATACADAO BA;ATIVO 
862 ATACADAO - ARACAJU GONï¿½ALO PRADO;ECONOMICO 15L;ATACADAO BA;ATIVO 
862 ATACADAO - ARACAJU GONï¿½ALO PRADO;ECONOMICO 30L;ATACADAO BA;ATIVO 
862 ATACADAO - ARACAJU GONï¿½ALO PRADO;ECONOMICO 50L;ATACADAO BA;ATIVO 
862 ATACADAO - ARACAJU GONï¿½ALO PRADO;HIPERROLL 100L;ATACADAO BA;ATIVO 
862 ATACADAO - ARACAJU GONï¿½ALO PRADO;HIPERROLL 15L;ATACADAO BA;ATIVO 
862 ATACADAO - ARACAJU GONï¿½ALO PRADO;HIPERROLL 30L;ATACADAO BA;ATIVO 
862 ATACADAO - ARACAJU GONï¿½ALO PRADO;HIPERROLL 50L;ATACADAO BA;ATIVO 
862 ATACADAO - ARACAJU GONï¿½ALO PRADO;REFORCADO 100L;ATACADAO BA;ATIVO 
862 ATACADAO - ARACAJU GONï¿½ALO PRADO;REFORCADO 200L;ATACADAO BA;ATIVO 
862 ATACADAO - ARACAJU GONï¿½ALO PRADO;SACOLA 29X39;ATACADAO BA;ATIVO 
862 ATACADAO - ARACAJU GONï¿½ALO PRADO;SACOLA 29X39 ;ATACADAO BA;ATIVO 
862 ATACADAO - ARACAJU GONï¿½ALO PRADO;SACOLA 38X48;ATACADAO BA;ATIVO 
862 ATACADAO - ARACAJU GONï¿½ALO PRADO;SACOLA 38X48 ;ATACADAO BA;ATIVO 
862 ATACADAO - ARACAJU GONï¿½ALO PRADO;SACOLA VERDE 38X50;ATACADAO BA;ATIVO 
862 ATACADAO - ARACAJU GONï¿½ALO PRADO;SACOLA VERDE 40X50;ATACADAO BA;ATIVO 
274 ATACADAO - ARACAJU TANCREDO NEVES;BOBINA 20X30;ATACADAO BA;ATIVO 
274 ATACADAO - ARACAJU TANCREDO NEVES;BOBINA 25X35;ATACADAO BA;ATIVO 
274 ATACADAO - ARACAJU TANCREDO NEVES;BOBINA 30X40;ATACADAO BA;ATIVO 
274 ATACADAO - ARACAJU TANCREDO NEVES;BRAMIL LIXO 100L;ATACADAO BA;ATIVO 
274 ATACADAO - ARACAJU TANCREDO NEVES;BRAMIL LIXO 100L REF ;ATACADAO BA;ATIVO 
274 ATACADAO - ARACAJU TANCREDO NEVES;BRAMIL LIXO 15L;ATACADAO BA;ATIVO 
274 ATACADAO - ARACAJU TANCREDO NEVES;BRAMIL LIXO 200L REF ;ATACADAO BA;ATIVO 
274 ATACADAO - ARACAJU TANCREDO NEVES;BRAMIL LIXO 30L;ATACADAO BA;ATIVO 
274 ATACADAO - ARACAJU TANCREDO NEVES;BRAMIL LIXO 50L ;ATACADAO BA;ATIVO 
274 ATACADAO - ARACAJU TANCREDO NEVES;ECONOMICO 100L;ATACADAO BA;ATIVO 
274 ATACADAO - ARACAJU TANCREDO NEVES;ECONOMICO 100L ;ATACADAO BA;ATIVO 
274 ATACADAO - ARACAJU TANCREDO NEVES;ECONOMICO 15L;ATACADAO BA;ATIVO 
274 ATACADAO - ARACAJU TANCREDO NEVES;ECONOMICO 30L;ATACADAO BA;ATIVO 
274 ATACADAO - ARACAJU TANCREDO NEVES;ECONOMICO 50L;ATACADAO BA;ATIVO 
274 ATACADAO - ARACAJU TANCREDO NEVES;HIPERROLL 100L;ATACADAO BA;ATIVO 
274 ATACADAO - ARACAJU TANCREDO NEVES;HIPERROLL 15L;ATACADAO BA;ATIVO 
274 ATACADAO - ARACAJU TANCREDO NEVES;HIPERROLL 30L;ATACADAO BA;ATIVO 
274 ATACADAO - ARACAJU TANCREDO NEVES;HIPERROLL 50L;ATACADAO BA;ATIVO 
274 ATACADAO - ARACAJU TANCREDO NEVES;REFORCADO 100L;ATACADAO BA;ATIVO 
274 ATACADAO - ARACAJU TANCREDO NEVES;REFORCADO 200L;ATACADAO BA;ATIVO 
274 ATACADAO - ARACAJU TANCREDO NEVES;SACOLA 29X39;ATACADAO BA;ATIVO 
274 ATACADAO - ARACAJU TANCREDO NEVES;SACOLA 29X39 ;ATACADAO BA;ATIVO 
274 ATACADAO - ARACAJU TANCREDO NEVES;SACOLA 38X48;ATACADAO BA;ATIVO 
274 ATACADAO - ARACAJU TANCREDO NEVES;SACOLA 38X48 ;ATACADAO BA;ATIVO 
274 ATACADAO - ARACAJU TANCREDO NEVES;SACOLA VERDE 38X50;ATACADAO BA;ATIVO 
274 ATACADAO - ARACAJU TANCREDO NEVES;SACOLA VERDE 40X50;ATACADAO BA;ATIVO 
926 ATACADAO - BARREIRAS;BOBINA 20X30;ATACADAO BA;ATIVO 
926 ATACADAO - BARREIRAS;BOBINA 25X35;ATACADAO BA;ATIVO 
926 ATACADAO - BARREIRAS;BOBINA 30X40;ATACADAO BA;ATIVO 
926 ATACADAO - BARREIRAS;BRAMIL LIXO 100L;ATACADAO BA;ATIVO 
926 ATACADAO - BARREIRAS;BRAMIL LIXO 100L REF ;ATACADAO BA;ATIVO 
926 ATACADAO - BARREIRAS;BRAMIL LIXO 15L;ATACADAO BA;ATIVO 
926 ATACADAO - BARREIRAS;BRAMIL LIXO 200L REF ;ATACADAO BA;ATIVO 
926 ATACADAO - BARREIRAS;BRAMIL LIXO 30L;ATACADAO BA;ATIVO 
926 ATACADAO - BARREIRAS;BRAMIL LIXO 50L ;ATACADAO BA;ATIVO 
926 ATACADAO - BARREIRAS;ECONOMICO 100L;ATACADAO BA;ATIVO 
926 ATACADAO - BARREIRAS;ECONOMICO 100L ;ATACADAO BA;ATIVO 
926 ATACADAO - BARREIRAS;ECONOMICO 15L;ATACADAO BA;ATIVO 
926 ATACADAO - BARREIRAS;ECONOMICO 30L;ATACADAO BA;ATIVO 
926 ATACADAO - BARREIRAS;ECONOMICO 50L;ATACADAO BA;ATIVO 
926 ATACADAO - BARREIRAS;HIPERROLL 100L;ATACADAO BA;ATIVO 
926 ATACADAO - BARREIRAS;HIPERROLL 15L;ATACADAO BA;ATIVO 
926 ATACADAO - BARREIRAS;HIPERROLL 30L;ATACADAO BA;ATIVO 
926 ATACADAO - BARREIRAS;HIPERROLL 50L;ATACADAO BA;ATIVO 
926 ATACADAO - BARREIRAS;REFORCADO 100L;ATACADAO BA;ATIVO 
926 ATACADAO - BARREIRAS;REFORCADO 200L;ATACADAO BA;ATIVO 
926 ATACADAO - BARREIRAS;SACOLA 29X39;ATACADAO BA;ATIVO 
926 ATACADAO - BARREIRAS;SACOLA 29X39 ;ATACADAO BA;ATIVO 
926 ATACADAO - BARREIRAS;SACOLA 38X48;ATACADAO BA;ATIVO 
926 ATACADAO - BARREIRAS;SACOLA 38X48 ;ATACADAO BA;ATIVO 
926 ATACADAO - BARREIRAS;SACOLA VERDE 38X50;ATACADAO BA;ATIVO 
926 ATACADAO - BARREIRAS;SACOLA VERDE 40X50;ATACADAO BA;ATIVO 
845 ATACADAO - CAMAï¿½ARI CENTRO;BOBINA 20X30;ATACADAO BA;ATIVO 
845 ATACADAO - CAMAï¿½ARI CENTRO;BOBINA 25X35;ATACADAO BA;ATIVO 
845 ATACADAO - CAMAï¿½ARI CENTRO;BOBINA 30X40;ATACADAO BA;ATIVO 
845 ATACADAO - CAMAï¿½ARI CENTRO;BRAMIL LIXO 100L;ATACADAO BA;ATIVO 
845 ATACADAO - CAMAï¿½ARI CENTRO;BRAMIL LIXO 100L REF ;ATACADAO BA;ATIVO 
845 ATACADAO - CAMAï¿½ARI CENTRO;BRAMIL LIXO 15L;ATACADAO BA;ATIVO 
845 ATACADAO - CAMAï¿½ARI CENTRO;BRAMIL LIXO 200L REF ;ATACADAO BA;ATIVO 
845 ATACADAO - CAMAï¿½ARI CENTRO;BRAMIL LIXO 30L;ATACADAO BA;ATIVO 
845 ATACADAO - CAMAï¿½ARI CENTRO;BRAMIL LIXO 50L ;ATACADAO BA;ATIVO 
845 ATACADAO - CAMAï¿½ARI CENTRO;ECONOMICO 100L;ATACADAO BA;ATIVO 
845 ATACADAO - CAMAï¿½ARI CENTRO;ECONOMICO 100L ;ATACADAO BA;ATIVO 
845 ATACADAO - CAMAï¿½ARI CENTRO;ECONOMICO 15L;ATACADAO BA;ATIVO 
845 ATACADAO - CAMAï¿½ARI CENTRO;ECONOMICO 30L;ATACADAO BA;ATIVO 
845 ATACADAO - CAMAï¿½ARI CENTRO;ECONOMICO 50L;ATACADAO BA;ATIVO 
845 ATACADAO - CAMAï¿½ARI CENTRO;HIPERROLL 100L;ATACADAO BA;ATIVO 
845 ATACADAO - CAMAï¿½ARI CENTRO;HIPERROLL 15L;ATACADAO BA;ATIVO 
845 ATACADAO - CAMAï¿½ARI CENTRO;HIPERROLL 30L;ATACADAO BA;ATIVO 
845 ATACADAO - CAMAï¿½ARI CENTRO;HIPERROLL 50L;ATACADAO BA;ATIVO 
845 ATACADAO - CAMAï¿½ARI CENTRO;REFORCADO 100L;ATACADAO BA;ATIVO 
845 ATACADAO - CAMAï¿½ARI CENTRO;REFORCADO 200L;ATACADAO BA;ATIVO 
845 ATACADAO - CAMAï¿½ARI CENTRO;SACOLA 29X39;ATACADAO BA;ATIVO 
845 ATACADAO - CAMAï¿½ARI CENTRO;SACOLA 29X39 ;ATACADAO BA;ATIVO 
845 ATACADAO - CAMAï¿½ARI CENTRO;SACOLA 38X48;ATACADAO BA;ATIVO 
845 ATACADAO - CAMAï¿½ARI CENTRO;SACOLA 38X48 ;ATACADAO BA;ATIVO 
845 ATACADAO - CAMAï¿½ARI CENTRO;SACOLA VERDE 38X50;ATACADAO BA;ATIVO 
845 ATACADAO - CAMAï¿½ARI CENTRO;SACOLA VERDE 40X50;ATACADAO BA;ATIVO 
915 ATACADAO - CAMAï¿½ARI VIA PARAFUSO;BOBINA 20X30;ATACADAO BA;ATIVO 
915 ATACADAO - CAMAï¿½ARI VIA PARAFUSO;BOBINA 25X35;ATACADAO BA;ATIVO 
915 ATACADAO - CAMAï¿½ARI VIA PARAFUSO;BOBINA 30X40;ATACADAO BA;ATIVO 
915 ATACADAO - CAMAï¿½ARI VIA PARAFUSO;BRAMIL LIXO 100L;ATACADAO BA;ATIVO 
915 ATACADAO - CAMAï¿½ARI VIA PARAFUSO;BRAMIL LIXO 100L REF ;ATACADAO BA;ATIVO 
915 ATACADAO - CAMAï¿½ARI VIA PARAFUSO;BRAMIL LIXO 15L;ATACADAO BA;ATIVO 
915 ATACADAO - CAMAï¿½ARI VIA PARAFUSO;BRAMIL LIXO 200L REF ;ATACADAO BA;ATIVO 
915 ATACADAO - CAMAï¿½ARI VIA PARAFUSO;BRAMIL LIXO 30L;ATACADAO BA;ATIVO 
915 ATACADAO - CAMAï¿½ARI VIA PARAFUSO;BRAMIL LIXO 50L ;ATACADAO BA;ATIVO 
915 ATACADAO - CAMAï¿½ARI VIA PARAFUSO;ECONOMICO 100L;ATACADAO BA;ATIVO 
915 ATACADAO - CAMAï¿½ARI VIA PARAFUSO;ECONOMICO 100L ;ATACADAO BA;ATIVO 
915 ATACADAO - CAMAï¿½ARI VIA PARAFUSO;ECONOMICO 15L;ATACADAO BA;ATIVO 
915 ATACADAO - CAMAï¿½ARI VIA PARAFUSO;ECONOMICO 30L;ATACADAO BA;ATIVO 
915 ATACADAO - CAMAï¿½ARI VIA PARAFUSO;ECONOMICO 50L;ATACADAO BA;ATIVO 
915 ATACADAO - CAMAï¿½ARI VIA PARAFUSO;HIPERROLL 100L;ATACADAO BA;ATIVO 
915 ATACADAO - CAMAï¿½ARI VIA PARAFUSO;HIPERROLL 15L;ATACADAO BA;ATIVO 
915 ATACADAO - CAMAï¿½ARI VIA PARAFUSO;HIPERROLL 30L;ATACADAO BA;ATIVO 
915 ATACADAO - CAMAï¿½ARI VIA PARAFUSO;HIPERROLL 50L;ATACADAO BA;ATIVO 
915 ATACADAO - CAMAï¿½ARI VIA PARAFUSO;REFORCADO 100L;ATACADAO BA;ATIVO 
915 ATACADAO - CAMAï¿½ARI VIA PARAFUSO;REFORCADO 200L;ATACADAO BA;ATIVO 
915 ATACADAO - CAMAï¿½ARI VIA PARAFUSO;SACOLA 29X39;ATACADAO BA;ATIVO 
915 ATACADAO - CAMAï¿½ARI VIA PARAFUSO;SACOLA 29X39 ;ATACADAO BA;ATIVO 
915 ATACADAO - CAMAï¿½ARI VIA PARAFUSO;SACOLA 38X48;ATACADAO BA;ATIVO 
915 ATACADAO - CAMAï¿½ARI VIA PARAFUSO;SACOLA 38X48 ;ATACADAO BA;ATIVO 
915 ATACADAO - CAMAï¿½ARI VIA PARAFUSO;SACOLA VERDE 38X50;ATACADAO BA;ATIVO 
915 ATACADAO - CAMAï¿½ARI VIA PARAFUSO;SACOLA VERDE 40X50;ATACADAO BA;ATIVO 
911 ATACADAO - EUNAPOLIS;BOBINA 20X30;ATACADAO BA;ATIVO 
911 ATACADAO - EUNAPOLIS;BOBINA 25X35;ATACADAO BA;ATIVO 
911 ATACADAO - EUNAPOLIS;BOBINA 30X40;ATACADAO BA;ATIVO 
911 ATACADAO - EUNAPOLIS;BRAMIL LIXO 100L;ATACADAO BA;ATIVO 
911 ATACADAO - EUNAPOLIS;BRAMIL LIXO 100L REF ;ATACADAO BA;ATIVO 
911 ATACADAO - EUNAPOLIS;BRAMIL LIXO 15L;ATACADAO BA;ATIVO 
911 ATACADAO - EUNAPOLIS;BRAMIL LIXO 200L REF ;ATACADAO BA;ATIVO 
911 ATACADAO - EUNAPOLIS;BRAMIL LIXO 30L;ATACADAO BA;ATIVO 
911 ATACADAO - EUNAPOLIS;BRAMIL LIXO 50L ;ATACADAO BA;ATIVO 
911 ATACADAO - EUNAPOLIS;ECONOMICO 100L;ATACADAO BA;ATIVO 
911 ATACADAO - EUNAPOLIS;ECONOMICO 100L ;ATACADAO BA;ATIVO 
911 ATACADAO - EUNAPOLIS;ECONOMICO 15L;ATACADAO BA;ATIVO 
911 ATACADAO - EUNAPOLIS;ECONOMICO 30L;ATACADAO BA;ATIVO 
911 ATACADAO - EUNAPOLIS;ECONOMICO 50L;ATACADAO BA;ATIVO 
911 ATACADAO - EUNAPOLIS;HIPERROLL 100L;ATACADAO BA;ATIVO 
911 ATACADAO - EUNAPOLIS;HIPERROLL 15L;ATACADAO BA;ATIVO 
911 ATACADAO - EUNAPOLIS;HIPERROLL 30L;ATACADAO BA;ATIVO 
911 ATACADAO - EUNAPOLIS;HIPERROLL 50L;ATACADAO BA;ATIVO 
911 ATACADAO - EUNAPOLIS;REFORCADO 100L;ATACADAO BA;ATIVO 
911 ATACADAO - EUNAPOLIS;REFORCADO 200L;ATACADAO BA;ATIVO 
911 ATACADAO - EUNAPOLIS;SACOLA 29X39;ATACADAO BA;ATIVO 
911 ATACADAO - EUNAPOLIS;SACOLA 29X39 ;ATACADAO BA;ATIVO 
911 ATACADAO - EUNAPOLIS;SACOLA 38X48;ATACADAO BA;ATIVO 
911 ATACADAO - EUNAPOLIS;SACOLA 38X48 ;ATACADAO BA;ATIVO 
911 ATACADAO - EUNAPOLIS;SACOLA VERDE 38X50;ATACADAO BA;ATIVO 
911 ATACADAO - EUNAPOLIS;SACOLA VERDE 40X50;ATACADAO BA;ATIVO 
124 ATACADAO - FEIRA DE SANTANA CD;BOBINA 20X30;ATACADAO BA;ATIVO 
124 ATACADAO - FEIRA DE SANTANA CD;BOBINA 25X35;ATACADAO BA;ATIVO 
124 ATACADAO - FEIRA DE SANTANA CD;BOBINA 30X40;ATACADAO BA;ATIVO 
124 ATACADAO - FEIRA DE SANTANA CD;BRAMIL LIXO 100L;ATACADAO BA;ATIVO 
124 ATACADAO - FEIRA DE SANTANA CD;BRAMIL LIXO 100L REF ;ATACADAO BA;ATIVO 
124 ATACADAO - FEIRA DE SANTANA CD;BRAMIL LIXO 15L;ATACADAO BA;ATIVO 
124 ATACADAO - FEIRA DE SANTANA CD;BRAMIL LIXO 200L REF ;ATACADAO BA;ATIVO 
124 ATACADAO - FEIRA DE SANTANA CD;BRAMIL LIXO 30L;ATACADAO BA;ATIVO 
124 ATACADAO - FEIRA DE SANTANA CD;BRAMIL LIXO 50L ;ATACADAO BA;ATIVO 
124 ATACADAO - FEIRA DE SANTANA CD;ECONOMICO 100L;ATACADAO BA;ATIVO 
124 ATACADAO - FEIRA DE SANTANA CD;ECONOMICO 100L ;ATACADAO BA;ATIVO 
124 ATACADAO - FEIRA DE SANTANA CD;ECONOMICO 15L;ATACADAO BA;ATIVO 
124 ATACADAO - FEIRA DE SANTANA CD;ECONOMICO 30L;ATACADAO BA;ATIVO 
124 ATACADAO - FEIRA DE SANTANA CD;ECONOMICO 50L;ATACADAO BA;ATIVO 
124 ATACADAO - FEIRA DE SANTANA CD;HIPERROLL 100L;ATACADAO BA;ATIVO 
124 ATACADAO - FEIRA DE SANTANA CD;HIPERROLL 15L;ATACADAO BA;ATIVO 
124 ATACADAO - FEIRA DE SANTANA CD;HIPERROLL 30L;ATACADAO BA;ATIVO 
124 ATACADAO - FEIRA DE SANTANA CD;HIPERROLL 50L;ATACADAO BA;ATIVO 
124 ATACADAO - FEIRA DE SANTANA CD;REFORCADO 100L;ATACADAO BA;ATIVO 
124 ATACADAO - FEIRA DE SANTANA CD;REFORCADO 200L;ATACADAO BA;ATIVO 
124 ATACADAO - FEIRA DE SANTANA CD;SACOLA 29X39;ATACADAO BA;ATIVO 
124 ATACADAO - FEIRA DE SANTANA CD;SACOLA 29X39 ;ATACADAO BA;ATIVO 
124 ATACADAO - FEIRA DE SANTANA CD;SACOLA 38X48;ATACADAO BA;ATIVO 
124 ATACADAO - FEIRA DE SANTANA CD;SACOLA 38X48 ;ATACADAO BA;ATIVO 
124 ATACADAO - FEIRA DE SANTANA CD;SACOLA VERDE 38X50;ATACADAO BA;ATIVO 
124 ATACADAO - FEIRA DE SANTANA CD;SACOLA VERDE 40X50;ATACADAO BA;ATIVO 
914 ATACADAO - FEIRA MORADA DAS ARVORES;BOBINA 20X30;ATACADAO BA;ATIVO 
914 ATACADAO - FEIRA MORADA DAS ARVORES;BOBINA 25X35;ATACADAO BA;ATIVO 
914 ATACADAO - FEIRA MORADA DAS ARVORES;BOBINA 30X40;ATACADAO BA;ATIVO 
914 ATACADAO - FEIRA MORADA DAS ARVORES;BRAMIL LIXO 100L;ATACADAO BA;ATIVO 
914 ATACADAO - FEIRA MORADA DAS ARVORES;BRAMIL LIXO 100L REF ;ATACADAO BA;ATIVO 
914 ATACADAO - FEIRA MORADA DAS ARVORES;BRAMIL LIXO 15L;ATACADAO BA;ATIVO 
914 ATACADAO - FEIRA MORADA DAS ARVORES;BRAMIL LIXO 200L REF ;ATACADAO BA;ATIVO 
914 ATACADAO - FEIRA MORADA DAS ARVORES;BRAMIL LIXO 30L;ATACADAO BA;ATIVO 
914 ATACADAO - FEIRA MORADA DAS ARVORES;BRAMIL LIXO 50L ;ATACADAO BA;ATIVO 
914 ATACADAO - FEIRA MORADA DAS ARVORES;ECONOMICO 100L;ATACADAO BA;ATIVO 
914 ATACADAO - FEIRA MORADA DAS ARVORES;ECONOMICO 100L ;ATACADAO BA;ATIVO 
914 ATACADAO - FEIRA MORADA DAS ARVORES;ECONOMICO 15L;ATACADAO BA;ATIVO 
914 ATACADAO - FEIRA MORADA DAS ARVORES;ECONOMICO 30L;ATACADAO BA;ATIVO 
914 ATACADAO - FEIRA MORADA DAS ARVORES;ECONOMICO 50L;ATACADAO BA;ATIVO 
914 ATACADAO - FEIRA MORADA DAS ARVORES;HIPERROLL 100L;ATACADAO BA;ATIVO 
914 ATACADAO - FEIRA MORADA DAS ARVORES;HIPERROLL 15L;ATACADAO BA;ATIVO 
914 ATACADAO - FEIRA MORADA DAS ARVORES;HIPERROLL 30L;ATACADAO BA;ATIVO 
914 ATACADAO - FEIRA MORADA DAS ARVORES;HIPERROLL 50L;ATACADAO BA;ATIVO 
914 ATACADAO - FEIRA MORADA DAS ARVORES;REFORCADO 100L;ATACADAO BA;ATIVO 
914 ATACADAO - FEIRA MORADA DAS ARVORES;REFORCADO 200L;ATACADAO BA;ATIVO 
914 ATACADAO - FEIRA MORADA DAS ARVORES;SACOLA 29X39;ATACADAO BA;ATIVO 
914 ATACADAO - FEIRA MORADA DAS ARVORES;SACOLA 29X39 ;ATACADAO BA;ATIVO 
914 ATACADAO - FEIRA MORADA DAS ARVORES;SACOLA 38X48;ATACADAO BA;ATIVO 
914 ATACADAO - FEIRA MORADA DAS ARVORES;SACOLA 38X48 ;ATACADAO BA;ATIVO 
914 ATACADAO - FEIRA MORADA DAS ARVORES;SACOLA VERDE 38X50;ATACADAO BA;ATIVO 
914 ATACADAO - FEIRA MORADA DAS ARVORES;SACOLA VERDE 40X50;ATACADAO BA;ATIVO 
830 ATACADAO - FEIRA PEDRA DESCANSO;BOBINA 20X30;ATACADAO BA;ATIVO 
830 ATACADAO - FEIRA PEDRA DESCANSO;BOBINA 25X35;ATACADAO BA;ATIVO 
830 ATACADAO - FEIRA PEDRA DESCANSO;BOBINA 30X40;ATACADAO BA;ATIVO 
830 ATACADAO - FEIRA PEDRA DESCANSO;BRAMIL LIXO 100L;ATACADAO BA;ATIVO 
830 ATACADAO - FEIRA PEDRA DESCANSO;BRAMIL LIXO 100L REF ;ATACADAO BA;ATIVO 
830 ATACADAO - FEIRA PEDRA DESCANSO;BRAMIL LIXO 15L;ATACADAO BA;ATIVO 
830 ATACADAO - FEIRA PEDRA DESCANSO;BRAMIL LIXO 200L REF ;ATACADAO BA;ATIVO 
830 ATACADAO - FEIRA PEDRA DESCANSO;BRAMIL LIXO 30L;ATACADAO BA;ATIVO 
830 ATACADAO - FEIRA PEDRA DESCANSO;BRAMIL LIXO 50L ;ATACADAO BA;ATIVO 
830 ATACADAO - FEIRA PEDRA DESCANSO;ECONOMICO 100L;ATACADAO BA;ATIVO 
830 ATACADAO - FEIRA PEDRA DESCANSO;ECONOMICO 100L ;ATACADAO BA;ATIVO 
830 ATACADAO - FEIRA PEDRA DESCANSO;ECONOMICO 15L;ATACADAO BA;ATIVO 
830 ATACADAO - FEIRA PEDRA DESCANSO;ECONOMICO 30L;ATACADAO BA;ATIVO 
830 ATACADAO - FEIRA PEDRA DESCANSO;ECONOMICO 50L;ATACADAO BA;ATIVO 
830 ATACADAO - FEIRA PEDRA DESCANSO;HIPERROLL 100L;ATACADAO BA;ATIVO 
830 ATACADAO - FEIRA PEDRA DESCANSO;HIPERROLL 15L;ATACADAO BA;ATIVO 
830 ATACADAO - FEIRA PEDRA DESCANSO;HIPERROLL 30L;ATACADAO BA;ATIVO 
830 ATACADAO - FEIRA PEDRA DESCANSO;HIPERROLL 50L;ATACADAO BA;ATIVO 
830 ATACADAO - FEIRA PEDRA DESCANSO;REFORCADO 100L;ATACADAO BA;ATIVO 
830 ATACADAO - FEIRA PEDRA DESCANSO;REFORCADO 200L;ATACADAO BA;ATIVO 
830 ATACADAO - FEIRA PEDRA DESCANSO;SACOLA 29X39;ATACADAO BA;ATIVO 
830 ATACADAO - FEIRA PEDRA DESCANSO;SACOLA 29X39 ;ATACADAO BA;ATIVO 
830 ATACADAO - FEIRA PEDRA DESCANSO;SACOLA 38X48;ATACADAO BA;ATIVO 
830 ATACADAO - FEIRA PEDRA DESCANSO;SACOLA 38X48 ;ATACADAO BA;ATIVO 
830 ATACADAO - FEIRA PEDRA DESCANSO;SACOLA VERDE 38X50;ATACADAO BA;ATIVO 
830 ATACADAO - FEIRA PEDRA DESCANSO;SACOLA VERDE 40X50;ATACADAO BA;ATIVO 
908 ATACADAO - FEIRA SUBAE;BOBINA 20X30;ATACADAO BA;ATIVO 
908 ATACADAO - FEIRA SUBAE;BOBINA 25X35;ATACADAO BA;ATIVO 
908 ATACADAO - FEIRA SUBAE;BOBINA 30X40;ATACADAO BA;ATIVO 
908 ATACADAO - FEIRA SUBAE;BRAMIL LIXO 100L;ATACADAO BA;ATIVO 
908 ATACADAO - FEIRA SUBAE;BRAMIL LIXO 100L REF ;ATACADAO BA;ATIVO 
908 ATACADAO - FEIRA SUBAE;BRAMIL LIXO 15L;ATACADAO BA;ATIVO 
908 ATACADAO - FEIRA SUBAE;BRAMIL LIXO 200L REF ;ATACADAO BA;ATIVO 
908 ATACADAO - FEIRA SUBAE;BRAMIL LIXO 30L;ATACADAO BA;ATIVO 
908 ATACADAO - FEIRA SUBAE;BRAMIL LIXO 50L ;ATACADAO BA;ATIVO 
908 ATACADAO - FEIRA SUBAE;ECONOMICO 100L;ATACADAO BA;ATIVO 
908 ATACADAO - FEIRA SUBAE;ECONOMICO 100L ;ATACADAO BA;ATIVO 
908 ATACADAO - FEIRA SUBAE;ECONOMICO 15L;ATACADAO BA;ATIVO 
908 ATACADAO - FEIRA SUBAE;ECONOMICO 30L;ATACADAO BA;ATIVO 
908 ATACADAO - FEIRA SUBAE;ECONOMICO 50L;ATACADAO BA;ATIVO 
908 ATACADAO - FEIRA SUBAE;HIPERROLL 100L;ATACADAO BA;ATIVO 
908 ATACADAO - FEIRA SUBAE;HIPERROLL 15L;ATACADAO BA;ATIVO 
908 ATACADAO - FEIRA SUBAE;HIPERROLL 30L;ATACADAO BA;ATIVO 
908 ATACADAO - FEIRA SUBAE;HIPERROLL 50L;ATACADAO BA;ATIVO 
908 ATACADAO - FEIRA SUBAE;REFORCADO 100L;ATACADAO BA;ATIVO 
908 ATACADAO - FEIRA SUBAE;REFORCADO 200L;ATACADAO BA;ATIVO 
908 ATACADAO - FEIRA SUBAE;SACOLA 29X39;ATACADAO BA;ATIVO 
908 ATACADAO - FEIRA SUBAE;SACOLA 29X39 ;ATACADAO BA;ATIVO 
908 ATACADAO - FEIRA SUBAE;SACOLA 38X48;ATACADAO BA;ATIVO 
908 ATACADAO - FEIRA SUBAE;SACOLA 38X48 ;ATACADAO BA;ATIVO 
908 ATACADAO - FEIRA SUBAE;SACOLA VERDE 38X50;ATACADAO BA;ATIVO 
908 ATACADAO - FEIRA SUBAE;SACOLA VERDE 40X50;ATACADAO BA;ATIVO 
906 ATACADAO - ILHEUS BR;BOBINA 20X30;ATACADAO BA;ATIVO 
906 ATACADAO - ILHEUS BR;BOBINA 25X35;ATACADAO BA;ATIVO 
906 ATACADAO - ILHEUS BR;BOBINA 30X40;ATACADAO BA;ATIVO 
906 ATACADAO - ILHEUS BR;BRAMIL LIXO 100L;ATACADAO BA;ATIVO 
906 ATACADAO - ILHEUS BR;BRAMIL LIXO 100L REF ;ATACADAO BA;ATIVO 
906 ATACADAO - ILHEUS BR;BRAMIL LIXO 15L;ATACADAO BA;ATIVO 
906 ATACADAO - ILHEUS BR;BRAMIL LIXO 200L REF ;ATACADAO BA;ATIVO 
906 ATACADAO - ILHEUS BR;BRAMIL LIXO 30L;ATACADAO BA;ATIVO 
906 ATACADAO - ILHEUS BR;BRAMIL LIXO 50L ;ATACADAO BA;ATIVO 
906 ATACADAO - ILHEUS BR;ECONOMICO 100L;ATACADAO BA;ATIVO 
906 ATACADAO - ILHEUS BR;ECONOMICO 100L ;ATACADAO BA;ATIVO 
906 ATACADAO - ILHEUS BR;ECONOMICO 15L;ATACADAO BA;ATIVO 
906 ATACADAO - ILHEUS BR;ECONOMICO 30L;ATACADAO BA;ATIVO 
906 ATACADAO - ILHEUS BR;ECONOMICO 50L;ATACADAO BA;ATIVO 
906 ATACADAO - ILHEUS BR;HIPERROLL 100L;ATACADAO BA;ATIVO 
906 ATACADAO - ILHEUS BR;HIPERROLL 15L;ATACADAO BA;ATIVO 
906 ATACADAO - ILHEUS BR;HIPERROLL 30L;ATACADAO BA;ATIVO 
906 ATACADAO - ILHEUS BR;HIPERROLL 50L;ATACADAO BA;ATIVO 
906 ATACADAO - ILHEUS BR;REFORCADO 100L;ATACADAO BA;ATIVO 
906 ATACADAO - ILHEUS BR;REFORCADO 200L;ATACADAO BA;ATIVO 
906 ATACADAO - ILHEUS BR;SACOLA 29X39;ATACADAO BA;ATIVO 
906 ATACADAO - ILHEUS BR;SACOLA 29X39 ;ATACADAO BA;ATIVO 
906 ATACADAO - ILHEUS BR;SACOLA 38X48;ATACADAO BA;ATIVO 
906 ATACADAO - ILHEUS BR;SACOLA 38X48 ;ATACADAO BA;ATIVO 
906 ATACADAO - ILHEUS BR;SACOLA VERDE 38X50;ATACADAO BA;ATIVO 
906 ATACADAO - ILHEUS BR;SACOLA VERDE 40X50;ATACADAO BA;ATIVO 
932 ATACADAO - ILHEUS PRAIA;BOBINA 20X30;ATACADAO BA;ATIVO 
932 ATACADAO - ILHEUS PRAIA;BOBINA 25X35;ATACADAO BA;ATIVO 
932 ATACADAO - ILHEUS PRAIA;BOBINA 30X40;ATACADAO BA;ATIVO 
932 ATACADAO - ILHEUS PRAIA;BRAMIL LIXO 100L;ATACADAO BA;ATIVO 
932 ATACADAO - ILHEUS PRAIA;BRAMIL LIXO 100L REF ;ATACADAO BA;ATIVO 
932 ATACADAO - ILHEUS PRAIA;BRAMIL LIXO 15L;ATACADAO BA;ATIVO 
932 ATACADAO - ILHEUS PRAIA;BRAMIL LIXO 200L REF ;ATACADAO BA;ATIVO 
932 ATACADAO - ILHEUS PRAIA;BRAMIL LIXO 30L;ATACADAO BA;ATIVO 
932 ATACADAO - ILHEUS PRAIA;BRAMIL LIXO 50L ;ATACADAO BA;ATIVO 
932 ATACADAO - ILHEUS PRAIA;ECONOMICO 100L;ATACADAO BA;ATIVO 
932 ATACADAO - ILHEUS PRAIA;ECONOMICO 100L ;ATACADAO BA;ATIVO 
932 ATACADAO - ILHEUS PRAIA;ECONOMICO 15L;ATACADAO BA;ATIVO 
932 ATACADAO - ILHEUS PRAIA;ECONOMICO 30L;ATACADAO BA;ATIVO 
932 ATACADAO - ILHEUS PRAIA;ECONOMICO 50L;ATACADAO BA;ATIVO 
932 ATACADAO - ILHEUS PRAIA;HIPERROLL 100L;ATACADAO BA;ATIVO 
932 ATACADAO - ILHEUS PRAIA;HIPERROLL 15L;ATACADAO BA;ATIVO 
932 ATACADAO - ILHEUS PRAIA;HIPERROLL 30L;ATACADAO BA;ATIVO 
932 ATACADAO - ILHEUS PRAIA;HIPERROLL 50L;ATACADAO BA;ATIVO 
932 ATACADAO - ILHEUS PRAIA;REFORCADO 100L;ATACADAO BA;ATIVO 
932 ATACADAO - ILHEUS PRAIA;REFORCADO 200L;ATACADAO BA;ATIVO 
932 ATACADAO - ILHEUS PRAIA;SACOLA 29X39;ATACADAO BA;ATIVO 
932 ATACADAO - ILHEUS PRAIA;SACOLA 29X39 ;ATACADAO BA;ATIVO 
932 ATACADAO - ILHEUS PRAIA;SACOLA 38X48;ATACADAO BA;ATIVO 
932 ATACADAO - ILHEUS PRAIA;SACOLA 38X48 ;ATACADAO BA;ATIVO 
932 ATACADAO - ILHEUS PRAIA;SACOLA VERDE 38X50;ATACADAO BA;ATIVO 
932 ATACADAO - ILHEUS PRAIA;SACOLA VERDE 40X50;ATACADAO BA;ATIVO 
913 ATACADAO - IRECE;BOBINA 20X30;ATACADAO BA;ATIVO 
913 ATACADAO - IRECE;BOBINA 25X35;ATACADAO BA;ATIVO 
913 ATACADAO - IRECE;BOBINA 30X40;ATACADAO BA;ATIVO 
913 ATACADAO - IRECE;BRAMIL LIXO 100L;ATACADAO BA;ATIVO 
913 ATACADAO - IRECE;BRAMIL LIXO 100L REF ;ATACADAO BA;ATIVO 
913 ATACADAO - IRECE;BRAMIL LIXO 15L;ATACADAO BA;ATIVO 
913 ATACADAO - IRECE;BRAMIL LIXO 200L REF ;ATACADAO BA;ATIVO 
913 ATACADAO - IRECE;BRAMIL LIXO 30L;ATACADAO BA;ATIVO 
913 ATACADAO - IRECE;BRAMIL LIXO 50L ;ATACADAO BA;ATIVO 
913 ATACADAO - IRECE;ECONOMICO 100L;ATACADAO BA;ATIVO 
913 ATACADAO - IRECE;ECONOMICO 100L ;ATACADAO BA;ATIVO 
913 ATACADAO - IRECE;ECONOMICO 15L;ATACADAO BA;ATIVO 
913 ATACADAO - IRECE;ECONOMICO 30L;ATACADAO BA;ATIVO 
913 ATACADAO - IRECE;ECONOMICO 50L;ATACADAO BA;ATIVO 
913 ATACADAO - IRECE;HIPERROLL 100L;ATACADAO BA;ATIVO 
913 ATACADAO - IRECE;HIPERROLL 15L;ATACADAO BA;ATIVO 
913 ATACADAO - IRECE;HIPERROLL 30L;ATACADAO BA;ATIVO 
913 ATACADAO - IRECE;HIPERROLL 50L;ATACADAO BA;ATIVO 
913 ATACADAO - IRECE;REFORCADO 100L;ATACADAO BA;ATIVO 
913 ATACADAO - IRECE;REFORCADO 200L;ATACADAO BA;ATIVO 
913 ATACADAO - IRECE;SACOLA 29X39;ATACADAO BA;ATIVO 
913 ATACADAO - IRECE;SACOLA 29X39 ;ATACADAO BA;ATIVO 
913 ATACADAO - IRECE;SACOLA 38X48;ATACADAO BA;ATIVO 
913 ATACADAO - IRECE;SACOLA 38X48 ;ATACADAO BA;ATIVO 
913 ATACADAO - IRECE;SACOLA VERDE 38X50;ATACADAO BA;ATIVO 
913 ATACADAO - IRECE;SACOLA VERDE 40X50;ATACADAO BA;ATIVO 
741 ATACADAO - ITAPARICA;BOBINA 20X30;ATACADAO BA;ATIVO 
741 ATACADAO - ITAPARICA;BOBINA 25X35;ATACADAO BA;ATIVO 
741 ATACADAO - ITAPARICA;BOBINA 30X40;ATACADAO BA;ATIVO 
741 ATACADAO - ITAPARICA;BRAMIL LIXO 100L;ATACADAO BA;ATIVO 
741 ATACADAO - ITAPARICA;BRAMIL LIXO 100L REF ;ATACADAO BA;ATIVO 
741 ATACADAO - ITAPARICA;BRAMIL LIXO 15L;ATACADAO BA;ATIVO 
741 ATACADAO - ITAPARICA;BRAMIL LIXO 200L REF ;ATACADAO BA;ATIVO 
741 ATACADAO - ITAPARICA;BRAMIL LIXO 30L;ATACADAO BA;ATIVO 
741 ATACADAO - ITAPARICA;BRAMIL LIXO 50L ;ATACADAO BA;ATIVO 
741 ATACADAO - ITAPARICA;ECONOMICO 100L;ATACADAO BA;ATIVO 
741 ATACADAO - ITAPARICA;ECONOMICO 100L ;ATACADAO BA;ATIVO 
741 ATACADAO - ITAPARICA;ECONOMICO 15L;ATACADAO BA;ATIVO 
741 ATACADAO - ITAPARICA;ECONOMICO 30L;ATACADAO BA;ATIVO 
741 ATACADAO - ITAPARICA;ECONOMICO 50L;ATACADAO BA;ATIVO 
741 ATACADAO - ITAPARICA;HIPERROLL 100L;ATACADAO BA;ATIVO 
741 ATACADAO - ITAPARICA;HIPERROLL 15L;ATACADAO BA;ATIVO 
741 ATACADAO - ITAPARICA;HIPERROLL 30L;ATACADAO BA;ATIVO 
741 ATACADAO - ITAPARICA;HIPERROLL 50L;ATACADAO BA;ATIVO 
741 ATACADAO - ITAPARICA;REFORCADO 100L;ATACADAO BA;ATIVO 
741 ATACADAO - ITAPARICA;REFORCADO 200L;ATACADAO BA;ATIVO 
741 ATACADAO - ITAPARICA;SACOLA 29X39;ATACADAO BA;ATIVO 
741 ATACADAO - ITAPARICA;SACOLA 29X39 ;ATACADAO BA;ATIVO 
741 ATACADAO - ITAPARICA;SACOLA 38X48;ATACADAO BA;ATIVO 
741 ATACADAO - ITAPARICA;SACOLA 38X48 ;ATACADAO BA;ATIVO 
741 ATACADAO - ITAPARICA;SACOLA VERDE 38X50;ATACADAO BA;ATIVO 
741 ATACADAO - ITAPARICA;SACOLA VERDE 40X50;ATACADAO BA;ATIVO 
887 ATACADAO - JUAZEIRO;BOBINA 20X30;ATACADAO BA;ATIVO 
887 ATACADAO - JUAZEIRO;BOBINA 25X35;ATACADAO BA;ATIVO 
887 ATACADAO - JUAZEIRO;BOBINA 30X40;ATACADAO BA;ATIVO 
887 ATACADAO - JUAZEIRO;BRAMIL LIXO 100L;ATACADAO BA;ATIVO 
887 ATACADAO - JUAZEIRO;BRAMIL LIXO 100L REF ;ATACADAO BA;ATIVO 
887 ATACADAO - JUAZEIRO;BRAMIL LIXO 15L;ATACADAO BA;ATIVO 
887 ATACADAO - JUAZEIRO;BRAMIL LIXO 200L REF ;ATACADAO BA;ATIVO 
887 ATACADAO - JUAZEIRO;BRAMIL LIXO 30L;ATACADAO BA;ATIVO 
887 ATACADAO - JUAZEIRO;BRAMIL LIXO 50L ;ATACADAO BA;ATIVO 
887 ATACADAO - JUAZEIRO;ECONOMICO 100L;ATACADAO BA;ATIVO 
887 ATACADAO - JUAZEIRO;ECONOMICO 100L ;ATACADAO BA;ATIVO 
887 ATACADAO - JUAZEIRO;ECONOMICO 15L;ATACADAO BA;ATIVO 
887 ATACADAO - JUAZEIRO;ECONOMICO 30L;ATACADAO BA;ATIVO 
887 ATACADAO - JUAZEIRO;ECONOMICO 50L;ATACADAO BA;ATIVO 
887 ATACADAO - JUAZEIRO;HIPERROLL 100L;ATACADAO BA;ATIVO 
887 ATACADAO - JUAZEIRO;HIPERROLL 15L;ATACADAO BA;ATIVO 
887 ATACADAO - JUAZEIRO;HIPERROLL 30L;ATACADAO BA;ATIVO 
887 ATACADAO - JUAZEIRO;HIPERROLL 50L;ATACADAO BA;ATIVO 
887 ATACADAO - JUAZEIRO;REFORCADO 100L;ATACADAO BA;ATIVO 
887 ATACADAO - JUAZEIRO;REFORCADO 200L;ATACADAO BA;ATIVO 
887 ATACADAO - JUAZEIRO;SACOLA 29X39;ATACADAO BA;ATIVO 
887 ATACADAO - JUAZEIRO;SACOLA 29X39 ;ATACADAO BA;ATIVO 
887 ATACADAO - JUAZEIRO;SACOLA 38X48;ATACADAO BA;ATIVO 
887 ATACADAO - JUAZEIRO;SACOLA 38X48 ;ATACADAO BA;ATIVO 
887 ATACADAO - JUAZEIRO;SACOLA VERDE 38X50;ATACADAO BA;ATIVO 
887 ATACADAO - JUAZEIRO;SACOLA VERDE 40X50;ATACADAO BA;ATIVO 
824 ATACADAO - LAURO DE FREITAS CAJI;BOBINA 20X30;ATACADAO BA;ATIVO 
824 ATACADAO - LAURO DE FREITAS CAJI;BOBINA 25X35;ATACADAO BA;ATIVO 
824 ATACADAO - LAURO DE FREITAS CAJI;BOBINA 30X40;ATACADAO BA;ATIVO 
824 ATACADAO - LAURO DE FREITAS CAJI;BRAMIL LIXO 100L;ATACADAO BA;ATIVO 
824 ATACADAO - LAURO DE FREITAS CAJI;BRAMIL LIXO 100L REF ;ATACADAO BA;ATIVO 
824 ATACADAO - LAURO DE FREITAS CAJI;BRAMIL LIXO 15L;ATACADAO BA;ATIVO 
824 ATACADAO - LAURO DE FREITAS CAJI;BRAMIL LIXO 200L REF ;ATACADAO BA;ATIVO 
824 ATACADAO - LAURO DE FREITAS CAJI;BRAMIL LIXO 30L;ATACADAO BA;ATIVO 
824 ATACADAO - LAURO DE FREITAS CAJI;BRAMIL LIXO 50L ;ATACADAO BA;ATIVO 
824 ATACADAO - LAURO DE FREITAS CAJI;ECONOMICO 100L;ATACADAO BA;ATIVO 
824 ATACADAO - LAURO DE FREITAS CAJI;ECONOMICO 100L ;ATACADAO BA;ATIVO 
824 ATACADAO - LAURO DE FREITAS CAJI;ECONOMICO 15L;ATACADAO BA;ATIVO 
824 ATACADAO - LAURO DE FREITAS CAJI;ECONOMICO 30L;ATACADAO BA;ATIVO 
824 ATACADAO - LAURO DE FREITAS CAJI;ECONOMICO 50L;ATACADAO BA;ATIVO 
824 ATACADAO - LAURO DE FREITAS CAJI;HIPERROLL 100L;ATACADAO BA;ATIVO 
824 ATACADAO - LAURO DE FREITAS CAJI;HIPERROLL 15L;ATACADAO BA;ATIVO 
824 ATACADAO - LAURO DE FREITAS CAJI;HIPERROLL 30L;ATACADAO BA;ATIVO 
824 ATACADAO - LAURO DE FREITAS CAJI;HIPERROLL 50L;ATACADAO BA;ATIVO 
824 ATACADAO - LAURO DE FREITAS CAJI;REFORCADO 100L;ATACADAO BA;ATIVO 
824 ATACADAO - LAURO DE FREITAS CAJI;REFORCADO 200L;ATACADAO BA;ATIVO 
824 ATACADAO - LAURO DE FREITAS CAJI;SACOLA 29X39;ATACADAO BA;ATIVO 
824 ATACADAO - LAURO DE FREITAS CAJI;SACOLA 29X39 ;ATACADAO BA;ATIVO 
824 ATACADAO - LAURO DE FREITAS CAJI;SACOLA 38X48;ATACADAO BA;ATIVO 
824 ATACADAO - LAURO DE FREITAS CAJI;SACOLA 38X48 ;ATACADAO BA;ATIVO 
824 ATACADAO - LAURO DE FREITAS CAJI;SACOLA VERDE 38X50;ATACADAO BA;ATIVO 
824 ATACADAO - LAURO DE FREITAS CAJI;SACOLA VERDE 40X50;ATACADAO BA;ATIVO 
907 ATACADAO - LAURO DE FREITAS PORTAO;BOBINA 20X30;ATACADAO BA;ATIVO 
907 ATACADAO - LAURO DE FREITAS PORTAO;BOBINA 25X35;ATACADAO BA;ATIVO 
907 ATACADAO - LAURO DE FREITAS PORTAO;BOBINA 30X40;ATACADAO BA;ATIVO 
907 ATACADAO - LAURO DE FREITAS PORTAO;BRAMIL LIXO 100L;ATACADAO BA;ATIVO 
907 ATACADAO - LAURO DE FREITAS PORTAO;BRAMIL LIXO 100L REF ;ATACADAO BA;ATIVO 
907 ATACADAO - LAURO DE FREITAS PORTAO;BRAMIL LIXO 15L;ATACADAO BA;ATIVO 
907 ATACADAO - LAURO DE FREITAS PORTAO;BRAMIL LIXO 200L REF ;ATACADAO BA;ATIVO 
907 ATACADAO - LAURO DE FREITAS PORTAO;BRAMIL LIXO 30L;ATACADAO BA;ATIVO 
907 ATACADAO - LAURO DE FREITAS PORTAO;BRAMIL LIXO 50L ;ATACADAO BA;ATIVO 
907 ATACADAO - LAURO DE FREITAS PORTAO;ECONOMICO 100L;ATACADAO BA;ATIVO 
907 ATACADAO - LAURO DE FREITAS PORTAO;ECONOMICO 100L ;ATACADAO BA;ATIVO 
907 ATACADAO - LAURO DE FREITAS PORTAO;ECONOMICO 15L;ATACADAO BA;ATIVO 
907 ATACADAO - LAURO DE FREITAS PORTAO;ECONOMICO 30L;ATACADAO BA;ATIVO 
907 ATACADAO - LAURO DE FREITAS PORTAO;ECONOMICO 50L;ATACADAO BA;ATIVO 
907 ATACADAO - LAURO DE FREITAS PORTAO;HIPERROLL 100L;ATACADAO BA;ATIVO 
907 ATACADAO - LAURO DE FREITAS PORTAO;HIPERROLL 15L;ATACADAO BA;ATIVO 
907 ATACADAO - LAURO DE FREITAS PORTAO;HIPERROLL 30L;ATACADAO BA;ATIVO 
907 ATACADAO - LAURO DE FREITAS PORTAO;HIPERROLL 50L;ATACADAO BA;ATIVO 
907 ATACADAO - LAURO DE FREITAS PORTAO;REFORCADO 100L;ATACADAO BA;ATIVO 
907 ATACADAO - LAURO DE FREITAS PORTAO;REFORCADO 200L;ATACADAO BA;ATIVO 
907 ATACADAO - LAURO DE FREITAS PORTAO;SACOLA 29X39;ATACADAO BA;ATIVO 
907 ATACADAO - LAURO DE FREITAS PORTAO;SACOLA 29X39 ;ATACADAO BA;ATIVO 
907 ATACADAO - LAURO DE FREITAS PORTAO;SACOLA 38X48;ATACADAO BA;ATIVO 
907 ATACADAO - LAURO DE FREITAS PORTAO;SACOLA 38X48 ;ATACADAO BA;ATIVO 
907 ATACADAO - LAURO DE FREITAS PORTAO;SACOLA VERDE 38X50;ATACADAO BA;ATIVO 
907 ATACADAO - LAURO DE FREITAS PORTAO;SACOLA VERDE 40X50;ATACADAO BA;ATIVO 
902 ATACADAO - SANTO ANTONIO DE JESUS;BOBINA 20X30;ATACADAO BA;ATIVO 
902 ATACADAO - SANTO ANTONIO DE JESUS;BOBINA 25X35;ATACADAO BA;ATIVO 
902 ATACADAO - SANTO ANTONIO DE JESUS;BOBINA 30X40;ATACADAO BA;ATIVO 
902 ATACADAO - SANTO ANTONIO DE JESUS;BRAMIL LIXO 100L;ATACADAO BA;ATIVO 
902 ATACADAO - SANTO ANTONIO DE JESUS;BRAMIL LIXO 100L REF ;ATACADAO BA;ATIVO 
902 ATACADAO - SANTO ANTONIO DE JESUS;BRAMIL LIXO 15L;ATACADAO BA;ATIVO 
902 ATACADAO - SANTO ANTONIO DE JESUS;BRAMIL LIXO 200L REF ;ATACADAO BA;ATIVO 
902 ATACADAO - SANTO ANTONIO DE JESUS;BRAMIL LIXO 30L;ATACADAO BA;ATIVO 
902 ATACADAO - SANTO ANTONIO DE JESUS;BRAMIL LIXO 50L ;ATACADAO BA;ATIVO 
902 ATACADAO - SANTO ANTONIO DE JESUS;ECONOMICO 100L;ATACADAO BA;ATIVO 
902 ATACADAO - SANTO ANTONIO DE JESUS;ECONOMICO 100L ;ATACADAO BA;ATIVO 
902 ATACADAO - SANTO ANTONIO DE JESUS;ECONOMICO 15L;ATACADAO BA;ATIVO 
902 ATACADAO - SANTO ANTONIO DE JESUS;ECONOMICO 30L;ATACADAO BA;ATIVO 
902 ATACADAO - SANTO ANTONIO DE JESUS;ECONOMICO 50L;ATACADAO BA;ATIVO 
902 ATACADAO - SANTO ANTONIO DE JESUS;HIPERROLL 100L;ATACADAO BA;ATIVO 
902 ATACADAO - SANTO ANTONIO DE JESUS;HIPERROLL 15L;ATACADAO BA;ATIVO 
902 ATACADAO - SANTO ANTONIO DE JESUS;HIPERROLL 30L;ATACADAO BA;ATIVO 
902 ATACADAO - SANTO ANTONIO DE JESUS;HIPERROLL 50L;ATACADAO BA;ATIVO 
902 ATACADAO - SANTO ANTONIO DE JESUS;REFORCADO 100L;ATACADAO BA;ATIVO 
902 ATACADAO - SANTO ANTONIO DE JESUS;REFORCADO 200L;ATACADAO BA;ATIVO 
902 ATACADAO - SANTO ANTONIO DE JESUS;SACOLA 29X39;ATACADAO BA;ATIVO 
902 ATACADAO - SANTO ANTONIO DE JESUS;SACOLA 29X39 ;ATACADAO BA;ATIVO 
902 ATACADAO - SANTO ANTONIO DE JESUS;SACOLA 38X48;ATACADAO BA;ATIVO 
902 ATACADAO - SANTO ANTONIO DE JESUS;SACOLA 38X48 ;ATACADAO BA;ATIVO 
902 ATACADAO - SANTO ANTONIO DE JESUS;SACOLA VERDE 38X50;ATACADAO BA;ATIVO 
902 ATACADAO - SANTO ANTONIO DE JESUS;SACOLA VERDE 40X50;ATACADAO BA;ATIVO 
909 ATACADAO - SIMOES FILHO;BOBINA 20X30;ATACADAO BA;ATIVO 
909 ATACADAO - SIMOES FILHO;BOBINA 25X35;ATACADAO BA;ATIVO 
909 ATACADAO - SIMOES FILHO;BOBINA 30X40;ATACADAO BA;ATIVO 
909 ATACADAO - SIMOES FILHO;BRAMIL LIXO 100L;ATACADAO BA;ATIVO 
909 ATACADAO - SIMOES FILHO;BRAMIL LIXO 100L REF ;ATACADAO BA;ATIVO 
909 ATACADAO - SIMOES FILHO;BRAMIL LIXO 15L;ATACADAO BA;ATIVO 
909 ATACADAO - SIMOES FILHO;BRAMIL LIXO 200L REF ;ATACADAO BA;ATIVO 
909 ATACADAO - SIMOES FILHO;BRAMIL LIXO 30L;ATACADAO BA;ATIVO 
909 ATACADAO - SIMOES FILHO;BRAMIL LIXO 50L ;ATACADAO BA;ATIVO 
909 ATACADAO - SIMOES FILHO;ECONOMICO 100L;ATACADAO BA;ATIVO 
909 ATACADAO - SIMOES FILHO;ECONOMICO 100L ;ATACADAO BA;ATIVO 
909 ATACADAO - SIMOES FILHO;ECONOMICO 15L;ATACADAO BA;ATIVO 
909 ATACADAO - SIMOES FILHO;ECONOMICO 30L;ATACADAO BA;ATIVO 
909 ATACADAO - SIMOES FILHO;ECONOMICO 50L;ATACADAO BA;ATIVO 
909 ATACADAO - SIMOES FILHO;HIPERROLL 100L;ATACADAO BA;ATIVO 
909 ATACADAO - SIMOES FILHO;HIPERROLL 15L;ATACADAO BA;ATIVO 
909 ATACADAO - SIMOES FILHO;HIPERROLL 30L;ATACADAO BA;ATIVO 
909 ATACADAO - SIMOES FILHO;HIPERROLL 50L;ATACADAO BA;ATIVO 
909 ATACADAO - SIMOES FILHO;REFORCADO 100L;ATACADAO BA;ATIVO 
909 ATACADAO - SIMOES FILHO;REFORCADO 200L;ATACADAO BA;ATIVO 
909 ATACADAO - SIMOES FILHO;SACOLA 29X39;ATACADAO BA;ATIVO 
909 ATACADAO - SIMOES FILHO;SACOLA 29X39 ;ATACADAO BA;ATIVO 
909 ATACADAO - SIMOES FILHO;SACOLA 38X48;ATACADAO BA;ATIVO 
909 ATACADAO - SIMOES FILHO;SACOLA 38X48 ;ATACADAO BA;ATIVO 
909 ATACADAO - SIMOES FILHO;SACOLA VERDE 38X50;ATACADAO BA;ATIVO 
909 ATACADAO - SIMOES FILHO;SACOLA VERDE 40X50;ATACADAO BA;ATIVO 
916 ATACADAO - SSA ACM;BOBINA 20X30;ATACADAO BA;ATIVO 
916 ATACADAO - SSA ACM;BOBINA 25X35;ATACADAO BA;ATIVO 
916 ATACADAO - SSA ACM;BOBINA 30X40;ATACADAO BA;ATIVO 
916 ATACADAO - SSA ACM;BRAMIL LIXO 100L;ATACADAO BA;ATIVO 
916 ATACADAO - SSA ACM;BRAMIL LIXO 100L REF ;ATACADAO BA;ATIVO 
916 ATACADAO - SSA ACM;BRAMIL LIXO 15L;ATACADAO BA;ATIVO 
916 ATACADAO - SSA ACM;BRAMIL LIXO 200L REF ;ATACADAO BA;ATIVO 
916 ATACADAO - SSA ACM;BRAMIL LIXO 30L;ATACADAO BA;ATIVO 
916 ATACADAO - SSA ACM;BRAMIL LIXO 50L ;ATACADAO BA;ATIVO 
916 ATACADAO - SSA ACM;ECONOMICO 100L;ATACADAO BA;ATIVO 
916 ATACADAO - SSA ACM;ECONOMICO 100L ;ATACADAO BA;ATIVO 
916 ATACADAO - SSA ACM;ECONOMICO 15L;ATACADAO BA;ATIVO 
916 ATACADAO - SSA ACM;ECONOMICO 30L;ATACADAO BA;ATIVO 
916 ATACADAO - SSA ACM;ECONOMICO 50L;ATACADAO BA;ATIVO 
916 ATACADAO - SSA ACM;HIPERROLL 100L;ATACADAO BA;ATIVO 
916 ATACADAO - SSA ACM;HIPERROLL 15L;ATACADAO BA;ATIVO 
916 ATACADAO - SSA ACM;HIPERROLL 30L;ATACADAO BA;ATIVO 
916 ATACADAO - SSA ACM;HIPERROLL 50L;ATACADAO BA;ATIVO 
916 ATACADAO - SSA ACM;REFORCADO 100L;ATACADAO BA;ATIVO 
916 ATACADAO - SSA ACM;REFORCADO 200L;ATACADAO BA;ATIVO 
916 ATACADAO - SSA ACM;SACOLA 29X39;ATACADAO BA;ATIVO 
916 ATACADAO - SSA ACM;SACOLA 29X39 ;ATACADAO BA;ATIVO 
916 ATACADAO - SSA ACM;SACOLA 38X48;ATACADAO BA;ATIVO 
916 ATACADAO - SSA ACM;SACOLA 38X48 ;ATACADAO BA;ATIVO 
916 ATACADAO - SSA ACM;SACOLA VERDE 38X50;ATACADAO BA;ATIVO 
916 ATACADAO - SSA ACM;SACOLA VERDE 40X50;ATACADAO BA;ATIVO 
695 ATACADAO - SSA BARRA;BOBINA 20X30;ATACADAO BA;ATIVO 
695 ATACADAO - SSA BARRA;BOBINA 25X35;ATACADAO BA;ATIVO 
695 ATACADAO - SSA BARRA;BOBINA 30X40;ATACADAO BA;ATIVO 
695 ATACADAO - SSA BARRA;BRAMIL LIXO 100L;ATACADAO BA;ATIVO 
695 ATACADAO - SSA BARRA;BRAMIL LIXO 100L REF ;ATACADAO BA;ATIVO 
695 ATACADAO - SSA BARRA;BRAMIL LIXO 15L;ATACADAO BA;ATIVO 
695 ATACADAO - SSA BARRA;BRAMIL LIXO 200L REF ;ATACADAO BA;ATIVO 
695 ATACADAO - SSA BARRA;BRAMIL LIXO 30L;ATACADAO BA;ATIVO 
695 ATACADAO - SSA BARRA;BRAMIL LIXO 50L ;ATACADAO BA;ATIVO 
695 ATACADAO - SSA BARRA;ECONOMICO 100L;ATACADAO BA;ATIVO 
695 ATACADAO - SSA BARRA;ECONOMICO 100L ;ATACADAO BA;ATIVO 
695 ATACADAO - SSA BARRA;ECONOMICO 15L;ATACADAO BA;ATIVO 
695 ATACADAO - SSA BARRA;ECONOMICO 30L;ATACADAO BA;ATIVO 
695 ATACADAO - SSA BARRA;ECONOMICO 50L;ATACADAO BA;ATIVO 
695 ATACADAO - SSA BARRA;HIPERROLL 100L;ATACADAO BA;ATIVO 
695 ATACADAO - SSA BARRA;HIPERROLL 15L;ATACADAO BA;ATIVO 
695 ATACADAO - SSA BARRA;HIPERROLL 30L;ATACADAO BA;ATIVO 
695 ATACADAO - SSA BARRA;HIPERROLL 50L;ATACADAO BA;ATIVO 
695 ATACADAO - SSA BARRA;REFORCADO 100L;ATACADAO BA;ATIVO 
695 ATACADAO - SSA BARRA;REFORCADO 200L;ATACADAO BA;ATIVO 
695 ATACADAO - SSA BARRA;SACOLA 29X39;ATACADAO BA;ATIVO 
695 ATACADAO - SSA BARRA;SACOLA 29X39 ;ATACADAO BA;ATIVO 
695 ATACADAO - SSA BARRA;SACOLA 38X48;ATACADAO BA;ATIVO 
695 ATACADAO - SSA BARRA;SACOLA 38X48 ;ATACADAO BA;ATIVO 
695 ATACADAO - SSA BARRA;SACOLA VERDE 38X50;ATACADAO BA;ATIVO 
695 ATACADAO - SSA BARRA;SACOLA VERDE 40X50;ATACADAO BA;ATIVO 
919 ATACADAO - SSA BARROS REIS;BOBINA 20X30;ATACADAO BA;ATIVO 
919 ATACADAO - SSA BARROS REIS;BOBINA 25X35;ATACADAO BA;ATIVO 
919 ATACADAO - SSA BARROS REIS;BOBINA 30X40;ATACADAO BA;ATIVO 
919 ATACADAO - SSA BARROS REIS;BRAMIL LIXO 100L;ATACADAO BA;ATIVO 
919 ATACADAO - SSA BARROS REIS;BRAMIL LIXO 100L REF ;ATACADAO BA;ATIVO 
919 ATACADAO - SSA BARROS REIS;BRAMIL LIXO 15L;ATACADAO BA;ATIVO 
919 ATACADAO - SSA BARROS REIS;BRAMIL LIXO 200L REF ;ATACADAO BA;ATIVO 
919 ATACADAO - SSA BARROS REIS;BRAMIL LIXO 30L;ATACADAO BA;ATIVO 
919 ATACADAO - SSA BARROS REIS;BRAMIL LIXO 50L ;ATACADAO BA;ATIVO 
919 ATACADAO - SSA BARROS REIS;ECONOMICO 100L;ATACADAO BA;ATIVO 
919 ATACADAO - SSA BARROS REIS;ECONOMICO 100L ;ATACADAO BA;ATIVO 
919 ATACADAO - SSA BARROS REIS;ECONOMICO 15L;ATACADAO BA;ATIVO 
919 ATACADAO - SSA BARROS REIS;ECONOMICO 30L;ATACADAO BA;ATIVO 
919 ATACADAO - SSA BARROS REIS;ECONOMICO 50L;ATACADAO BA;ATIVO 
919 ATACADAO - SSA BARROS REIS;HIPERROLL 100L;ATACADAO BA;ATIVO 
919 ATACADAO - SSA BARROS REIS;HIPERROLL 15L;ATACADAO BA;ATIVO 
919 ATACADAO - SSA BARROS REIS;HIPERROLL 30L;ATACADAO BA;ATIVO 
919 ATACADAO - SSA BARROS REIS;HIPERROLL 50L;ATACADAO BA;ATIVO 
919 ATACADAO - SSA BARROS REIS;REFORCADO 100L;ATACADAO BA;ATIVO 
919 ATACADAO - SSA BARROS REIS;REFORCADO 200L;ATACADAO BA;ATIVO 
919 ATACADAO - SSA BARROS REIS;SACOLA 29X39;ATACADAO BA;ATIVO 
919 ATACADAO - SSA BARROS REIS;SACOLA 29X39 ;ATACADAO BA;ATIVO 
919 ATACADAO - SSA BARROS REIS;SACOLA 38X48;ATACADAO BA;ATIVO 
919 ATACADAO - SSA BARROS REIS;SACOLA 38X48 ;ATACADAO BA;ATIVO 
919 ATACADAO - SSA BARROS REIS;SACOLA VERDE 38X50;ATACADAO BA;ATIVO 
919 ATACADAO - SSA BARROS REIS;SACOLA VERDE 40X50;ATACADAO BA;ATIVO 
918 ATACADAO - SSA BONOCO;BOBINA 20X30;ATACADAO BA;ATIVO 
918 ATACADAO - SSA BONOCO;BOBINA 25X35;ATACADAO BA;ATIVO 
918 ATACADAO - SSA BONOCO;BOBINA 30X40;ATACADAO BA;ATIVO 
918 ATACADAO - SSA BONOCO;BRAMIL LIXO 100L;ATACADAO BA;ATIVO 
918 ATACADAO - SSA BONOCO;BRAMIL LIXO 100L REF ;ATACADAO BA;ATIVO 
918 ATACADAO - SSA BONOCO;BRAMIL LIXO 15L;ATACADAO BA;ATIVO 
918 ATACADAO - SSA BONOCO;BRAMIL LIXO 200L REF ;ATACADAO BA;ATIVO 
918 ATACADAO - SSA BONOCO;BRAMIL LIXO 30L;ATACADAO BA;ATIVO 
918 ATACADAO - SSA BONOCO;BRAMIL LIXO 50L ;ATACADAO BA;ATIVO 
918 ATACADAO - SSA BONOCO;ECONOMICO 100L;ATACADAO BA;ATIVO 
918 ATACADAO - SSA BONOCO;ECONOMICO 100L ;ATACADAO BA;ATIVO 
918 ATACADAO - SSA BONOCO;ECONOMICO 15L;ATACADAO BA;ATIVO 
918 ATACADAO - SSA BONOCO;ECONOMICO 30L;ATACADAO BA;ATIVO 
918 ATACADAO - SSA BONOCO;ECONOMICO 50L;ATACADAO BA;ATIVO 
918 ATACADAO - SSA BONOCO;HIPERROLL 100L;ATACADAO BA;ATIVO 
918 ATACADAO - SSA BONOCO;HIPERROLL 15L;ATACADAO BA;ATIVO 
918 ATACADAO - SSA BONOCO;HIPERROLL 30L;ATACADAO BA;ATIVO 
918 ATACADAO - SSA BONOCO;HIPERROLL 50L;ATACADAO BA;ATIVO 
918 ATACADAO - SSA BONOCO;REFORCADO 100L;ATACADAO BA;ATIVO 
918 ATACADAO - SSA BONOCO;REFORCADO 200L;ATACADAO BA;ATIVO 
918 ATACADAO - SSA BONOCO;SACOLA 29X39;ATACADAO BA;ATIVO 
918 ATACADAO - SSA BONOCO;SACOLA 29X39 ;ATACADAO BA;ATIVO 
918 ATACADAO - SSA BONOCO;SACOLA 38X48;ATACADAO BA;ATIVO 
918 ATACADAO - SSA BONOCO;SACOLA 38X48 ;ATACADAO BA;ATIVO 
918 ATACADAO - SSA BONOCO;SACOLA VERDE 38X50;ATACADAO BA;ATIVO 
918 ATACADAO - SSA BONOCO;SACOLA VERDE 40X50;ATACADAO BA;ATIVO 
835 ATACADAO - SSA CABULA;BOBINA 20X30;ATACADAO BA;ATIVO 
835 ATACADAO - SSA CABULA;BOBINA 25X35;ATACADAO BA;ATIVO 
835 ATACADAO - SSA CABULA;BOBINA 30X40;ATACADAO BA;ATIVO 
835 ATACADAO - SSA CABULA;BRAMIL LIXO 100L;ATACADAO BA;ATIVO 
835 ATACADAO - SSA CABULA;BRAMIL LIXO 100L REF ;ATACADAO BA;ATIVO 
835 ATACADAO - SSA CABULA;BRAMIL LIXO 15L;ATACADAO BA;ATIVO 
835 ATACADAO - SSA CABULA;BRAMIL LIXO 200L REF ;ATACADAO BA;ATIVO 
835 ATACADAO - SSA CABULA;BRAMIL LIXO 30L;ATACADAO BA;ATIVO 
835 ATACADAO - SSA CABULA;BRAMIL LIXO 50L ;ATACADAO BA;ATIVO 
835 ATACADAO - SSA CABULA;ECONOMICO 100L;ATACADAO BA;ATIVO 
835 ATACADAO - SSA CABULA;ECONOMICO 100L ;ATACADAO BA;ATIVO 
835 ATACADAO - SSA CABULA;ECONOMICO 15L;ATACADAO BA;ATIVO 
835 ATACADAO - SSA CABULA;ECONOMICO 30L;ATACADAO BA;ATIVO 
835 ATACADAO - SSA CABULA;ECONOMICO 50L;ATACADAO BA;ATIVO 
835 ATACADAO - SSA CABULA;HIPERROLL 100L;ATACADAO BA;ATIVO 
835 ATACADAO - SSA CABULA;HIPERROLL 15L;ATACADAO BA;ATIVO 
835 ATACADAO - SSA CABULA;HIPERROLL 30L;ATACADAO BA;ATIVO 
835 ATACADAO - SSA CABULA;HIPERROLL 50L;ATACADAO BA;ATIVO 
835 ATACADAO - SSA CABULA;REFORCADO 100L;ATACADAO BA;ATIVO 
835 ATACADAO - SSA CABULA;REFORCADO 200L;ATACADAO BA;ATIVO 
835 ATACADAO - SSA CABULA;SACOLA 29X39;ATACADAO BA;ATIVO 
835 ATACADAO - SSA CABULA;SACOLA 29X39 ;ATACADAO BA;ATIVO 
835 ATACADAO - SSA CABULA;SACOLA 38X48;ATACADAO BA;ATIVO 
835 ATACADAO - SSA CABULA;SACOLA 38X48 ;ATACADAO BA;ATIVO 
835 ATACADAO - SSA CABULA;SACOLA VERDE 38X50;ATACADAO BA;ATIVO 
835 ATACADAO - SSA CABULA;SACOLA VERDE 40X50;ATACADAO BA;ATIVO 
917 ATACADAO - SSA CAJAZEIRAS;BOBINA 20X30;ATACADAO BA;ATIVO 
917 ATACADAO - SSA CAJAZEIRAS;BOBINA 25X35;ATACADAO BA;ATIVO 
917 ATACADAO - SSA CAJAZEIRAS;BOBINA 30X40;ATACADAO BA;ATIVO 
917 ATACADAO - SSA CAJAZEIRAS;BRAMIL LIXO 100L;ATACADAO BA;ATIVO 
917 ATACADAO - SSA CAJAZEIRAS;BRAMIL LIXO 100L REF ;ATACADAO BA;ATIVO 
917 ATACADAO - SSA CAJAZEIRAS;BRAMIL LIXO 15L;ATACADAO BA;ATIVO 
917 ATACADAO - SSA CAJAZEIRAS;BRAMIL LIXO 200L REF ;ATACADAO BA;ATIVO 
917 ATACADAO - SSA CAJAZEIRAS;BRAMIL LIXO 30L;ATACADAO BA;ATIVO 
917 ATACADAO - SSA CAJAZEIRAS;BRAMIL LIXO 50L ;ATACADAO BA;ATIVO 
917 ATACADAO - SSA CAJAZEIRAS;ECONOMICO 100L;ATACADAO BA;ATIVO 
917 ATACADAO - SSA CAJAZEIRAS;ECONOMICO 100L ;ATACADAO BA;ATIVO 
917 ATACADAO - SSA CAJAZEIRAS;ECONOMICO 15L;ATACADAO BA;ATIVO 
917 ATACADAO - SSA CAJAZEIRAS;ECONOMICO 30L;ATACADAO BA;ATIVO 
917 ATACADAO - SSA CAJAZEIRAS;ECONOMICO 50L;ATACADAO BA;ATIVO 
917 ATACADAO - SSA CAJAZEIRAS;HIPERROLL 100L;ATACADAO BA;ATIVO 
917 ATACADAO - SSA CAJAZEIRAS;HIPERROLL 15L;ATACADAO BA;ATIVO 
917 ATACADAO - SSA CAJAZEIRAS;HIPERROLL 30L;ATACADAO BA;ATIVO 
917 ATACADAO - SSA CAJAZEIRAS;HIPERROLL 50L;ATACADAO BA;ATIVO 
917 ATACADAO - SSA CAJAZEIRAS;REFORCADO 100L;ATACADAO BA;ATIVO 
917 ATACADAO - SSA CAJAZEIRAS;REFORCADO 200L;ATACADAO BA;ATIVO 
917 ATACADAO - SSA CAJAZEIRAS;SACOLA 29X39;ATACADAO BA;ATIVO 
917 ATACADAO - SSA CAJAZEIRAS;SACOLA 29X39 ;ATACADAO BA;ATIVO 
917 ATACADAO - SSA CAJAZEIRAS;SACOLA 38X48;ATACADAO BA;ATIVO 
917 ATACADAO - SSA CAJAZEIRAS;SACOLA 38X48 ;ATACADAO BA;ATIVO 
917 ATACADAO - SSA CAJAZEIRAS;SACOLA VERDE 38X50;ATACADAO BA;ATIVO 
917 ATACADAO - SSA CAJAZEIRAS;SACOLA VERDE 40X50;ATACADAO BA;ATIVO 
942 ATACADAO - SSA CAMPINAS BROTAS;BOBINA 20X30;ATACADAO BA;ATIVO 
942 ATACADAO - SSA CAMPINAS BROTAS;BOBINA 25X35;ATACADAO BA;ATIVO 
942 ATACADAO - SSA CAMPINAS BROTAS;BOBINA 30X40;ATACADAO BA;ATIVO 
942 ATACADAO - SSA CAMPINAS BROTAS;BRAMIL LIXO 100L;ATACADAO BA;ATIVO 
942 ATACADAO - SSA CAMPINAS BROTAS;BRAMIL LIXO 100L REF ;ATACADAO BA;ATIVO 
942 ATACADAO - SSA CAMPINAS BROTAS;BRAMIL LIXO 15L;ATACADAO BA;ATIVO 
942 ATACADAO - SSA CAMPINAS BROTAS;BRAMIL LIXO 200L REF ;ATACADAO BA;ATIVO 
942 ATACADAO - SSA CAMPINAS BROTAS;BRAMIL LIXO 30L;ATACADAO BA;ATIVO 
942 ATACADAO - SSA CAMPINAS BROTAS;BRAMIL LIXO 50L ;ATACADAO BA;ATIVO 
942 ATACADAO - SSA CAMPINAS BROTAS;ECONOMICO 100L;ATACADAO BA;ATIVO 
942 ATACADAO - SSA CAMPINAS BROTAS;ECONOMICO 100L ;ATACADAO BA;ATIVO 
942 ATACADAO - SSA CAMPINAS BROTAS;ECONOMICO 15L;ATACADAO BA;ATIVO 
942 ATACADAO - SSA CAMPINAS BROTAS;ECONOMICO 30L;ATACADAO BA;ATIVO 
942 ATACADAO - SSA CAMPINAS BROTAS;ECONOMICO 50L;ATACADAO BA;ATIVO 
942 ATACADAO - SSA CAMPINAS BROTAS;HIPERROLL 100L;ATACADAO BA;ATIVO 
942 ATACADAO - SSA CAMPINAS BROTAS;HIPERROLL 15L;ATACADAO BA;ATIVO 
942 ATACADAO - SSA CAMPINAS BROTAS;HIPERROLL 30L;ATACADAO BA;ATIVO 
942 ATACADAO - SSA CAMPINAS BROTAS;HIPERROLL 50L;ATACADAO BA;ATIVO 
942 ATACADAO - SSA CAMPINAS BROTAS;REFORCADO 100L;ATACADAO BA;ATIVO 
942 ATACADAO - SSA CAMPINAS BROTAS;REFORCADO 200L;ATACADAO BA;ATIVO 
942 ATACADAO - SSA CAMPINAS BROTAS;SACOLA 29X39;ATACADAO BA;ATIVO 
942 ATACADAO - SSA CAMPINAS BROTAS;SACOLA 29X39 ;ATACADAO BA;ATIVO 
942 ATACADAO - SSA CAMPINAS BROTAS;SACOLA 38X48;ATACADAO BA;ATIVO 
942 ATACADAO - SSA CAMPINAS BROTAS;SACOLA 38X48 ;ATACADAO BA;ATIVO 
942 ATACADAO - SSA CAMPINAS BROTAS;SACOLA VERDE 38X50;ATACADAO BA;ATIVO 
942 ATACADAO - SSA CAMPINAS BROTAS;SACOLA VERDE 40X50;ATACADAO BA;ATIVO 
618 ATACADAO - SSA GARIBALDI;BOBINA 20X30;ATACADAO BA;ATIVO 
618 ATACADAO - SSA GARIBALDI;BOBINA 25X35;ATACADAO BA;ATIVO 
618 ATACADAO - SSA GARIBALDI;BOBINA 30X40;ATACADAO BA;ATIVO 
618 ATACADAO - SSA GARIBALDI;BRAMIL LIXO 100L;ATACADAO BA;ATIVO 
618 ATACADAO - SSA GARIBALDI;BRAMIL LIXO 100L REF ;ATACADAO BA;ATIVO 
618 ATACADAO - SSA GARIBALDI;BRAMIL LIXO 15L;ATACADAO BA;ATIVO 
618 ATACADAO - SSA GARIBALDI;BRAMIL LIXO 200L REF ;ATACADAO BA;ATIVO 
618 ATACADAO - SSA GARIBALDI;BRAMIL LIXO 30L;ATACADAO BA;ATIVO 
618 ATACADAO - SSA GARIBALDI;BRAMIL LIXO 50L ;ATACADAO BA;ATIVO 
618 ATACADAO - SSA GARIBALDI;ECONOMICO 100L;ATACADAO BA;ATIVO 
618 ATACADAO - SSA GARIBALDI;ECONOMICO 100L ;ATACADAO BA;ATIVO 
618 ATACADAO - SSA GARIBALDI;ECONOMICO 15L;ATACADAO BA;ATIVO 
618 ATACADAO - SSA GARIBALDI;ECONOMICO 30L;ATACADAO BA;ATIVO 
618 ATACADAO - SSA GARIBALDI;ECONOMICO 50L;ATACADAO BA;ATIVO 
618 ATACADAO - SSA GARIBALDI;HIPERROLL 100L;ATACADAO BA;ATIVO 
618 ATACADAO - SSA GARIBALDI;HIPERROLL 15L;ATACADAO BA;ATIVO 
618 ATACADAO - SSA GARIBALDI;HIPERROLL 30L;ATACADAO BA;ATIVO 
618 ATACADAO - SSA GARIBALDI;HIPERROLL 50L;ATACADAO BA;ATIVO 
618 ATACADAO - SSA GARIBALDI;REFORCADO 100L;ATACADAO BA;ATIVO 
618 ATACADAO - SSA GARIBALDI;REFORCADO 200L;ATACADAO BA;ATIVO 
618 ATACADAO - SSA GARIBALDI;SACOLA 29X39;ATACADAO BA;ATIVO 
618 ATACADAO - SSA GARIBALDI;SACOLA 29X39 ;ATACADAO BA;ATIVO 
618 ATACADAO - SSA GARIBALDI;SACOLA 38X48;ATACADAO BA;ATIVO 
618 ATACADAO - SSA GARIBALDI;SACOLA 38X48 ;ATACADAO BA;ATIVO 
618 ATACADAO - SSA GARIBALDI;SACOLA VERDE 38X50;ATACADAO BA;ATIVO 
618 ATACADAO - SSA GARIBALDI;SACOLA VERDE 40X50;ATACADAO BA;ATIVO 
920 ATACADAO - SSA IGUATEMI;BOBINA 20X30;ATACADAO BA;ATIVO 
920 ATACADAO - SSA IGUATEMI;BOBINA 25X35;ATACADAO BA;ATIVO 
920 ATACADAO - SSA IGUATEMI;BOBINA 30X40;ATACADAO BA;ATIVO 
920 ATACADAO - SSA IGUATEMI;BRAMIL LIXO 100L;ATACADAO BA;ATIVO 
920 ATACADAO - SSA IGUATEMI;BRAMIL LIXO 100L REF ;ATACADAO BA;ATIVO 
920 ATACADAO - SSA IGUATEMI;BRAMIL LIXO 15L;ATACADAO BA;ATIVO 
920 ATACADAO - SSA IGUATEMI;BRAMIL LIXO 200L REF ;ATACADAO BA;ATIVO 
920 ATACADAO - SSA IGUATEMI;BRAMIL LIXO 30L;ATACADAO BA;ATIVO 
920 ATACADAO - SSA IGUATEMI;BRAMIL LIXO 50L ;ATACADAO BA;ATIVO 
920 ATACADAO - SSA IGUATEMI;ECONOMICO 100L;ATACADAO BA;ATIVO 
920 ATACADAO - SSA IGUATEMI;ECONOMICO 100L ;ATACADAO BA;ATIVO 
920 ATACADAO - SSA IGUATEMI;ECONOMICO 15L;ATACADAO BA;ATIVO 
920 ATACADAO - SSA IGUATEMI;ECONOMICO 30L;ATACADAO BA;ATIVO 
920 ATACADAO - SSA IGUATEMI;ECONOMICO 50L;ATACADAO BA;ATIVO 
920 ATACADAO - SSA IGUATEMI;HIPERROLL 100L;ATACADAO BA;ATIVO 
920 ATACADAO - SSA IGUATEMI;HIPERROLL 15L;ATACADAO BA;ATIVO 
920 ATACADAO - SSA IGUATEMI;HIPERROLL 30L;ATACADAO BA;ATIVO 
920 ATACADAO - SSA IGUATEMI;HIPERROLL 50L;ATACADAO BA;ATIVO 
920 ATACADAO - SSA IGUATEMI;REFORCADO 100L;ATACADAO BA;ATIVO 
920 ATACADAO - SSA IGUATEMI;REFORCADO 200L;ATACADAO BA;ATIVO 
920 ATACADAO - SSA IGUATEMI;SACOLA 29X39;ATACADAO BA;ATIVO 
920 ATACADAO - SSA IGUATEMI;SACOLA 29X39 ;ATACADAO BA;ATIVO 
920 ATACADAO - SSA IGUATEMI;SACOLA 38X48;ATACADAO BA;ATIVO 
920 ATACADAO - SSA IGUATEMI;SACOLA 38X48 ;ATACADAO BA;ATIVO 
920 ATACADAO - SSA IGUATEMI;SACOLA VERDE 38X50;ATACADAO BA;ATIVO 
920 ATACADAO - SSA IGUATEMI;SACOLA VERDE 40X50;ATACADAO BA;ATIVO 
742 ATACADAO - SSA ITAPUA;BOBINA 20X30;ATACADAO BA;ATIVO 
742 ATACADAO - SSA ITAPUA;BOBINA 25X35;ATACADAO BA;ATIVO 
742 ATACADAO - SSA ITAPUA;BOBINA 30X40;ATACADAO BA;ATIVO 
742 ATACADAO - SSA ITAPUA;BRAMIL LIXO 100L;ATACADAO BA;ATIVO 
742 ATACADAO - SSA ITAPUA;BRAMIL LIXO 100L REF ;ATACADAO BA;ATIVO 
742 ATACADAO - SSA ITAPUA;BRAMIL LIXO 15L;ATACADAO BA;ATIVO 
742 ATACADAO - SSA ITAPUA;BRAMIL LIXO 200L REF ;ATACADAO BA;ATIVO 
742 ATACADAO - SSA ITAPUA;BRAMIL LIXO 30L;ATACADAO BA;ATIVO 
742 ATACADAO - SSA ITAPUA;BRAMIL LIXO 50L ;ATACADAO BA;ATIVO 
742 ATACADAO - SSA ITAPUA;ECONOMICO 100L;ATACADAO BA;ATIVO 
742 ATACADAO - SSA ITAPUA;ECONOMICO 100L ;ATACADAO BA;ATIVO 
742 ATACADAO - SSA ITAPUA;ECONOMICO 15L;ATACADAO BA;ATIVO 
742 ATACADAO - SSA ITAPUA;ECONOMICO 30L;ATACADAO BA;ATIVO 
742 ATACADAO - SSA ITAPUA;ECONOMICO 50L;ATACADAO BA;ATIVO 
742 ATACADAO - SSA ITAPUA;HIPERROLL 100L;ATACADAO BA;ATIVO 
742 ATACADAO - SSA ITAPUA;HIPERROLL 15L;ATACADAO BA;ATIVO 
742 ATACADAO - SSA ITAPUA;HIPERROLL 30L;ATACADAO BA;ATIVO 
742 ATACADAO - SSA ITAPUA;HIPERROLL 50L;ATACADAO BA;ATIVO 
742 ATACADAO - SSA ITAPUA;REFORCADO 100L;ATACADAO BA;ATIVO 
742 ATACADAO - SSA ITAPUA;REFORCADO 200L;ATACADAO BA;ATIVO 
742 ATACADAO - SSA ITAPUA;SACOLA 29X39;ATACADAO BA;ATIVO 
742 ATACADAO - SSA ITAPUA;SACOLA 29X39 ;ATACADAO BA;ATIVO 
742 ATACADAO - SSA ITAPUA;SACOLA 38X48;ATACADAO BA;ATIVO 
742 ATACADAO - SSA ITAPUA;SACOLA 38X48 ;ATACADAO BA;ATIVO 
742 ATACADAO - SSA ITAPUA;SACOLA VERDE 38X50;ATACADAO BA;ATIVO 
742 ATACADAO - SSA ITAPUA;SACOLA VERDE 40X50;ATACADAO BA;ATIVO 
851 ATACADAO - SSA MARES;BOBINA 20X30;ATACADAO BA;ATIVO 
851 ATACADAO - SSA MARES;BOBINA 25X35;ATACADAO BA;ATIVO 
851 ATACADAO - SSA MARES;BOBINA 30X40;ATACADAO BA;ATIVO 
851 ATACADAO - SSA MARES;BRAMIL LIXO 100L;ATACADAO BA;ATIVO 
851 ATACADAO - SSA MARES;BRAMIL LIXO 100L REF ;ATACADAO BA;ATIVO 
851 ATACADAO - SSA MARES;BRAMIL LIXO 15L;ATACADAO BA;ATIVO 
851 ATACADAO - SSA MARES;BRAMIL LIXO 200L REF ;ATACADAO BA;ATIVO 
851 ATACADAO - SSA MARES;BRAMIL LIXO 30L;ATACADAO BA;ATIVO 
851 ATACADAO - SSA MARES;BRAMIL LIXO 50L ;ATACADAO BA;ATIVO 
851 ATACADAO - SSA MARES;ECONOMICO 100L;ATACADAO BA;ATIVO 
851 ATACADAO - SSA MARES;ECONOMICO 100L ;ATACADAO BA;ATIVO 
851 ATACADAO - SSA MARES;ECONOMICO 15L;ATACADAO BA;ATIVO 
851 ATACADAO - SSA MARES;ECONOMICO 30L;ATACADAO BA;ATIVO 
851 ATACADAO - SSA MARES;ECONOMICO 50L;ATACADAO BA;ATIVO 
851 ATACADAO - SSA MARES;HIPERROLL 100L;ATACADAO BA;ATIVO 
851 ATACADAO - SSA MARES;HIPERROLL 15L;ATACADAO BA;ATIVO 
851 ATACADAO - SSA MARES;HIPERROLL 30L;ATACADAO BA;ATIVO 
851 ATACADAO - SSA MARES;HIPERROLL 50L;ATACADAO BA;ATIVO 
851 ATACADAO - SSA MARES;REFORCADO 100L;ATACADAO BA;ATIVO 
851 ATACADAO - SSA MARES;REFORCADO 200L;ATACADAO BA;ATIVO 
851 ATACADAO - SSA MARES;SACOLA 29X39;ATACADAO BA;ATIVO 
851 ATACADAO - SSA MARES;SACOLA 29X39 ;ATACADAO BA;ATIVO 
851 ATACADAO - SSA MARES;SACOLA 38X48;ATACADAO BA;ATIVO 
851 ATACADAO - SSA MARES;SACOLA 38X48 ;ATACADAO BA;ATIVO 
851 ATACADAO - SSA MARES;SACOLA VERDE 38X50;ATACADAO BA;ATIVO 
851 ATACADAO - SSA MARES;SACOLA VERDE 40X50;ATACADAO BA;ATIVO 
921 ATACADAO - SSA MATA ESCURA;BOBINA 20X30;ATACADAO BA;ATIVO 
921 ATACADAO - SSA MATA ESCURA;BOBINA 25X35;ATACADAO BA;ATIVO 
921 ATACADAO - SSA MATA ESCURA;BOBINA 30X40;ATACADAO BA;ATIVO 
921 ATACADAO - SSA MATA ESCURA;BRAMIL LIXO 100L;ATACADAO BA;ATIVO 
921 ATACADAO - SSA MATA ESCURA;BRAMIL LIXO 100L REF ;ATACADAO BA;ATIVO 
921 ATACADAO - SSA MATA ESCURA;BRAMIL LIXO 15L;ATACADAO BA;ATIVO 
921 ATACADAO - SSA MATA ESCURA;BRAMIL LIXO 200L REF ;ATACADAO BA;ATIVO 
921 ATACADAO - SSA MATA ESCURA;BRAMIL LIXO 30L;ATACADAO BA;ATIVO 
921 ATACADAO - SSA MATA ESCURA;BRAMIL LIXO 50L ;ATACADAO BA;ATIVO 
921 ATACADAO - SSA MATA ESCURA;ECONOMICO 100L;ATACADAO BA;ATIVO 
921 ATACADAO - SSA MATA ESCURA;ECONOMICO 100L ;ATACADAO BA;ATIVO 
921 ATACADAO - SSA MATA ESCURA;ECONOMICO 15L;ATACADAO BA;ATIVO 
921 ATACADAO - SSA MATA ESCURA;ECONOMICO 30L;ATACADAO BA;ATIVO 
921 ATACADAO - SSA MATA ESCURA;ECONOMICO 50L;ATACADAO BA;ATIVO 
921 ATACADAO - SSA MATA ESCURA;HIPERROLL 100L;ATACADAO BA;ATIVO 
921 ATACADAO - SSA MATA ESCURA;HIPERROLL 15L;ATACADAO BA;ATIVO 
921 ATACADAO - SSA MATA ESCURA;HIPERROLL 30L;ATACADAO BA;ATIVO 
921 ATACADAO - SSA MATA ESCURA;HIPERROLL 50L;ATACADAO BA;ATIVO 
921 ATACADAO - SSA MATA ESCURA;REFORCADO 100L;ATACADAO BA;ATIVO 
921 ATACADAO - SSA MATA ESCURA;REFORCADO 200L;ATACADAO BA;ATIVO 
921 ATACADAO - SSA MATA ESCURA;SACOLA 29X39;ATACADAO BA;ATIVO 
921 ATACADAO - SSA MATA ESCURA;SACOLA 29X39 ;ATACADAO BA;ATIVO 
921 ATACADAO - SSA MATA ESCURA;SACOLA 38X48;ATACADAO BA;ATIVO 
921 ATACADAO - SSA MATA ESCURA;SACOLA 38X48 ;ATACADAO BA;ATIVO 
921 ATACADAO - SSA MATA ESCURA;SACOLA VERDE 38X50;ATACADAO BA;ATIVO 
921 ATACADAO - SSA MATA ESCURA;SACOLA VERDE 40X50;ATACADAO BA;ATIVO 
841 ATACADAO - SSA PAU DA LIMA;BOBINA 20X30;ATACADAO BA;ATIVO 
841 ATACADAO - SSA PAU DA LIMA;BOBINA 25X35;ATACADAO BA;ATIVO 
841 ATACADAO - SSA PAU DA LIMA;BOBINA 30X40;ATACADAO BA;ATIVO 
841 ATACADAO - SSA PAU DA LIMA;BRAMIL LIXO 100L;ATACADAO BA;ATIVO 
841 ATACADAO - SSA PAU DA LIMA;BRAMIL LIXO 100L REF ;ATACADAO BA;ATIVO 
841 ATACADAO - SSA PAU DA LIMA;BRAMIL LIXO 15L;ATACADAO BA;ATIVO 
841 ATACADAO - SSA PAU DA LIMA;BRAMIL LIXO 200L REF ;ATACADAO BA;ATIVO 
841 ATACADAO - SSA PAU DA LIMA;BRAMIL LIXO 30L;ATACADAO BA;ATIVO 
841 ATACADAO - SSA PAU DA LIMA;BRAMIL LIXO 50L ;ATACADAO BA;ATIVO 
841 ATACADAO - SSA PAU DA LIMA;ECONOMICO 100L;ATACADAO BA;ATIVO 
841 ATACADAO - SSA PAU DA LIMA;ECONOMICO 100L ;ATACADAO BA;ATIVO 
841 ATACADAO - SSA PAU DA LIMA;ECONOMICO 15L;ATACADAO BA;ATIVO 
841 ATACADAO - SSA PAU DA LIMA;ECONOMICO 30L;ATACADAO BA;ATIVO 
841 ATACADAO - SSA PAU DA LIMA;ECONOMICO 50L;ATACADAO BA;ATIVO 
841 ATACADAO - SSA PAU DA LIMA;HIPERROLL 100L;ATACADAO BA;ATIVO 
841 ATACADAO - SSA PAU DA LIMA;HIPERROLL 15L;ATACADAO BA;ATIVO 
841 ATACADAO - SSA PAU DA LIMA;HIPERROLL 30L;ATACADAO BA;ATIVO 
841 ATACADAO - SSA PAU DA LIMA;HIPERROLL 50L;ATACADAO BA;ATIVO 
841 ATACADAO - SSA PAU DA LIMA;REFORCADO 100L;ATACADAO BA;ATIVO 
841 ATACADAO - SSA PAU DA LIMA;REFORCADO 200L;ATACADAO BA;ATIVO 
841 ATACADAO - SSA PAU DA LIMA;SACOLA 29X39;ATACADAO BA;ATIVO 
841 ATACADAO - SSA PAU DA LIMA;SACOLA 29X39 ;ATACADAO BA;ATIVO 
841 ATACADAO - SSA PAU DA LIMA;SACOLA 38X48;ATACADAO BA;ATIVO 
841 ATACADAO - SSA PAU DA LIMA;SACOLA 38X48 ;ATACADAO BA;ATIVO 
841 ATACADAO - SSA PAU DA LIMA;SACOLA VERDE 38X50;ATACADAO BA;ATIVO 
841 ATACADAO - SSA PAU DA LIMA;SACOLA VERDE 40X50;ATACADAO BA;ATIVO 
925 ATACADAO - SSA PIRAJA;BOBINA 20X30;ATACADAO BA;ATIVO 
925 ATACADAO - SSA PIRAJA;BOBINA 25X35;ATACADAO BA;ATIVO 
925 ATACADAO - SSA PIRAJA;BOBINA 30X40;ATACADAO BA;ATIVO 
925 ATACADAO - SSA PIRAJA;BRAMIL LIXO 100L;ATACADAO BA;ATIVO 
925 ATACADAO - SSA PIRAJA;BRAMIL LIXO 100L REF ;ATACADAO BA;ATIVO 
925 ATACADAO - SSA PIRAJA;BRAMIL LIXO 15L;ATACADAO BA;ATIVO 
925 ATACADAO - SSA PIRAJA;BRAMIL LIXO 200L REF ;ATACADAO BA;ATIVO 
925 ATACADAO - SSA PIRAJA;BRAMIL LIXO 30L;ATACADAO BA;ATIVO 
925 ATACADAO - SSA PIRAJA;BRAMIL LIXO 50L ;ATACADAO BA;ATIVO 
925 ATACADAO - SSA PIRAJA;ECONOMICO 100L;ATACADAO BA;ATIVO 
925 ATACADAO - SSA PIRAJA;ECONOMICO 100L ;ATACADAO BA;ATIVO 
925 ATACADAO - SSA PIRAJA;ECONOMICO 15L;ATACADAO BA;ATIVO 
925 ATACADAO - SSA PIRAJA;ECONOMICO 30L;ATACADAO BA;ATIVO 
925 ATACADAO - SSA PIRAJA;ECONOMICO 50L;ATACADAO BA;ATIVO 
925 ATACADAO - SSA PIRAJA;HIPERROLL 100L;ATACADAO BA;ATIVO 
925 ATACADAO - SSA PIRAJA;HIPERROLL 15L;ATACADAO BA;ATIVO 
925 ATACADAO - SSA PIRAJA;HIPERROLL 30L;ATACADAO BA;ATIVO 
925 ATACADAO - SSA PIRAJA;HIPERROLL 50L;ATACADAO BA;ATIVO 
925 ATACADAO - SSA PIRAJA;REFORCADO 100L;ATACADAO BA;ATIVO 
925 ATACADAO - SSA PIRAJA;REFORCADO 200L;ATACADAO BA;ATIVO 
925 ATACADAO - SSA PIRAJA;SACOLA 29X39;ATACADAO BA;ATIVO 
925 ATACADAO - SSA PIRAJA;SACOLA 29X39 ;ATACADAO BA;ATIVO 
925 ATACADAO - SSA PIRAJA;SACOLA 38X48;ATACADAO BA;ATIVO 
925 ATACADAO - SSA PIRAJA;SACOLA 38X48 ;ATACADAO BA;ATIVO 
925 ATACADAO - SSA PIRAJA;SACOLA VERDE 38X50;ATACADAO BA;ATIVO 
925 ATACADAO - SSA PIRAJA;SACOLA VERDE 40X50;ATACADAO BA;ATIVO 
341 ATACADAO - SSA PIRAJA CD;BOBINA 20X30;ATACADAO BA;ATIVO 
341 ATACADAO - SSA PIRAJA CD;BOBINA 25X35;ATACADAO BA;ATIVO 
341 ATACADAO - SSA PIRAJA CD;BOBINA 30X40;ATACADAO BA;ATIVO 
341 ATACADAO - SSA PIRAJA CD;BRAMIL LIXO 100L;ATACADAO BA;ATIVO 
341 ATACADAO - SSA PIRAJA CD;BRAMIL LIXO 100L REF ;ATACADAO BA;ATIVO 
341 ATACADAO - SSA PIRAJA CD;BRAMIL LIXO 15L;ATACADAO BA;ATIVO 
341 ATACADAO - SSA PIRAJA CD;BRAMIL LIXO 200L REF ;ATACADAO BA;ATIVO 
341 ATACADAO - SSA PIRAJA CD;BRAMIL LIXO 30L;ATACADAO BA;ATIVO 
341 ATACADAO - SSA PIRAJA CD;BRAMIL LIXO 50L ;ATACADAO BA;ATIVO 
341 ATACADAO - SSA PIRAJA CD;ECONOMICO 100L;ATACADAO BA;ATIVO 
341 ATACADAO - SSA PIRAJA CD;ECONOMICO 100L ;ATACADAO BA;ATIVO 
341 ATACADAO - SSA PIRAJA CD;ECONOMICO 15L;ATACADAO BA;ATIVO 
341 ATACADAO - SSA PIRAJA CD;ECONOMICO 30L;ATACADAO BA;ATIVO 
341 ATACADAO - SSA PIRAJA CD;ECONOMICO 50L;ATACADAO BA;ATIVO 
341 ATACADAO - SSA PIRAJA CD;HIPERROLL 100L;ATACADAO BA;ATIVO 
341 ATACADAO - SSA PIRAJA CD;HIPERROLL 15L;ATACADAO BA;ATIVO 
341 ATACADAO - SSA PIRAJA CD;HIPERROLL 30L;ATACADAO BA;ATIVO 
341 ATACADAO - SSA PIRAJA CD;HIPERROLL 50L;ATACADAO BA;ATIVO 
341 ATACADAO - SSA PIRAJA CD;REFORCADO 100L;ATACADAO BA;ATIVO 
341 ATACADAO - SSA PIRAJA CD;REFORCADO 200L;ATACADAO BA;ATIVO 
341 ATACADAO - SSA PIRAJA CD;SACOLA 29X39;ATACADAO BA;ATIVO 
341 ATACADAO - SSA PIRAJA CD;SACOLA 29X39 ;ATACADAO BA;ATIVO 
341 ATACADAO - SSA PIRAJA CD;SACOLA 38X48;ATACADAO BA;ATIVO 
341 ATACADAO - SSA PIRAJA CD;SACOLA 38X48 ;ATACADAO BA;ATIVO 
341 ATACADAO - SSA PIRAJA CD;SACOLA VERDE 38X50;ATACADAO BA;ATIVO 
341 ATACADAO - SSA PIRAJA CD;SACOLA VERDE 40X50;ATACADAO BA;ATIVO 
696 ATACADAO - SSA PITUBA;BOBINA 20X30;ATACADAO BA;ATIVO 
696 ATACADAO - SSA PITUBA;BOBINA 25X35;ATACADAO BA;ATIVO 
696 ATACADAO - SSA PITUBA;BOBINA 30X40;ATACADAO BA;ATIVO 
696 ATACADAO - SSA PITUBA;BRAMIL LIXO 100L;ATACADAO BA;ATIVO 
696 ATACADAO - SSA PITUBA;BRAMIL LIXO 100L REF ;ATACADAO BA;ATIVO 
696 ATACADAO - SSA PITUBA;BRAMIL LIXO 15L;ATACADAO BA;ATIVO 
696 ATACADAO - SSA PITUBA;BRAMIL LIXO 200L REF ;ATACADAO BA;ATIVO 
696 ATACADAO - SSA PITUBA;BRAMIL LIXO 30L;ATACADAO BA;ATIVO 
696 ATACADAO - SSA PITUBA;BRAMIL LIXO 50L ;ATACADAO BA;ATIVO 
696 ATACADAO - SSA PITUBA;ECONOMICO 100L;ATACADAO BA;ATIVO 
696 ATACADAO - SSA PITUBA;ECONOMICO 100L ;ATACADAO BA;ATIVO 
696 ATACADAO - SSA PITUBA;ECONOMICO 15L;ATACADAO BA;ATIVO 
696 ATACADAO - SSA PITUBA;ECONOMICO 30L;ATACADAO BA;ATIVO 
696 ATACADAO - SSA PITUBA;ECONOMICO 50L;ATACADAO BA;ATIVO 
696 ATACADAO - SSA PITUBA;HIPERROLL 100L;ATACADAO BA;ATIVO 
696 ATACADAO - SSA PITUBA;HIPERROLL 15L;ATACADAO BA;ATIVO 
696 ATACADAO - SSA PITUBA;HIPERROLL 30L;ATACADAO BA;ATIVO 
696 ATACADAO - SSA PITUBA;HIPERROLL 50L;ATACADAO BA;ATIVO 
696 ATACADAO - SSA PITUBA;REFORCADO 100L;ATACADAO BA;ATIVO 
696 ATACADAO - SSA PITUBA;REFORCADO 200L;ATACADAO BA;ATIVO 
696 ATACADAO - SSA PITUBA;SACOLA 29X39;ATACADAO BA;ATIVO 
696 ATACADAO - SSA PITUBA;SACOLA 29X39 ;ATACADAO BA;ATIVO 
696 ATACADAO - SSA PITUBA;SACOLA 38X48;ATACADAO BA;ATIVO 
696 ATACADAO - SSA PITUBA;SACOLA 38X48 ;ATACADAO BA;ATIVO 
696 ATACADAO - SSA PITUBA;SACOLA VERDE 38X50;ATACADAO BA;ATIVO 
696 ATACADAO - SSA PITUBA;SACOLA VERDE 40X50;ATACADAO BA;ATIVO 
923 ATACADAO - SSA TROBOGY;BOBINA 20X30;ATACADAO BA;ATIVO 
923 ATACADAO - SSA TROBOGY;BOBINA 25X35;ATACADAO BA;ATIVO 
923 ATACADAO - SSA TROBOGY;BOBINA 30X40;ATACADAO BA;ATIVO 
923 ATACADAO - SSA TROBOGY;BRAMIL LIXO 100L;ATACADAO BA;ATIVO 
923 ATACADAO - SSA TROBOGY;BRAMIL LIXO 100L REF ;ATACADAO BA;ATIVO 
923 ATACADAO - SSA TROBOGY;BRAMIL LIXO 15L;ATACADAO BA;ATIVO 
923 ATACADAO - SSA TROBOGY;BRAMIL LIXO 200L REF ;ATACADAO BA;ATIVO 
923 ATACADAO - SSA TROBOGY;BRAMIL LIXO 30L;ATACADAO BA;ATIVO 
923 ATACADAO - SSA TROBOGY;BRAMIL LIXO 50L ;ATACADAO BA;ATIVO 
923 ATACADAO - SSA TROBOGY;ECONOMICO 100L;ATACADAO BA;ATIVO 
923 ATACADAO - SSA TROBOGY;ECONOMICO 100L ;ATACADAO BA;ATIVO 
923 ATACADAO - SSA TROBOGY;ECONOMICO 15L;ATACADAO BA;ATIVO 
923 ATACADAO - SSA TROBOGY;ECONOMICO 30L;ATACADAO BA;ATIVO 
923 ATACADAO - SSA TROBOGY;ECONOMICO 50L;ATACADAO BA;ATIVO 
923 ATACADAO - SSA TROBOGY;HIPERROLL 100L;ATACADAO BA;ATIVO 
923 ATACADAO - SSA TROBOGY;HIPERROLL 15L;ATACADAO BA;ATIVO 
923 ATACADAO - SSA TROBOGY;HIPERROLL 30L;ATACADAO BA;ATIVO 
923 ATACADAO - SSA TROBOGY;HIPERROLL 50L;ATACADAO BA;ATIVO 
923 ATACADAO - SSA TROBOGY;REFORCADO 100L;ATACADAO BA;ATIVO 
923 ATACADAO - SSA TROBOGY;REFORCADO 200L;ATACADAO BA;ATIVO 
923 ATACADAO - SSA TROBOGY;SACOLA 29X39;ATACADAO BA;ATIVO 
923 ATACADAO - SSA TROBOGY;SACOLA 29X39 ;ATACADAO BA;ATIVO 
923 ATACADAO - SSA TROBOGY;SACOLA 38X48;ATACADAO BA;ATIVO 
923 ATACADAO - SSA TROBOGY;SACOLA 38X48 ;ATACADAO BA;ATIVO 
923 ATACADAO - SSA TROBOGY;SACOLA VERDE 38X50;ATACADAO BA;ATIVO 
923 ATACADAO - SSA TROBOGY;SACOLA VERDE 40X50;ATACADAO BA;ATIVO 
910 ATACADAO - TEXEIRA DE FREITAS;BOBINA 20X30;ATACADAO BA;ATIVO 
910 ATACADAO - TEXEIRA DE FREITAS;BOBINA 25X35;ATACADAO BA;ATIVO 
910 ATACADAO - TEXEIRA DE FREITAS;BOBINA 30X40;ATACADAO BA;ATIVO 
910 ATACADAO - TEXEIRA DE FREITAS;BRAMIL LIXO 100L;ATACADAO BA;ATIVO 
910 ATACADAO - TEXEIRA DE FREITAS;BRAMIL LIXO 100L REF ;ATACADAO BA;ATIVO 
910 ATACADAO - TEXEIRA DE FREITAS;BRAMIL LIXO 15L;ATACADAO BA;ATIVO 
910 ATACADAO - TEXEIRA DE FREITAS;BRAMIL LIXO 200L REF ;ATACADAO BA;ATIVO 
910 ATACADAO - TEXEIRA DE FREITAS;BRAMIL LIXO 30L;ATACADAO BA;ATIVO 
910 ATACADAO - TEXEIRA DE FREITAS;BRAMIL LIXO 50L ;ATACADAO BA;ATIVO 
910 ATACADAO - TEXEIRA DE FREITAS;ECONOMICO 100L;ATACADAO BA;ATIVO 
910 ATACADAO - TEXEIRA DE FREITAS;ECONOMICO 100L ;ATACADAO BA;ATIVO 
910 ATACADAO - TEXEIRA DE FREITAS;ECONOMICO 15L;ATACADAO BA;ATIVO 
910 ATACADAO - TEXEIRA DE FREITAS;ECONOMICO 30L;ATACADAO BA;ATIVO 
910 ATACADAO - TEXEIRA DE FREITAS;ECONOMICO 50L;ATACADAO BA;ATIVO 
910 ATACADAO - TEXEIRA DE FREITAS;HIPERROLL 100L;ATACADAO BA;ATIVO 
910 ATACADAO - TEXEIRA DE FREITAS;HIPERROLL 15L;ATACADAO BA;ATIVO 
910 ATACADAO - TEXEIRA DE FREITAS;HIPERROLL 30L;ATACADAO BA;ATIVO 
910 ATACADAO - TEXEIRA DE FREITAS;HIPERROLL 50L;ATACADAO BA;ATIVO 
910 ATACADAO - TEXEIRA DE FREITAS;REFORCADO 100L;ATACADAO BA;ATIVO 
910 ATACADAO - TEXEIRA DE FREITAS;REFORCADO 200L;ATACADAO BA;ATIVO 
910 ATACADAO - TEXEIRA DE FREITAS;SACOLA 29X39;ATACADAO BA;ATIVO 
910 ATACADAO - TEXEIRA DE FREITAS;SACOLA 29X39 ;ATACADAO BA;ATIVO 
910 ATACADAO - TEXEIRA DE FREITAS;SACOLA 38X48;ATACADAO BA;ATIVO 
910 ATACADAO - TEXEIRA DE FREITAS;SACOLA 38X48 ;ATACADAO BA;ATIVO 
910 ATACADAO - TEXEIRA DE FREITAS;SACOLA VERDE 38X50;ATACADAO BA;ATIVO 
910 ATACADAO - TEXEIRA DE FREITAS;SACOLA VERDE 40X50;ATACADAO BA;ATIVO 
896 ATACADAO - VALENCA;BOBINA 20X30;ATACADAO BA;ATIVO 
896 ATACADAO - VALENCA;BOBINA 25X35;ATACADAO BA;ATIVO 
896 ATACADAO - VALENCA;BOBINA 30X40;ATACADAO BA;ATIVO 
896 ATACADAO - VALENCA;BRAMIL LIXO 100L;ATACADAO BA;ATIVO 
896 ATACADAO - VALENCA;BRAMIL LIXO 100L REF ;ATACADAO BA;ATIVO 
896 ATACADAO - VALENCA;BRAMIL LIXO 15L;ATACADAO BA;ATIVO 
896 ATACADAO - VALENCA;BRAMIL LIXO 200L REF ;ATACADAO BA;ATIVO 
896 ATACADAO - VALENCA;BRAMIL LIXO 30L;ATACADAO BA;ATIVO 
896 ATACADAO - VALENCA;BRAMIL LIXO 50L ;ATACADAO BA;ATIVO 
896 ATACADAO - VALENCA;ECONOMICO 100L;ATACADAO BA;ATIVO 
896 ATACADAO - VALENCA;ECONOMICO 100L ;ATACADAO BA;ATIVO 
896 ATACADAO - VALENCA;ECONOMICO 15L;ATACADAO BA;ATIVO 
896 ATACADAO - VALENCA;ECONOMICO 30L;ATACADAO BA;ATIVO 
896 ATACADAO - VALENCA;ECONOMICO 50L;ATACADAO BA;ATIVO 
896 ATACADAO - VALENCA;HIPERROLL 100L;ATACADAO BA;ATIVO 
896 ATACADAO - VALENCA;HIPERROLL 15L;ATACADAO BA;ATIVO 
896 ATACADAO - VALENCA;HIPERROLL 30L;ATACADAO BA;ATIVO 
896 ATACADAO - VALENCA;HIPERROLL 50L;ATACADAO BA;ATIVO 
896 ATACADAO - VALENCA;REFORCADO 100L;ATACADAO BA;ATIVO 
896 ATACADAO - VALENCA;REFORCADO 200L;ATACADAO BA;ATIVO 
896 ATACADAO - VALENCA;SACOLA 29X39;ATACADAO BA;ATIVO 
896 ATACADAO - VALENCA;SACOLA 29X39 ;ATACADAO BA;ATIVO 
896 ATACADAO - VALENCA;SACOLA 38X48;ATACADAO BA;ATIVO 
896 ATACADAO - VALENCA;SACOLA 38X48 ;ATACADAO BA;ATIVO 
896 ATACADAO - VALENCA;SACOLA VERDE 38X50;ATACADAO BA;ATIVO 
896 ATACADAO - VALENCA;SACOLA VERDE 40X50;ATACADAO BA;ATIVO 
94 ATACADAO - VITORIA CONQUISTA CD;BOBINA 20X30;ATACADAO BA;ATIVO 
94 ATACADAO - VITORIA CONQUISTA CD;BOBINA 25X35;ATACADAO BA;ATIVO 
94 ATACADAO - VITORIA CONQUISTA CD;BOBINA 30X40;ATACADAO BA;ATIVO 
94 ATACADAO - VITORIA CONQUISTA CD;BRAMIL LIXO 100L;ATACADAO BA;ATIVO 
94 ATACADAO - VITORIA CONQUISTA CD;BRAMIL LIXO 100L REF ;ATACADAO BA;ATIVO 
94 ATACADAO - VITORIA CONQUISTA CD;BRAMIL LIXO 15L;ATACADAO BA;ATIVO 
94 ATACADAO - VITORIA CONQUISTA CD;BRAMIL LIXO 200L REF ;ATACADAO BA;ATIVO 
94 ATACADAO - VITORIA CONQUISTA CD;BRAMIL LIXO 30L;ATACADAO BA;ATIVO 
94 ATACADAO - VITORIA CONQUISTA CD;BRAMIL LIXO 50L ;ATACADAO BA;ATIVO 
94 ATACADAO - VITORIA CONQUISTA CD;ECONOMICO 100L;ATACADAO BA;ATIVO 
94 ATACADAO - VITORIA CONQUISTA CD;ECONOMICO 100L ;ATACADAO BA;ATIVO 
94 ATACADAO - VITORIA CONQUISTA CD;ECONOMICO 15L;ATACADAO BA;ATIVO 
94 ATACADAO - VITORIA CONQUISTA CD;ECONOMICO 30L;ATACADAO BA;ATIVO 
94 ATACADAO - VITORIA CONQUISTA CD;ECONOMICO 50L;ATACADAO BA;ATIVO 
94 ATACADAO - VITORIA CONQUISTA CD;HIPERROLL 100L;ATACADAO BA;ATIVO 
94 ATACADAO - VITORIA CONQUISTA CD;HIPERROLL 15L;ATACADAO BA;ATIVO 
94 ATACADAO - VITORIA CONQUISTA CD;HIPERROLL 30L;ATACADAO BA;ATIVO 
94 ATACADAO - VITORIA CONQUISTA CD;HIPERROLL 50L;ATACADAO BA;ATIVO 
94 ATACADAO - VITORIA CONQUISTA CD;REFORCADO 100L;ATACADAO BA;ATIVO 
94 ATACADAO - VITORIA CONQUISTA CD;REFORCADO 200L;ATACADAO BA;ATIVO 
94 ATACADAO - VITORIA CONQUISTA CD;SACOLA 29X39;ATACADAO BA;ATIVO 
94 ATACADAO - VITORIA CONQUISTA CD;SACOLA 29X39 ;ATACADAO BA;ATIVO 
94 ATACADAO - VITORIA CONQUISTA CD;SACOLA 38X48;ATACADAO BA;ATIVO 
94 ATACADAO - VITORIA CONQUISTA CD;SACOLA 38X48 ;ATACADAO BA;ATIVO 
94 ATACADAO - VITORIA CONQUISTA CD;SACOLA VERDE 38X50;ATACADAO BA;ATIVO 
94 ATACADAO - VITORIA CONQUISTA CD;SACOLA VERDE 40X50;ATACADAO BA;ATIVO 
894 ATACADAO - VITORIA CONQUISTA AV PRES DUTRA - BR;BOBINA 20X30;ATACADAO BA;ATIVO 
894 ATACADAO - VITORIA CONQUISTA AV PRES DUTRA - BR;BOBINA 25X35;ATACADAO BA;ATIVO 
894 ATACADAO - VITORIA CONQUISTA AV PRES DUTRA - BR;BOBINA 30X40;ATACADAO BA;ATIVO 
894 ATACADAO - VITORIA CONQUISTA AV PRES DUTRA - BR;BRAMIL LIXO 100L;ATACADAO BA;ATIVO 
894 ATACADAO - VITORIA CONQUISTA AV PRES DUTRA - BR;BRAMIL LIXO 100L REF ;ATACADAO BA;ATIVO 
894 ATACADAO - VITORIA CONQUISTA AV PRES DUTRA - BR;BRAMIL LIXO 15L;ATACADAO BA;ATIVO 
894 ATACADAO - VITORIA CONQUISTA AV PRES DUTRA - BR;BRAMIL LIXO 200L REF ;ATACADAO BA;ATIVO 
894 ATACADAO - VITORIA CONQUISTA AV PRES DUTRA - BR;BRAMIL LIXO 30L;ATACADAO BA;ATIVO 
894 ATACADAO - VITORIA CONQUISTA AV PRES DUTRA - BR;BRAMIL LIXO 50L ;ATACADAO BA;ATIVO 
894 ATACADAO - VITORIA CONQUISTA AV PRES DUTRA - BR;ECONOMICO 100L;ATACADAO BA;ATIVO 
894 ATACADAO - VITORIA CONQUISTA AV PRES DUTRA - BR;ECONOMICO 100L ;ATACADAO BA;ATIVO 
894 ATACADAO - VITORIA CONQUISTA AV PRES DUTRA - BR;ECONOMICO 15L;ATACADAO BA;ATIVO 
894 ATACADAO - VITORIA CONQUISTA AV PRES DUTRA - BR;ECONOMICO 30L;ATACADAO BA;ATIVO 
894 ATACADAO - VITORIA CONQUISTA AV PRES DUTRA - BR;ECONOMICO 50L;ATACADAO BA;ATIVO 
894 ATACADAO - VITORIA CONQUISTA AV PRES DUTRA - BR;HIPERROLL 100L;ATACADAO BA;ATIVO 
894 ATACADAO - VITORIA CONQUISTA AV PRES DUTRA - BR;HIPERROLL 15L;ATACADAO BA;ATIVO 
894 ATACADAO - VITORIA CONQUISTA AV PRES DUTRA - BR;HIPERROLL 30L;ATACADAO BA;ATIVO 
894 ATACADAO - VITORIA CONQUISTA AV PRES DUTRA - BR;HIPERROLL 50L;ATACADAO BA;ATIVO 
894 ATACADAO - VITORIA CONQUISTA AV PRES DUTRA - BR;REFORCADO 100L;ATACADAO BA;ATIVO 
894 ATACADAO - VITORIA CONQUISTA AV PRES DUTRA - BR;REFORCADO 200L;ATACADAO BA;ATIVO 
894 ATACADAO - VITORIA CONQUISTA AV PRES DUTRA - BR;SACOLA 29X39;ATACADAO BA;ATIVO 
894 ATACADAO - VITORIA CONQUISTA AV PRES DUTRA - BR;SACOLA 29X39 ;ATACADAO BA;ATIVO 
894 ATACADAO - VITORIA CONQUISTA AV PRES DUTRA - BR;SACOLA 38X48;ATACADAO BA;ATIVO 
894 ATACADAO - VITORIA CONQUISTA AV PRES DUTRA - BR;SACOLA 38X48 ;ATACADAO BA;ATIVO 
894 ATACADAO - VITORIA CONQUISTA AV PRES DUTRA - BR;SACOLA VERDE 38X50;ATACADAO BA;ATIVO 
894 ATACADAO - VITORIA CONQUISTA AV PRES DUTRA - BR;SACOLA VERDE 40X50;ATACADAO BA;ATIVO 
820 ATACADAO - VITORIA DA CONQUISTA BRUMADO;BOBINA 20X30;ATACADAO BA;ATIVO 
820 ATACADAO - VITORIA DA CONQUISTA BRUMADO;BOBINA 25X35;ATACADAO BA;ATIVO 
820 ATACADAO - VITORIA DA CONQUISTA BRUMADO;BOBINA 30X40;ATACADAO BA;ATIVO 
820 ATACADAO - VITORIA DA CONQUISTA BRUMADO;BRAMIL LIXO 100L;ATACADAO BA;ATIVO 
820 ATACADAO - VITORIA DA CONQUISTA BRUMADO;BRAMIL LIXO 100L REF ;ATACADAO BA;ATIVO 
820 ATACADAO - VITORIA DA CONQUISTA BRUMADO;BRAMIL LIXO 15L;ATACADAO BA;ATIVO 
820 ATACADAO - VITORIA DA CONQUISTA BRUMADO;BRAMIL LIXO 200L REF ;ATACADAO BA;ATIVO 
820 ATACADAO - VITORIA DA CONQUISTA BRUMADO;BRAMIL LIXO 30L;ATACADAO BA;ATIVO 
820 ATACADAO - VITORIA DA CONQUISTA BRUMADO;BRAMIL LIXO 50L ;ATACADAO BA;ATIVO 
820 ATACADAO - VITORIA DA CONQUISTA BRUMADO;ECONOMICO 100L;ATACADAO BA;ATIVO 
820 ATACADAO - VITORIA DA CONQUISTA BRUMADO;ECONOMICO 100L ;ATACADAO BA;ATIVO 
820 ATACADAO - VITORIA DA CONQUISTA BRUMADO;ECONOMICO 15L;ATACADAO BA;ATIVO 
820 ATACADAO - VITORIA DA CONQUISTA BRUMADO;ECONOMICO 30L;ATACADAO BA;ATIVO 
820 ATACADAO - VITORIA DA CONQUISTA BRUMADO;ECONOMICO 50L;ATACADAO BA;ATIVO 
820 ATACADAO - VITORIA DA CONQUISTA BRUMADO;HIPERROLL 100L;ATACADAO BA;ATIVO 
820 ATACADAO - VITORIA DA CONQUISTA BRUMADO;HIPERROLL 15L;ATACADAO BA;ATIVO 
820 ATACADAO - VITORIA DA CONQUISTA BRUMADO;HIPERROLL 30L;ATACADAO BA;ATIVO 
820 ATACADAO - VITORIA DA CONQUISTA BRUMADO;HIPERROLL 50L;ATACADAO BA;ATIVO 
820 ATACADAO - VITORIA DA CONQUISTA BRUMADO;REFORCADO 100L;ATACADAO BA;ATIVO 
820 ATACADAO - VITORIA DA CONQUISTA BRUMADO;REFORCADO 200L;ATACADAO BA;ATIVO 
820 ATACADAO - VITORIA DA CONQUISTA BRUMADO;SACOLA 29X39;ATACADAO BA;ATIVO 
820 ATACADAO - VITORIA DA CONQUISTA BRUMADO;SACOLA 29X39 ;ATACADAO BA;ATIVO 
820 ATACADAO - VITORIA DA CONQUISTA BRUMADO;SACOLA 38X48;ATACADAO BA;ATIVO 
820 ATACADAO - VITORIA DA CONQUISTA BRUMADO;SACOLA 38X48 ;ATACADAO BA;ATIVO 
820 ATACADAO - VITORIA DA CONQUISTA BRUMADO;SACOLA VERDE 38X50;ATACADAO BA;ATIVO 
820 ATACADAO - VITORIA DA CONQUISTA BRUMADO;SACOLA VERDE 40X50;ATACADAO BA;ATIVO 
69 - EMPORIO BAHAMAS UBERLANDIA CENTER SHOPPING;BOBINA 20X30;BAHAMAS;ATIVO 
69 - EMPORIO BAHAMAS UBERLANDIA CENTER SHOPPING;BOBINA 25X35;BAHAMAS;ATIVO 
69 - EMPORIO BAHAMAS UBERLANDIA CENTER SHOPPING;BOBINA 30X40;BAHAMAS;ATIVO 
69 - EMPORIO BAHAMAS UBERLANDIA CENTER SHOPPING;BRAMIL LIXO 100L;BAHAMAS;ATIVO 
69 - EMPORIO BAHAMAS UBERLANDIA CENTER SHOPPING;BRAMIL LIXO 100L REF ;BAHAMAS;ATIVO 
69 - EMPORIO BAHAMAS UBERLANDIA CENTER SHOPPING;BRAMIL LIXO 15L;BAHAMAS;ATIVO 
69 - EMPORIO BAHAMAS UBERLANDIA CENTER SHOPPING;BRAMIL LIXO 200L REF ;BAHAMAS;ATIVO 
69 - EMPORIO BAHAMAS UBERLANDIA CENTER SHOPPING;BRAMIL LIXO 30L;BAHAMAS;ATIVO 
69 - EMPORIO BAHAMAS UBERLANDIA CENTER SHOPPING;BRAMIL LIXO 50L ;BAHAMAS;ATIVO 
69 - EMPORIO BAHAMAS UBERLANDIA CENTER SHOPPING;ECONOMICO 100L;BAHAMAS;ATIVO 
69 - EMPORIO BAHAMAS UBERLANDIA CENTER SHOPPING;ECONOMICO 100L ;BAHAMAS;ATIVO 
69 - EMPORIO BAHAMAS UBERLANDIA CENTER SHOPPING;ECONOMICO 15L;BAHAMAS;ATIVO 
69 - EMPORIO BAHAMAS UBERLANDIA CENTER SHOPPING;ECONOMICO 30L;BAHAMAS;ATIVO 
69 - EMPORIO BAHAMAS UBERLANDIA CENTER SHOPPING;ECONOMICO 50L;BAHAMAS;ATIVO 
69 - EMPORIO BAHAMAS UBERLANDIA CENTER SHOPPING;HIPERROLL 100L;BAHAMAS;ATIVO 
69 - EMPORIO BAHAMAS UBERLANDIA CENTER SHOPPING;HIPERROLL 15L;BAHAMAS;ATIVO 
69 - EMPORIO BAHAMAS UBERLANDIA CENTER SHOPPING;HIPERROLL 30L;BAHAMAS;ATIVO 
69 - EMPORIO BAHAMAS UBERLANDIA CENTER SHOPPING;HIPERROLL 50L;BAHAMAS;ATIVO 
69 - EMPORIO BAHAMAS UBERLANDIA CENTER SHOPPING;REFORCADO 100L;BAHAMAS;ATIVO 
69 - EMPORIO BAHAMAS UBERLANDIA CENTER SHOPPING;REFORCADO 200L;BAHAMAS;ATIVO 
69 - EMPORIO BAHAMAS UBERLANDIA CENTER SHOPPING;SACOLA 29X39;BAHAMAS;ATIVO 
69 - EMPORIO BAHAMAS UBERLANDIA CENTER SHOPPING;SACOLA 29X39 ;BAHAMAS;ATIVO 
69 - EMPORIO BAHAMAS UBERLANDIA CENTER SHOPPING;SACOLA 38X48;BAHAMAS;ATIVO 
69 - EMPORIO BAHAMAS UBERLANDIA CENTER SHOPPING;SACOLA 38X48 ;BAHAMAS;ATIVO 
69 - EMPORIO BAHAMAS UBERLANDIA CENTER SHOPPING;SACOLA VERDE 38X50;BAHAMAS;ATIVO 
69 - EMPORIO BAHAMAS UBERLANDIA CENTER SHOPPING;SACOLA VERDE 40X50;BAHAMAS;ATIVO 
06 - EMPORIO SAO MATEUS;BOBINA 20X30;BAHAMAS JF;ATIVO 
06 - EMPORIO SAO MATEUS;BOBINA 25X35;BAHAMAS JF;ATIVO 
06 - EMPORIO SAO MATEUS;BOBINA 30X40;BAHAMAS JF;ATIVO 
06 - EMPORIO SAO MATEUS;BRAMIL LIXO 100L;BAHAMAS JF;ATIVO 
06 - EMPORIO SAO MATEUS;BRAMIL LIXO 100L REF ;BAHAMAS JF;ATIVO 
06 - EMPORIO SAO MATEUS;BRAMIL LIXO 15L;BAHAMAS JF;ATIVO 
06 - EMPORIO SAO MATEUS;BRAMIL LIXO 200L REF ;BAHAMAS JF;ATIVO 
06 - EMPORIO SAO MATEUS;BRAMIL LIXO 30L;BAHAMAS JF;ATIVO 
06 - EMPORIO SAO MATEUS;BRAMIL LIXO 50L ;BAHAMAS JF;ATIVO 
06 - EMPORIO SAO MATEUS;ECONOMICO 100L;BAHAMAS JF;ATIVO 
06 - EMPORIO SAO MATEUS;ECONOMICO 100L ;BAHAMAS JF;ATIVO 
06 - EMPORIO SAO MATEUS;ECONOMICO 15L;BAHAMAS JF;ATIVO 
06 - EMPORIO SAO MATEUS;ECONOMICO 30L;BAHAMAS JF;ATIVO 
06 - EMPORIO SAO MATEUS;ECONOMICO 50L;BAHAMAS JF;ATIVO 
06 - EMPORIO SAO MATEUS;HIPERROLL 100L;BAHAMAS JF;ATIVO 
06 - EMPORIO SAO MATEUS;HIPERROLL 15L;BAHAMAS JF;ATIVO 
06 - EMPORIO SAO MATEUS;HIPERROLL 30L;BAHAMAS JF;ATIVO 
06 - EMPORIO SAO MATEUS;HIPERROLL 50L;BAHAMAS JF;ATIVO 
06 - EMPORIO SAO MATEUS;REFORCADO 100L;BAHAMAS JF;ATIVO 
06 - EMPORIO SAO MATEUS;REFORCADO 200L;BAHAMAS JF;ATIVO 
06 - EMPORIO SAO MATEUS;SACOLA 29X39;BAHAMAS JF;ATIVO 
06 - EMPORIO SAO MATEUS;SACOLA 29X39 ;BAHAMAS JF;ATIVO 
06 - EMPORIO SAO MATEUS;SACOLA 38X48;BAHAMAS JF;ATIVO 
06 - EMPORIO SAO MATEUS;SACOLA 38X48 ;BAHAMAS JF;ATIVO 
06 - EMPORIO SAO MATEUS;SACOLA VERDE 38X50;BAHAMAS JF;ATIVO 
06 - EMPORIO SAO MATEUS;SACOLA VERDE 40X50;BAHAMAS JF;ATIVO 
22 - EMPORIO RIO BRANCO;BOBINA 20X30;BAHAMAS JF;ATIVO 
22 - EMPORIO RIO BRANCO;BOBINA 25X35;BAHAMAS JF;ATIVO 
22 - EMPORIO RIO BRANCO;BOBINA 30X40;BAHAMAS JF;ATIVO 
22 - EMPORIO RIO BRANCO;BRAMIL LIXO 100L;BAHAMAS JF;ATIVO 
22 - EMPORIO RIO BRANCO;BRAMIL LIXO 100L REF ;BAHAMAS JF;ATIVO 
22 - EMPORIO RIO BRANCO;BRAMIL LIXO 15L;BAHAMAS JF;ATIVO 
22 - EMPORIO RIO BRANCO;BRAMIL LIXO 200L REF ;BAHAMAS JF;ATIVO 
22 - EMPORIO RIO BRANCO;BRAMIL LIXO 30L;BAHAMAS JF;ATIVO 
22 - EMPORIO RIO BRANCO;BRAMIL LIXO 50L ;BAHAMAS JF;ATIVO 
22 - EMPORIO RIO BRANCO;ECONOMICO 100L;BAHAMAS JF;ATIVO 
22 - EMPORIO RIO BRANCO;ECONOMICO 100L ;BAHAMAS JF;ATIVO 
22 - EMPORIO RIO BRANCO;ECONOMICO 15L;BAHAMAS JF;ATIVO 
22 - EMPORIO RIO BRANCO;ECONOMICO 30L;BAHAMAS JF;ATIVO 
22 - EMPORIO RIO BRANCO;ECONOMICO 50L;BAHAMAS JF;ATIVO 
22 - EMPORIO RIO BRANCO;HIPERROLL 100L;BAHAMAS JF;ATIVO 
22 - EMPORIO RIO BRANCO;HIPERROLL 15L;BAHAMAS JF;ATIVO 
22 - EMPORIO RIO BRANCO;HIPERROLL 30L;BAHAMAS JF;ATIVO 
22 - EMPORIO RIO BRANCO;HIPERROLL 50L;BAHAMAS JF;ATIVO 
22 - EMPORIO RIO BRANCO;REFORCADO 100L;BAHAMAS JF;ATIVO 
22 - EMPORIO RIO BRANCO;REFORCADO 200L;BAHAMAS JF;ATIVO 
22 - EMPORIO RIO BRANCO;SACOLA 29X39;BAHAMAS JF;ATIVO 
22 - EMPORIO RIO BRANCO;SACOLA 29X39 ;BAHAMAS JF;ATIVO 
22 - EMPORIO RIO BRANCO;SACOLA 38X48;BAHAMAS JF;ATIVO 
22 - EMPORIO RIO BRANCO;SACOLA 38X48 ;BAHAMAS JF;ATIVO 
22 - EMPORIO RIO BRANCO;SACOLA VERDE 38X50;BAHAMAS JF;ATIVO 
22 - EMPORIO RIO BRANCO;SACOLA VERDE 40X50;BAHAMAS JF;ATIVO 
24 - EMPORIO CASCATINHA;BOBINA 20X30;BAHAMAS JF;ATIVO 
24 - EMPORIO CASCATINHA;BOBINA 25X35;BAHAMAS JF;ATIVO 
24 - EMPORIO CASCATINHA;BOBINA 30X40;BAHAMAS JF;ATIVO 
24 - EMPORIO CASCATINHA;BRAMIL LIXO 100L;BAHAMAS JF;ATIVO 
24 - EMPORIO CASCATINHA;BRAMIL LIXO 100L REF ;BAHAMAS JF;ATIVO 
24 - EMPORIO CASCATINHA;BRAMIL LIXO 15L;BAHAMAS JF;ATIVO 
24 - EMPORIO CASCATINHA;BRAMIL LIXO 200L REF ;BAHAMAS JF;ATIVO 
24 - EMPORIO CASCATINHA;BRAMIL LIXO 30L;BAHAMAS JF;ATIVO 
24 - EMPORIO CASCATINHA;BRAMIL LIXO 50L ;BAHAMAS JF;ATIVO 
24 - EMPORIO CASCATINHA;ECONOMICO 100L;BAHAMAS JF;ATIVO 
24 - EMPORIO CASCATINHA;ECONOMICO 100L ;BAHAMAS JF;ATIVO 
24 - EMPORIO CASCATINHA;ECONOMICO 15L;BAHAMAS JF;ATIVO 
24 - EMPORIO CASCATINHA;ECONOMICO 30L;BAHAMAS JF;ATIVO 
24 - EMPORIO CASCATINHA;ECONOMICO 50L;BAHAMAS JF;ATIVO 
24 - EMPORIO CASCATINHA;HIPERROLL 100L;BAHAMAS JF;ATIVO 
24 - EMPORIO CASCATINHA;HIPERROLL 15L;BAHAMAS JF;ATIVO 
24 - EMPORIO CASCATINHA;HIPERROLL 30L;BAHAMAS JF;ATIVO 
24 - EMPORIO CASCATINHA;HIPERROLL 50L;BAHAMAS JF;ATIVO 
24 - EMPORIO CASCATINHA;REFORCADO 100L;BAHAMAS JF;ATIVO 
24 - EMPORIO CASCATINHA;REFORCADO 200L;BAHAMAS JF;ATIVO 
24 - EMPORIO CASCATINHA;SACOLA 29X39;BAHAMAS JF;ATIVO 
24 - EMPORIO CASCATINHA;SACOLA 29X39 ;BAHAMAS JF;ATIVO 
24 - EMPORIO CASCATINHA;SACOLA 38X48;BAHAMAS JF;ATIVO 
24 - EMPORIO CASCATINHA;SACOLA 38X48 ;BAHAMAS JF;ATIVO 
24 - EMPORIO CASCATINHA;SACOLA VERDE 38X50;BAHAMAS JF;ATIVO 
24 - EMPORIO CASCATINHA;SACOLA VERDE 40X50;BAHAMAS JF;ATIVO 
29 - EMPORIO SANTO ANTONIO;BOBINA 20X30;BAHAMAS JF;ATIVO 
29 - EMPORIO SANTO ANTONIO;BOBINA 25X35;BAHAMAS JF;ATIVO 
29 - EMPORIO SANTO ANTONIO;BOBINA 30X40;BAHAMAS JF;ATIVO 
29 - EMPORIO SANTO ANTONIO;BRAMIL LIXO 100L;BAHAMAS JF;ATIVO 
29 - EMPORIO SANTO ANTONIO;BRAMIL LIXO 100L REF ;BAHAMAS JF;ATIVO 
29 - EMPORIO SANTO ANTONIO;BRAMIL LIXO 15L;BAHAMAS JF;ATIVO 
29 - EMPORIO SANTO ANTONIO;BRAMIL LIXO 200L REF ;BAHAMAS JF;ATIVO 
29 - EMPORIO SANTO ANTONIO;BRAMIL LIXO 30L;BAHAMAS JF;ATIVO 
29 - EMPORIO SANTO ANTONIO;BRAMIL LIXO 50L ;BAHAMAS JF;ATIVO 
29 - EMPORIO SANTO ANTONIO;ECONOMICO 100L;BAHAMAS JF;ATIVO 
29 - EMPORIO SANTO ANTONIO;ECONOMICO 100L ;BAHAMAS JF;ATIVO 
29 - EMPORIO SANTO ANTONIO;ECONOMICO 15L;BAHAMAS JF;ATIVO 
29 - EMPORIO SANTO ANTONIO;ECONOMICO 30L;BAHAMAS JF;ATIVO 
29 - EMPORIO SANTO ANTONIO;ECONOMICO 50L;BAHAMAS JF;ATIVO 
29 - EMPORIO SANTO ANTONIO;HIPERROLL 100L;BAHAMAS JF;ATIVO 
29 - EMPORIO SANTO ANTONIO;HIPERROLL 15L;BAHAMAS JF;ATIVO 
29 - EMPORIO SANTO ANTONIO;HIPERROLL 30L;BAHAMAS JF;ATIVO 
29 - EMPORIO SANTO ANTONIO;HIPERROLL 50L;BAHAMAS JF;ATIVO 
29 - EMPORIO SANTO ANTONIO;REFORCADO 100L;BAHAMAS JF;ATIVO 
29 - EMPORIO SANTO ANTONIO;REFORCADO 200L;BAHAMAS JF;ATIVO 
29 - EMPORIO SANTO ANTONIO;SACOLA 29X39;BAHAMAS JF;ATIVO 
29 - EMPORIO SANTO ANTONIO;SACOLA 29X39 ;BAHAMAS JF;ATIVO 
29 - EMPORIO SANTO ANTONIO;SACOLA 38X48;BAHAMAS JF;ATIVO 
29 - EMPORIO SANTO ANTONIO;SACOLA 38X48 ;BAHAMAS JF;ATIVO 
29 - EMPORIO SANTO ANTONIO;SACOLA VERDE 38X50;BAHAMAS JF;ATIVO 
29 - EMPORIO SANTO ANTONIO;SACOLA VERDE 40X50;BAHAMAS JF;ATIVO 
